{
"type": "FeatureCollection",
"name": "LA_map",
"crs": { "type": "name", "properties": { "name": "urn:ogc:def:crs:OGC:1.3:CRS84" } },
"features": [
{ "type": "Feature", "properties": { "GID_2": "USA.5.19_1", "GID_0": "USA", "COUNTRY": "United States", "GID_1": "USA.5_1", "NAME_1": "California", "NL_NAME_1": "NA", "NAME_2": "Los Angeles", "VARNAME_2": "NA", "NL_NAME_2": "NA", "TYPE_2": "County", "ENGTYPE_2": "County", "CC_2": "NA", "HASC_2": "US.CA.LO", "area": 10582.858821100001, "Mix": 0.66339816851422195 }, "geometry": { "type": "MultiPolygon", "coordinates": [ [ [ [ -118.432777, 32.802501999000185 ], [ -118.432731998999827, 32.802784000000145 ], [ -118.432777, 32.803001000000165 ], [ -118.432793001, 32.803097 ], [ -118.432686, 32.803326 ], [ -118.43248, 32.803719 ], [ -118.432364998999901, 32.803932 ], [ -118.432212998999944, 32.804095999000083 ], [ -118.431823998999903, 32.804504000000179 ], [ -118.431396, 32.804871000000162 ], [ -118.430908, 32.804688000000112 ], [ -118.430526999, 32.804278999000132 ], [ -118.430458, 32.804211 ], [ -118.430351000999906, 32.803520000000105 ], [ -118.430367, 32.803431999 ], [ -118.430565000999934, 32.802731 ], [ -118.430976998999938, 32.802116001 ], [ -118.431587000999855, 32.801758000000177 ], [ -118.432190000999924, 32.801880000000153 ], [ -118.432655, 32.802292001000183 ], [ -118.432777, 32.802501999000185 ] ] ], [ [ [ -118.590134, 33.030502000000126 ], [ -118.590011999999888, 33.030151 ], [ -118.589675999999884, 33.029705 ], [ -118.589233, 33.029423 ], [ -118.588753, 33.029175000000123 ], [ -118.588676, 33.029133 ], [ -118.588256999999828, 33.028957 ], [ -118.587708, 33.028687000000104 ], [ -118.587204, 33.028645000000154 ], [ -118.586906, 33.028622 ], [ -118.586722999999893, 33.028698 ], [ -118.58622, 33.028805 ], [ -118.585723999999857, 33.028969000000131 ], [ -118.585258, 33.029194000000132 ], [ -118.584801, 33.029457 ], [ -118.58429, 33.029724000000101 ], [ -118.583893, 33.030048 ], [ -118.583816999999897, 33.030109000000152 ], [ -118.583458, 33.030399000000159 ], [ -118.582924, 33.030643000000111 ], [ -118.582367, 33.030869000000166 ], [ -118.58223, 33.030899000000147 ], [ -118.581779, 33.031036 ], [ -118.581131, 33.031063000000188 ], [ -118.580551, 33.030952 ], [ -118.5802, 33.030949000000192 ], [ -118.580002, 33.030945 ], [ -118.579436999999871, 33.030979000000173 ], [ -118.57893399999989, 33.031178000000125 ], [ -118.578613, 33.031387 ], [ -118.578391999999894, 33.031605000000127 ], [ -118.578316, 33.031643 ], [ -118.57805599999989, 33.031666 ], [ -118.577843, 33.031879 ], [ -118.577812, 33.03196 ], [ -118.577727999999865, 33.03219600000017 ], [ -118.577545, 33.032528 ], [ -118.577392999999859, 33.032780000000173 ], [ -118.577133, 33.033016000000146 ], [ -118.576706, 33.033363 ], [ -118.576385, 33.033611000000178 ], [ -118.575928, 33.034119 ], [ -118.575836, 33.034168 ], [ -118.575279, 33.034168 ], [ -118.574936, 33.033913 ], [ -118.574997, 33.033611000000178 ], [ -118.574707, 33.033325000000161 ], [ -118.574127, 33.032879 ], [ -118.573959, 33.032677000000149 ], [ -118.573821999999893, 33.032543 ], [ -118.573318, 33.032059000000174 ], [ -118.573356999999874, 33.031555 ], [ -118.573257, 33.031376000000193 ], [ -118.573279999999897, 33.031059 ], [ -118.573181, 33.030735 ], [ -118.572838, 33.030479000000184 ], [ -118.572418, 33.030258 ], [ -118.571975999999893, 33.030037 ], [ -118.571525999999892, 33.029816 ], [ -118.571083, 33.029579000000183 ], [ -118.570496, 33.029480000000149 ], [ -118.569724999999835, 33.029480000000149 ], [ -118.569443, 33.029167 ], [ -118.569206, 33.028893 ], [ -118.569122, 33.028748000000178 ], [ -118.568748, 33.028713 ], [ -118.568397999999888, 33.028469000000143 ], [ -118.567383, 33.02771 ], [ -118.566855999999859, 33.027233 ], [ -118.56675, 33.027073000000144 ], [ -118.566635, 33.026974000000109 ], [ -118.566108999999869, 33.026390000000106 ], [ -118.566108999999869, 33.026112000000182 ], [ -118.565002, 33.025002 ], [ -118.564811999999847, 33.025032000000181 ], [ -118.564705, 33.025051000000133 ], [ -118.564445, 33.024723 ], [ -118.564163, 33.024723 ], [ -118.563614, 33.024166 ], [ -118.563499, 33.024025000000165 ], [ -118.563454, 33.023911000000169 ], [ -118.563332, 33.023613000000182 ], [ -118.563332, 33.023335 ], [ -118.563904, 33.022778000000187 ], [ -118.563889, 33.022095 ], [ -118.563934, 33.021961 ], [ -118.564087, 33.021484 ], [ -118.564415, 33.020920000000103 ], [ -118.564354, 33.020138 ], [ -118.564804, 33.019348 ], [ -118.564461, 33.018829000000153 ], [ -118.564217, 33.018272 ], [ -118.563889, 33.017776 ], [ -118.563599, 33.017517000000112 ], [ -118.563217, 33.016911 ], [ -118.562927, 33.016277000000173 ], [ -118.562553, 33.015652000000159 ], [ -118.562469, 33.015602000000115 ], [ -118.562126, 33.015251 ], [ -118.561829, 33.014839 ], [ -118.561752, 33.014645000000144 ], [ -118.561676, 33.014553 ], [ -118.561623, 33.014168 ], [ -118.561516, 33.013802 ], [ -118.561386, 33.013611 ], [ -118.561157, 33.013287 ], [ -118.561127, 33.013199 ], [ -118.561127, 33.013123000000178 ], [ -118.561110999999869, 33.012779000000137 ], [ -118.561096, 33.012512 ], [ -118.56103499999989, 33.011848 ], [ -118.561066, 33.011082 ], [ -118.561134, 33.010944000000165 ], [ -118.561187999999845, 33.010834000000159 ], [ -118.560988999999893, 33.010578 ], [ -118.560852, 33.010056 ], [ -118.560837, 33.009167 ], [ -118.560509, 33.008976 ], [ -118.560341, 33.008465 ], [ -118.560287, 33.00836900000013 ], [ -118.560036, 33.007854000000123 ], [ -118.559753, 33.007294000000172 ], [ -118.559708, 33.007217 ], [ -118.559387, 33.006714000000102 ], [ -118.558982999999898, 33.006203000000141 ], [ -118.558495, 33.005882 ], [ -118.557991, 33.005798 ], [ -118.557570999999882, 33.005978000000141 ], [ -118.556839, 33.005753 ], [ -118.556747, 33.005638 ], [ -118.556557, 33.005402000000117 ], [ -118.556038, 33.005215 ], [ -118.555725, 33.005302 ], [ -118.555534, 33.005356 ], [ -118.554993, 33.005493000000172 ], [ -118.554504, 33.005676 ], [ -118.553947, 33.005539 ], [ -118.553405999999882, 33.005310000000122 ], [ -118.552826, 33.005005 ], [ -118.55232199999989, 33.004715 ], [ -118.55188, 33.004272 ], [ -118.551392, 33.003929 ], [ -118.550896, 33.003582000000165 ], [ -118.55043, 33.003212 ], [ -118.550025999999889, 33.00279200000017 ], [ -118.549629, 33.002361 ], [ -118.549164, 33.001976000000127 ], [ -118.548584, 33.001709 ], [ -118.547774999999831, 33.000832000000173 ], [ -118.547774999999831, 33.000671000000182 ], [ -118.547729, 33.000584 ], [ -118.547539, 33.000099 ], [ -118.54747, 33.000046000000168 ], [ -118.547226, 32.99972200000019 ], [ -118.547035, 32.99972200000019 ], [ -118.546943999999883, 32.99972200000019 ], [ -118.546669, 32.999443000000156 ], [ -118.546897999999828, 32.999214 ], [ -118.546669, 32.99889 ], [ -118.546791, 32.998764000000108 ], [ -118.546943999999883, 32.998611 ], [ -118.546943999999883, 32.998333000000173 ], [ -118.546691999999837, 32.998108 ], [ -118.546669, 32.997776000000101 ], [ -118.546485999999845, 32.997597 ], [ -118.546112, 32.99722300000019 ], [ -118.546112, 32.996944000000155 ], [ -118.546188, 32.99686800000012 ], [ -118.546387, 32.996666 ], [ -118.546387, 32.996387 ], [ -118.546081999999899, 32.996094 ], [ -118.546181, 32.995285 ], [ -118.546387, 32.994999000000178 ], [ -118.546158, 32.994717 ], [ -118.546043, 32.994118000000128 ], [ -118.54583, 32.993889 ], [ -118.545593, 32.993896 ], [ -118.545593, 32.992222 ], [ -118.545639, 32.99216500000017 ], [ -118.54583, 32.991943000000106 ], [ -118.54583, 32.990555 ], [ -118.545555, 32.990276 ], [ -118.545273, 32.990288000000135 ], [ -118.544982999999831, 32.990002 ], [ -118.544982999999831, 32.988892 ], [ -118.544411, 32.988369000000148 ], [ -118.544167, 32.988335000000177 ], [ -118.543053, 32.986389 ], [ -118.543335, 32.986111 ], [ -118.543335, 32.985554 ], [ -118.543091, 32.985317 ], [ -118.543053, 32.985001000000182 ], [ -118.54248, 32.984497 ], [ -118.542221, 32.984165000000132 ], [ -118.541961999999899, 32.984165000000132 ], [ -118.541939, 32.983536000000129 ], [ -118.541739999999891, 32.982914000000164 ], [ -118.541404999999884, 32.98234900000017 ], [ -118.541016, 32.981873000000178 ], [ -118.540534999999863, 32.981373 ], [ -118.540009, 32.980991 ], [ -118.539429, 32.980713000000151 ], [ -118.538818, 32.980713000000151 ], [ -118.538239, 32.980404000000135 ], [ -118.538231, 32.980301000000168 ], [ -118.538207999999884, 32.979992000000152 ], [ -118.537949, 32.979641 ], [ -118.53788, 32.979591 ], [ -118.537521, 32.979187 ], [ -118.537109, 32.978882000000169 ], [ -118.536682, 32.978516 ], [ -118.536316, 32.978088000000184 ], [ -118.535851, 32.977798000000178 ], [ -118.535355, 32.977524 ], [ -118.534805, 32.977329000000111 ], [ -118.53421, 32.97718 ], [ -118.533653, 32.976933 ], [ -118.533127, 32.976608000000112 ], [ -118.532631, 32.976204000000109 ], [ -118.532219, 32.975834 ], [ -118.531982, 32.976074 ], [ -118.53167, 32.976112000000114 ], [ -118.530861, 32.975307000000157 ], [ -118.53083, 32.974998000000141 ], [ -118.53064, 32.974808 ], [ -118.530579, 32.974670000000174 ], [ -118.530556, 32.974445 ], [ -118.529724, 32.97361 ], [ -118.529442, 32.97361 ], [ -118.529167, 32.973331 ], [ -118.529167, 32.973083000000145 ], [ -118.529167, 32.972778000000119 ], [ -118.528809, 32.97247300000015 ], [ -118.528938, 32.971954000000153 ], [ -118.529167, 32.971668000000136 ], [ -118.529167, 32.971157000000119 ], [ -118.52832, 32.970276 ], [ -118.527496, 32.970276 ], [ -118.527222, 32.970001 ], [ -118.52639, 32.969166 ], [ -118.526108, 32.968887 ], [ -118.525832999999864, 32.968613000000119 ], [ -118.52507, 32.96785 ], [ -118.524986, 32.967804000000172 ], [ -118.524719, 32.967499000000146 ], [ -118.524475, 32.967529000000127 ], [ -118.52417, 32.967224000000158 ], [ -118.523910999999885, 32.967224000000158 ], [ -118.523727, 32.967052000000137 ], [ -118.523605, 32.966957 ], [ -118.523056, 32.966389000000163 ], [ -118.522781, 32.966110000000185 ], [ -118.522499, 32.965832 ], [ -118.521912, 32.965881 ], [ -118.521111, 32.965000000000146 ], [ -118.521111, 32.964722 ], [ -118.520835999999861, 32.964443 ], [ -118.520279, 32.963890000000163 ], [ -118.519997, 32.963612 ], [ -118.51973, 32.963337 ], [ -118.519722, 32.963055000000168 ], [ -118.51889, 32.962223 ], [ -118.518608, 32.961945000000185 ], [ -118.516815, 32.960144000000184 ], [ -118.516677999999899, 32.959991000000116 ], [ -118.516669999999863, 32.959721000000172 ], [ -118.516387999999893, 32.959446000000185 ], [ -118.516113, 32.95916700000015 ], [ -118.516113, 32.958889 ], [ -118.515831, 32.95861100000019 ], [ -118.515594, 32.958374000000106 ], [ -118.515556, 32.957779 ], [ -118.515274, 32.9575 ], [ -118.515274, 32.957222000000172 ], [ -118.514999, 32.956944 ], [ -118.514442, 32.95639 ], [ -118.514007999999876, 32.95639 ], [ -118.513893, 32.956364 ], [ -118.513611, 32.956112000000189 ], [ -118.513611, 32.955833 ], [ -118.512573, 32.954800000000148 ], [ -118.512512, 32.954712000000143 ], [ -118.51162, 32.953938 ], [ -118.511665, 32.953609 ], [ -118.511391, 32.953335 ], [ -118.511130999999864, 32.953335 ], [ -118.510002, 32.952221000000122 ], [ -118.509666, 32.95197700000017 ], [ -118.50972, 32.951668 ], [ -118.509399, 32.951408000000185 ], [ -118.509445, 32.951111 ], [ -118.509239, 32.950905 ], [ -118.509178, 32.950821 ], [ -118.509163, 32.950554000000182 ], [ -118.508606, 32.950073 ], [ -118.508056999999894, 32.949444 ], [ -118.507614, 32.949444 ], [ -118.5075, 32.949444 ], [ -118.506943, 32.948891000000117 ], [ -118.506943, 32.94877600000018 ], [ -118.506943, 32.948334 ], [ -118.507202, 32.94812 ], [ -118.507286, 32.946949000000188 ], [ -118.507293999999888, 32.946873 ], [ -118.5075, 32.946667000000105 ], [ -118.5075, 32.946388000000127 ], [ -118.506668, 32.945557000000122 ], [ -118.506203, 32.945557000000122 ], [ -118.506111, 32.945557000000122 ], [ -118.506111, 32.945419 ], [ -118.506111, 32.945 ], [ -118.505814, 32.945023000000162 ], [ -118.505493, 32.944702 ], [ -118.504143, 32.943302 ], [ -118.504165999999827, 32.943054000000132 ], [ -118.503853, 32.942802 ], [ -118.503760999999884, 32.94265 ], [ -118.503654, 32.942474000000118 ], [ -118.502777, 32.940834000000109 ], [ -118.502777, 32.940556 ], [ -118.502502, 32.940277 ], [ -118.502319, 32.940277 ], [ -118.50222, 32.940277 ], [ -118.50222, 32.940144 ], [ -118.50222, 32.939999000000114 ], [ -118.501891999999884, 32.939697 ], [ -118.501945, 32.939445000000148 ], [ -118.501663, 32.939167 ], [ -118.501572, 32.939167 ], [ -118.501389, 32.939167 ], [ -118.50116, 32.938942 ], [ -118.500832, 32.938610000000153 ], [ -118.500557, 32.938610000000153 ], [ -118.500275, 32.938332 ], [ -118.5, 32.938332 ], [ -118.49894, 32.93727500000017 ], [ -118.498901, 32.937214 ], [ -118.498885999999857, 32.936943 ], [ -118.498413, 32.936466 ], [ -118.498351999999898, 32.936378 ], [ -118.498343999999861, 32.936275 ], [ -118.498337, 32.936111000000153 ], [ -118.498055, 32.935833 ], [ -118.497887, 32.935833 ], [ -118.49778, 32.935833 ], [ -118.49778, 32.935619 ], [ -118.49778, 32.935276000000158 ], [ -118.497452, 32.935032 ], [ -118.497498, 32.934723 ], [ -118.497162, 32.934479000000124 ], [ -118.497055, 32.934277 ], [ -118.496941, 32.934170000000108 ], [ -118.494957, 32.932266000000141 ], [ -118.494842999999889, 32.932110000000193 ], [ -118.494719999999859, 32.931946000000153 ], [ -118.494446, 32.931667000000118 ], [ -118.494164, 32.931389 ], [ -118.493622, 32.931389 ], [ -118.493454, 32.931229000000144 ], [ -118.493324, 32.931114 ], [ -118.492744, 32.930595 ], [ -118.492637999999886, 32.930462 ], [ -118.492522999999892, 32.930264 ], [ -118.4925, 32.93 ], [ -118.492187999999885, 32.929688000000169 ], [ -118.492226, 32.929443000000163 ], [ -118.491943, 32.929165 ], [ -118.491768, 32.929165 ], [ -118.491669, 32.929165 ], [ -118.491524, 32.92902400000014 ], [ -118.491386, 32.92889 ], [ -118.491089, 32.928894 ], [ -118.490837, 32.928612000000157 ], [ -118.490524, 32.928646000000128 ], [ -118.49028, 32.92833300000018 ], [ -118.489998, 32.928055 ], [ -118.489722999999856, 32.927776 ], [ -118.489394999999888, 32.927826000000152 ], [ -118.489166, 32.927502000000118 ], [ -118.488845999999853, 32.927254 ], [ -118.488586, 32.92688 ], [ -118.487778, 32.926945 ], [ -118.487183, 32.926388000000145 ], [ -118.487143999999887, 32.925514000000135 ], [ -118.486389, 32.924721 ], [ -118.485557999999855, 32.923889000000145 ], [ -118.485413, 32.923889000000145 ], [ -118.485274999999888, 32.923889000000145 ], [ -118.484985, 32.923523000000102 ], [ -118.485001, 32.923332 ], [ -118.483368, 32.923332 ], [ -118.483063, 32.923298000000102 ], [ -118.48278, 32.923054 ], [ -118.482498, 32.923054 ], [ -118.482224, 32.922779000000162 ], [ -118.481667, 32.922222 ], [ -118.48143, 32.922222 ], [ -118.481079, 32.921925 ], [ -118.480553, 32.921894000000123 ], [ -118.480278, 32.921665000000189 ], [ -118.479996, 32.921677000000102 ], [ -118.478615, 32.920277000000112 ], [ -118.478394, 32.920288 ], [ -118.477219, 32.919167 ], [ -118.476913, 32.919209 ], [ -118.476837, 32.91910600000017 ], [ -118.476669, 32.918888 ], [ -118.476105, 32.918934000000149 ], [ -118.47583, 32.918610000000172 ], [ -118.475296, 32.918610000000172 ], [ -118.475142999999889, 32.918468000000132 ], [ -118.474998, 32.918335000000184 ], [ -118.474022, 32.918335000000184 ], [ -118.473618, 32.918285000000139 ], [ -118.473557, 32.918228 ], [ -118.473053, 32.917778000000112 ], [ -118.472504, 32.917778000000112 ], [ -118.472221, 32.917500000000189 ], [ -118.471657, 32.91753000000017 ], [ -118.471458, 32.917305 ], [ -118.471443, 32.917210000000182 ], [ -118.471344, 32.916901000000166 ], [ -118.470558, 32.916111000000171 ], [ -118.470275999999899, 32.915833 ], [ -118.469666, 32.915833 ], [ -118.469467, 32.915768 ], [ -118.46933, 32.915668 ], [ -118.46917, 32.9155540000001 ], [ -118.468887, 32.915569000000119 ], [ -118.468612999999891, 32.915279000000112 ], [ -118.46833, 32.915001000000188 ], [ -118.468056, 32.915005000000178 ], [ -118.467780999999889, 32.914722 ], [ -118.467606, 32.914722 ], [ -118.467528999999899, 32.914673 ], [ -118.466354, 32.913658 ], [ -118.466225, 32.913486 ], [ -118.466118, 32.913330000000144 ], [ -118.46611, 32.913055 ], [ -118.465836, 32.912777000000176 ], [ -118.465553, 32.912498 ], [ -118.465416, 32.912498 ], [ -118.465294, 32.912457000000188 ], [ -118.46521, 32.91243 ], [ -118.464996, 32.912224 ], [ -118.464782999999898, 32.912292 ], [ -118.464417, 32.911926000000108 ], [ -118.464165, 32.911667000000193 ], [ -118.463928, 32.911682 ], [ -118.463333, 32.911110000000122 ], [ -118.463058, 32.911110000000122 ], [ -118.462776, 32.910831000000144 ], [ -118.462608, 32.911007 ], [ -118.462502, 32.911110000000122 ], [ -118.462303, 32.910915000000159 ], [ -118.462219, 32.910831000000144 ], [ -118.462219, 32.910557 ], [ -118.461945, 32.910278000000176 ], [ -118.46167, 32.910278000000176 ], [ -118.461388, 32.91 ], [ -118.461105, 32.910004 ], [ -118.460280999999895, 32.909168000000193 ], [ -118.460045, 32.909126 ], [ -118.459999, 32.90889 ], [ -118.458313, 32.907288 ], [ -118.458054, 32.906944 ], [ -118.457779, 32.906666000000143 ], [ -118.457466, 32.906406000000118 ], [ -118.457497, 32.906113000000175 ], [ -118.457222, 32.905834 ], [ -118.456947, 32.905556000000104 ], [ -118.456108, 32.904724 ], [ -118.455833, 32.904446000000121 ], [ -118.455276, 32.903889 ], [ -118.455276, 32.90361 ], [ -118.455002, 32.903332000000148 ], [ -118.45472, 32.903057000000103 ], [ -118.45472, 32.902779 ], [ -118.45440699999989, 32.902527000000134 ], [ -118.454444999999851, 32.902222000000108 ], [ -118.454216, 32.901989 ], [ -118.45417, 32.90139 ], [ -118.453574999999887, 32.901409000000172 ], [ -118.453368999999896, 32.900997000000189 ], [ -118.453308, 32.900879 ], [ -118.453331, 32.900555 ], [ -118.453056, 32.900276 ], [ -118.452774, 32.900002000000143 ], [ -118.452225, 32.900002000000143 ], [ -118.451942, 32.900017000000105 ], [ -118.451714, 32.899826000000132 ], [ -118.451294, 32.899326000000144 ], [ -118.450806, 32.898926 ], [ -118.450240999999892, 32.898445 ], [ -118.449722, 32.898056 ], [ -118.449523999999826, 32.898315000000139 ], [ -118.448608, 32.897499000000153 ], [ -118.448334, 32.897221 ], [ -118.448059, 32.896946 ], [ -118.44722, 32.896111 ], [ -118.446945, 32.895832 ], [ -118.446945, 32.895557 ], [ -118.44635, 32.895023 ], [ -118.446259, 32.894867000000147 ], [ -118.446113999999852, 32.894722 ], [ -118.445915, 32.894722 ], [ -118.445557, 32.894722 ], [ -118.445312, 32.894470000000183 ], [ -118.445274, 32.894165000000157 ], [ -118.445007, 32.893921 ], [ -118.444397, 32.893921 ], [ -118.443786999999872, 32.893677 ], [ -118.443352, 32.893379000000152 ], [ -118.442909, 32.892982000000131 ], [ -118.442368, 32.892563000000109 ], [ -118.441978, 32.892193 ], [ -118.441895, 32.89209 ], [ -118.441437, 32.891575000000103 ], [ -118.441055, 32.891472 ], [ -118.440659, 32.891552000000161 ], [ -118.440453, 32.891438000000107 ], [ -118.4403, 32.891350000000102 ], [ -118.43988, 32.891113 ], [ -118.439445, 32.890835000000152 ], [ -118.438918999999885, 32.890797000000191 ], [ -118.438057, 32.889999 ], [ -118.437775, 32.889721000000179 ], [ -118.437499999999886, 32.889446000000135 ], [ -118.436667999999884, 32.888611000000139 ], [ -118.436111, 32.888054 ], [ -118.435837, 32.887779 ], [ -118.435349, 32.887287 ], [ -118.435265, 32.887257 ], [ -118.434997999999894, 32.886944 ], [ -118.434692, 32.886978 ], [ -118.434448, 32.886665000000107 ], [ -118.433891, 32.886112000000139 ], [ -118.433723, 32.886112000000139 ], [ -118.433632, 32.886063 ], [ -118.433479, 32.885979000000191 ], [ -118.433052, 32.885555 ], [ -118.43277, 32.885571000000141 ], [ -118.431641, 32.88470800000016 ], [ -118.431663999999898, 32.884445 ], [ -118.431389, 32.884167000000161 ], [ -118.431099, 32.884186000000113 ], [ -118.429726, 32.882778 ], [ -118.42941999999988, 32.882805 ], [ -118.428336999999885, 32.881668000000161 ], [ -118.428101, 32.881714 ], [ -118.427757, 32.881413 ], [ -118.426665999999898, 32.88028 ], [ -118.426392, 32.880001000000107 ], [ -118.426085999999884, 32.8797 ], [ -118.425552, 32.879723000000183 ], [ -118.425278, 32.879444 ], [ -118.42500299999989, 32.879166000000112 ], [ -118.424721, 32.878887 ], [ -118.424163999999848, 32.878334000000166 ], [ -118.423866, 32.878357000000108 ], [ -118.423583999999892, 32.878113 ], [ -118.423331999999846, 32.877777 ], [ -118.423058, 32.877777 ], [ -118.422935, 32.877659000000108 ], [ -118.422775, 32.877499000000171 ], [ -118.42218, 32.877502000000106 ], [ -118.42162299999984, 32.876995 ], [ -118.421532, 32.876873000000103 ], [ -118.421387, 32.876667000000111 ], [ -118.421112, 32.876389000000188 ], [ -118.420791999999892, 32.876442000000111 ], [ -118.42028, 32.875832000000116 ], [ -118.420021, 32.875832000000116 ], [ -118.419678, 32.875546 ], [ -118.41861, 32.875488 ], [ -118.417526, 32.874462000000108 ], [ -118.417502999999897, 32.873890000000188 ], [ -118.417351, 32.873676 ], [ -118.41713, 32.873451000000102 ], [ -118.416687, 32.873013 ], [ -118.416245, 32.872627000000136 ], [ -118.415764, 32.872124 ], [ -118.41571, 32.872074 ], [ -118.415276, 32.871693000000107 ], [ -118.414794999999856, 32.871277000000191 ], [ -118.414306999999894, 32.870972000000165 ], [ -118.413826, 32.870605000000182 ], [ -118.41333, 32.870281 ], [ -118.41280399999988, 32.869995000000131 ], [ -118.412407, 32.869785 ], [ -118.412292, 32.869690000000105 ], [ -118.411766, 32.869442 ], [ -118.411338999999884, 32.869205000000136 ], [ -118.411278, 32.869148 ], [ -118.411186, 32.869095000000129 ], [ -118.410758999999871, 32.868919000000119 ], [ -118.410278, 32.86853 ], [ -118.409866, 32.86820200000011 ], [ -118.409179999999878, 32.86792 ], [ -118.408463, 32.867569000000117 ], [ -118.407936, 32.867085 ], [ -118.407776, 32.866882000000146 ], [ -118.407776, 32.866665000000125 ], [ -118.407218999999884, 32.866112 ], [ -118.407005, 32.866112 ], [ -118.40667, 32.865833 ], [ -118.406418, 32.865833 ], [ -118.406113, 32.865555000000143 ], [ -118.404167, 32.863609 ], [ -118.403893, 32.863609 ], [ -118.403304999999875, 32.863720000000171 ], [ -118.402702, 32.863476 ], [ -118.402252, 32.862988 ], [ -118.401878, 32.86240800000013 ], [ -118.401367, 32.86195 ], [ -118.401299, 32.861881 ], [ -118.400833, 32.861389 ], [ -118.400886999999898, 32.861336000000108 ], [ -118.401108, 32.861111000000108 ], [ -118.400833, 32.86083200000013 ], [ -118.400557999999876, 32.86083200000013 ], [ -118.399718999999891, 32.860001000000125 ], [ -118.399254, 32.860001000000125 ], [ -118.399177999999893, 32.859982000000173 ], [ -118.398887999999886, 32.859722000000147 ], [ -118.398323, 32.859764 ], [ -118.398055999999883, 32.859444 ], [ -118.397781, 32.859165 ], [ -118.397446, 32.858925000000113 ], [ -118.397499, 32.858612000000107 ], [ -118.397224, 32.858334 ], [ -118.396912, 32.858093000000167 ], [ -118.396942, 32.857777000000169 ], [ -118.396606, 32.857483000000173 ], [ -118.396667, 32.857224 ], [ -118.396118, 32.856689000000188 ], [ -118.394721999999888, 32.856689000000188 ], [ -118.394447, 32.856388000000152 ], [ -118.393875, 32.856422000000123 ], [ -118.393608, 32.85611 ], [ -118.392662, 32.85611 ], [ -118.392516999999884, 32.856079000000136 ], [ -118.392219999999895, 32.855835 ], [ -118.392029, 32.855896000000143 ], [ -118.391937, 32.855843000000164 ], [ -118.39167, 32.855556 ], [ -118.391464, 32.855556 ], [ -118.391387999999893, 32.855556 ], [ -118.390831, 32.855 ], [ -118.390831, 32.854919000000109 ], [ -118.390831, 32.854721 ], [ -118.390265999999883, 32.854736 ], [ -118.390045, 32.854492000000107 ], [ -118.389999, 32.852501 ], [ -118.389709, 32.852478000000133 ], [ -118.388969, 32.852337000000148 ], [ -118.388466, 32.8522 ], [ -118.388084, 32.852142000000185 ], [ -118.388, 32.852112 ], [ -118.387833, 32.852005 ], [ -118.387497, 32.851665 ], [ -118.387267999999892, 32.851379000000122 ], [ -118.387207, 32.851074 ], [ -118.386665, 32.850555000000156 ], [ -118.386406, 32.850555000000156 ], [ -118.38639099999989, 32.849998 ], [ -118.386108, 32.849724000000151 ], [ -118.385841, 32.850014000000158 ], [ -118.385544, 32.850018000000148 ], [ -118.385261999999841, 32.84973900000017 ], [ -118.385193, 32.849670000000117 ], [ -118.38472, 32.849167 ], [ -118.384163, 32.848610000000178 ], [ -118.383873, 32.84862900000013 ], [ -118.383751, 32.848492000000192 ], [ -118.383614, 32.848331 ], [ -118.38272899999987, 32.848289 ], [ -118.382224999999892, 32.847778 ], [ -118.38134, 32.847816000000194 ], [ -118.379722999999842, 32.846111000000178 ], [ -118.379722999999842, 32.84591300000011 ], [ -118.379722999999842, 32.845554000000106 ], [ -118.379448, 32.845276000000183 ], [ -118.379166, 32.845001 ], [ -118.378609, 32.844444 ], [ -118.378334, 32.844444 ], [ -118.378052, 32.844166 ], [ -118.377777, 32.843887000000166 ], [ -118.377586, 32.844078 ], [ -118.377502, 32.844166 ], [ -118.376945, 32.844166 ], [ -118.376663, 32.843887000000166 ], [ -118.37609899999984, 32.843929000000117 ], [ -118.375832, 32.843613 ], [ -118.375557, 32.843334 ], [ -118.37532, 32.843334 ], [ -118.375, 32.843056000000161 ], [ -118.374389999999835, 32.842529 ], [ -118.373886, 32.842529 ], [ -118.373611, 32.842224000000101 ], [ -118.372498, 32.84111 ], [ -118.372314, 32.84111 ], [ -118.372246, 32.841072000000167 ], [ -118.371666, 32.84055700000016 ], [ -118.371391, 32.840279 ], [ -118.371223, 32.840279 ], [ -118.371117, 32.840248 ], [ -118.370834, 32.84 ], [ -118.370598, 32.840019 ], [ -118.36972, 32.839169 ], [ -118.369446, 32.838890000000106 ], [ -118.368591, 32.838074 ], [ -118.368332, 32.837776000000133 ], [ -118.368018999999833, 32.837826000000177 ], [ -118.367775, 32.837502 ], [ -118.367614999999887, 32.837524 ], [ -118.367546, 32.837456 ], [ -118.366432, 32.836342000000116 ], [ -118.366386, 32.836113000000182 ], [ -118.364998, 32.834721000000116 ], [ -118.364677, 32.834766000000116 ], [ -118.364632, 32.834709 ], [ -118.364418, 32.834465 ], [ -118.364440999999886, 32.834167 ], [ -118.362487999999871, 32.832275 ], [ -118.362503, 32.831944000000192 ], [ -118.362206, 32.831669 ], [ -118.362221, 32.83139 ], [ -118.362015, 32.83139 ], [ -118.361389, 32.83087200000017 ], [ -118.360832, 32.83087200000017 ], [ -118.360558, 32.830555 ], [ -118.360291, 32.830555 ], [ -118.359474, 32.829697 ], [ -118.359299, 32.829552 ], [ -118.359191999999894, 32.829426 ], [ -118.359169, 32.829166 ], [ -118.358887, 32.82888800000012 ], [ -118.358711, 32.82888800000012 ], [ -118.358612, 32.82888800000012 ], [ -118.35833, 32.828609000000142 ], [ -118.358528, 32.828415 ], [ -118.358612, 32.828335 ], [ -118.358612, 32.82708700000012 ], [ -118.358612, 32.826946000000191 ], [ -118.358055, 32.82638900000012 ], [ -118.357902999999851, 32.826408 ], [ -118.357765, 32.826424 ], [ -118.35743, 32.826168000000109 ], [ -118.356888, 32.825596 ], [ -118.356940999999836, 32.825279000000137 ], [ -118.356667, 32.825001 ], [ -118.356392, 32.824722 ], [ -118.355835, 32.824722 ], [ -118.355553, 32.824444000000142 ], [ -118.355286, 32.824444000000142 ], [ -118.355277999999885, 32.824165000000164 ], [ -118.355003, 32.823891 ], [ -118.35466, 32.823643000000118 ], [ -118.354721, 32.823334000000102 ], [ -118.354445999999882, 32.823055000000124 ], [ -118.354118, 32.822815000000162 ], [ -118.353882, 32.822510000000136 ], [ -118.353615, 32.822224000000119 ], [ -118.353302, 32.822266 ], [ -118.353058, 32.821945000000142 ], [ -118.353058, 32.821667 ], [ -118.352585, 32.821602000000155 ], [ -118.352173, 32.821331000000157 ], [ -118.351959, 32.821083 ], [ -118.351799, 32.82098400000018 ], [ -118.351318, 32.820679 ], [ -118.350783999999862, 32.820587 ], [ -118.350234999999884, 32.820602 ], [ -118.349991, 32.820679 ], [ -118.349922, 32.820702000000153 ], [ -118.349738999999886, 32.820698000000164 ], [ -118.349312, 32.820686 ], [ -118.349136, 32.82045 ], [ -118.349144, 32.820377 ], [ -118.349182, 32.819885 ], [ -118.349602, 32.819511 ], [ -118.34967, 32.819454 ], [ -118.35007499999989, 32.819065 ], [ -118.350151, 32.818966 ], [ -118.350555, 32.818508000000122 ], [ -118.350615999999889, 32.818459000000189 ], [ -118.35099799999989, 32.818100000000129 ], [ -118.351143, 32.818012000000124 ], [ -118.351653999999883, 32.817646 ], [ -118.352478, 32.817505 ], [ -118.35321, 32.817322 ], [ -118.353882, 32.816895000000102 ], [ -118.354439, 32.816296 ], [ -118.354973, 32.81576200000012 ], [ -118.355591, 32.815567000000158 ], [ -118.355728, 32.815639 ], [ -118.356049, 32.815804 ], [ -118.356384, 32.816284000000167 ], [ -118.356659, 32.81669200000016 ], [ -118.356804, 32.816898000000151 ], [ -118.356979, 32.817165 ], [ -118.357322999999894, 32.817543 ], [ -118.357811, 32.817795000000103 ], [ -118.358322, 32.818043 ], [ -118.358826, 32.818298 ], [ -118.359191999999894, 32.818726 ], [ -118.35968, 32.819092000000126 ], [ -118.360228999999833, 32.81919900000014 ], [ -118.360816999999884, 32.81940800000018 ], [ -118.361389, 32.819702000000177 ], [ -118.361877, 32.819885 ], [ -118.362479999999834, 32.819885 ], [ -118.362602, 32.819859000000179 ], [ -118.363052, 32.819763 ], [ -118.363625, 32.819832 ], [ -118.363731, 32.819828000000143 ], [ -118.364151, 32.819996000000174 ], [ -118.364761, 32.819992000000184 ], [ -118.365379, 32.820000000000164 ], [ -118.365989999999897, 32.820000000000164 ], [ -118.3666, 32.820000000000164 ], [ -118.367203, 32.820000000000164 ], [ -118.367798, 32.819996000000174 ], [ -118.368378, 32.819984 ], [ -118.368895999999893, 32.819885 ], [ -118.369469, 32.820061 ], [ -118.370033, 32.820049 ], [ -118.370567, 32.820141 ], [ -118.371094, 32.820095 ], [ -118.371201, 32.820095 ], [ -118.371872, 32.820091 ], [ -118.372513, 32.820332 ], [ -118.372986, 32.820679 ], [ -118.373047, 32.820721000000106 ], [ -118.373596, 32.821106000000157 ], [ -118.37426, 32.821247 ], [ -118.374878, 32.821472 ], [ -118.375427, 32.821899 ], [ -118.375984, 32.822186000000158 ], [ -118.376525999999899, 32.822510000000136 ], [ -118.377112999999895, 32.822777 ], [ -118.377693, 32.823051000000135 ], [ -118.378272999999865, 32.823318 ], [ -118.378853, 32.823574 ], [ -118.37941, 32.823872 ], [ -118.37999, 32.824146000000155 ], [ -118.380592, 32.824360000000127 ], [ -118.381225999999856, 32.824524000000167 ], [ -118.381851, 32.824566000000118 ], [ -118.382446, 32.824741000000188 ], [ -118.383003, 32.82493600000015 ], [ -118.383591, 32.825054000000137 ], [ -118.383789, 32.825047 ], [ -118.384163, 32.8251 ], [ -118.38475, 32.825142000000142 ], [ -118.385384, 32.825069000000155 ], [ -118.385628, 32.825039000000174 ], [ -118.38591, 32.825073000000145 ], [ -118.38643599999989, 32.825073000000145 ], [ -118.386597, 32.82505 ], [ -118.386963, 32.825047 ], [ -118.387497, 32.825043000000107 ], [ -118.387703, 32.825035000000184 ], [ -118.388023, 32.825085 ], [ -118.388489, 32.8251 ], [ -118.388725, 32.825191000000132 ], [ -118.389061, 32.825233 ], [ -118.389618, 32.825195000000122 ], [ -118.390228, 32.825172000000123 ], [ -118.390785, 32.825085 ], [ -118.391281, 32.824917 ], [ -118.391762, 32.824726 ], [ -118.391907, 32.824669 ], [ -118.392181, 32.824680000000114 ], [ -118.392624, 32.824589 ], [ -118.393112, 32.824451000000181 ], [ -118.393318, 32.824295 ], [ -118.393517, 32.824196 ], [ -118.393913, 32.8238750000001 ], [ -118.394333, 32.823605000000157 ], [ -118.394798, 32.823383 ], [ -118.394881999999882, 32.823292 ], [ -118.395157, 32.823029000000133 ], [ -118.395454, 32.822628000000179 ], [ -118.395653, 32.822105 ], [ -118.396019, 32.82172 ], [ -118.396606, 32.821400000000153 ], [ -118.397072, 32.821342000000129 ], [ -118.397194, 32.821297000000186 ], [ -118.397705, 32.821106000000157 ], [ -118.398239, 32.820885 ], [ -118.398841999999888, 32.820831000000169 ], [ -118.39946, 32.820778000000189 ], [ -118.400008999999898, 32.820545 ], [ -118.400497, 32.820278 ], [ -118.400574, 32.820236000000136 ], [ -118.401001, 32.819702000000177 ], [ -118.401489, 32.819275000000175 ], [ -118.401642, 32.818733000000123 ], [ -118.401665, 32.81866500000018 ], [ -118.401917, 32.81826 ], [ -118.402184, 32.817707000000155 ], [ -118.40229, 32.817509 ], [ -118.402374, 32.817215 ], [ -118.402527, 32.816711000000168 ], [ -118.402527, 32.816101000000117 ], [ -118.40271, 32.815521000000103 ], [ -118.402863, 32.81493 ], [ -118.402946, 32.814354000000151 ], [ -118.402771, 32.813812 ], [ -118.402892999999892, 32.813293000000158 ], [ -118.403107, 32.81274000000019 ], [ -118.403214, 32.812508 ], [ -118.403397, 32.812256000000104 ], [ -118.403694, 32.811771000000135 ], [ -118.403763, 32.811657000000139 ], [ -118.404083, 32.811409 ], [ -118.40448, 32.811096 ], [ -118.405029, 32.810913 ], [ -118.405684999999892, 32.810833000000173 ], [ -118.406334, 32.810822000000144 ], [ -118.406975, 32.81076800000011 ], [ -118.407585, 32.810612000000162 ], [ -118.408203, 32.810486 ], [ -118.408813, 32.810486 ], [ -118.409423999999888, 32.810303 ], [ -118.409882, 32.809902 ], [ -118.410415999999827, 32.809650000000147 ], [ -118.41095, 32.809555000000103 ], [ -118.411499, 32.809574000000111 ], [ -118.411918999999841, 32.809849 ], [ -118.412292, 32.810188 ], [ -118.412704, 32.810501 ], [ -118.413116, 32.810871000000134 ], [ -118.413475, 32.811150000000112 ], [ -118.413948, 32.811203 ], [ -118.414306999999894, 32.811096 ], [ -118.414391, 32.811066 ], [ -118.414772, 32.810867000000144 ], [ -118.415259999999876, 32.81057 ], [ -118.41539, 32.810467 ], [ -118.415596, 32.810223000000121 ], [ -118.415985, 32.809910000000173 ], [ -118.416168, 32.809525000000122 ], [ -118.416221999999891, 32.809452000000135 ], [ -118.416267, 32.809311 ], [ -118.416374, 32.808933 ], [ -118.416534, 32.808483 ], [ -118.416687, 32.80792200000019 ], [ -118.416977, 32.807369 ], [ -118.417389, 32.806911000000184 ], [ -118.417892, 32.806667 ], [ -118.418015, 32.806606 ], [ -118.418701, 32.806274 ], [ -118.419295999999861, 32.805988 ], [ -118.419899, 32.805717000000186 ], [ -118.420105, 32.805725000000109 ], [ -118.420471, 32.805725000000109 ], [ -118.421021, 32.805725000000109 ], [ -118.421509, 32.805481 ], [ -118.421997, 32.805115000000114 ], [ -118.422539, 32.804802000000109 ], [ -118.422722, 32.804676 ], [ -118.423041999999896, 32.804436 ], [ -118.423523, 32.804077000000177 ], [ -118.423706, 32.803528 ], [ -118.423866, 32.802933 ], [ -118.423881999999878, 32.80233 ], [ -118.423881999999878, 32.802124 ], [ -118.423927, 32.801754000000187 ], [ -118.423996, 32.801224 ], [ -118.424034, 32.801094 ], [ -118.424133, 32.800781000000143 ], [ -118.424591, 32.800571000000161 ], [ -118.424973, 32.800529 ], [ -118.42511, 32.800476000000117 ], [ -118.425316, 32.800331 ], [ -118.426392, 32.799168 ], [ -118.426665999999898, 32.79944600000016 ], [ -118.426941, 32.79944600000016 ], [ -118.427498, 32.799999000000128 ], [ -118.427498, 32.800278000000105 ], [ -118.42733, 32.800491000000136 ], [ -118.427261, 32.800575000000151 ], [ -118.427223, 32.800644 ], [ -118.427223, 32.800835000000177 ], [ -118.427002, 32.801086000000168 ], [ -118.426941, 32.801182 ], [ -118.426941, 32.801388 ], [ -118.426643, 32.801651 ], [ -118.426498, 32.801872000000174 ], [ -118.426369, 32.802036 ], [ -118.426552, 32.802402000000143 ], [ -118.426665999999898, 32.802624 ], [ -118.427185, 32.80291700000015 ], [ -118.42779499999989, 32.803101 ], [ -118.428352, 32.803143 ], [ -118.428825, 32.803394 ], [ -118.429146, 32.803844 ], [ -118.429253, 32.804688000000112 ], [ -118.429253, 32.805428 ], [ -118.42926, 32.805504000000155 ], [ -118.429047, 32.806137 ], [ -118.428962999999897, 32.806229 ], [ -118.428619, 32.806622 ], [ -118.428558, 32.806675 ], [ -118.42823, 32.807049 ], [ -118.428139, 32.807140000000118 ], [ -118.428101, 32.807278000000167 ], [ -118.428024, 32.807533000000149 ], [ -118.428101, 32.807709000000159 ], [ -118.42825299999987, 32.80806 ], [ -118.428711, 32.808472 ], [ -118.429076999999836, 32.809082 ], [ -118.429558, 32.809647 ], [ -118.429993, 32.810120000000154 ], [ -118.430489, 32.810608 ], [ -118.43087, 32.811192 ], [ -118.431258999999898, 32.811764 ], [ -118.431702, 32.812317 ], [ -118.432098, 32.812889 ], [ -118.432343, 32.813526 ], [ -118.432678, 32.814087 ], [ -118.433113, 32.814556 ], [ -118.433594, 32.814880000000187 ], [ -118.434021, 32.815308 ], [ -118.434509, 32.815674000000115 ], [ -118.434975, 32.815971 ], [ -118.435432, 32.816284000000167 ], [ -118.435959, 32.816452 ], [ -118.436508, 32.816414 ], [ -118.437012, 32.816101000000117 ], [ -118.437499999999886, 32.815674000000115 ], [ -118.437912, 32.815182000000107 ], [ -118.438477, 32.814880000000187 ], [ -118.439079, 32.81493 ], [ -118.439644, 32.81525 ], [ -118.439750999999887, 32.81546400000019 ], [ -118.439903, 32.815777000000139 ], [ -118.440315, 32.816216 ], [ -118.440741999999887, 32.81662 ], [ -118.441237999999885, 32.816936000000112 ], [ -118.44175, 32.817219 ], [ -118.4422, 32.817505 ], [ -118.442757, 32.817806000000132 ], [ -118.443184, 32.818211 ], [ -118.443558, 32.818676 ], [ -118.443909, 32.819149 ], [ -118.444327999999871, 32.819546 ], [ -118.444824, 32.819885 ], [ -118.445381, 32.820023000000106 ], [ -118.445915, 32.820175 ], [ -118.446448999999859, 32.820168 ], [ -118.446822999999881, 32.819790000000182 ], [ -118.447204999999883, 32.819519000000128 ], [ -118.447685, 32.819180000000131 ], [ -118.448166, 32.818962 ], [ -118.44869999999986, 32.818916000000172 ], [ -118.449226, 32.818989000000158 ], [ -118.449715, 32.819164 ], [ -118.45018, 32.819382000000189 ], [ -118.450576999999896, 32.819687000000158 ], [ -118.450942999999882, 32.820015000000126 ], [ -118.451294, 32.820366 ], [ -118.451607, 32.820747000000154 ], [ -118.451903999999899, 32.821106000000157 ], [ -118.452232, 32.821499000000188 ], [ -118.45253799999989, 32.821861000000126 ], [ -118.452858, 32.822193 ], [ -118.453193999999883, 32.822502 ], [ -118.453490999999872, 32.822876 ], [ -118.453796, 32.823154000000159 ], [ -118.453995, 32.823559000000103 ], [ -118.454231, 32.823929000000135 ], [ -118.454498, 32.82423800000015 ], [ -118.454803, 32.824467 ], [ -118.455055, 32.824783000000139 ], [ -118.455078, 32.824909 ], [ -118.45517, 32.825409 ], [ -118.45546, 32.825974 ], [ -118.455925, 32.826450000000193 ], [ -118.456528, 32.826794 ], [ -118.457222, 32.827011 ], [ -118.457862999999861, 32.827309 ], [ -118.458435, 32.827602000000127 ], [ -118.458984, 32.827881000000104 ], [ -118.459067999999888, 32.828003 ], [ -118.459457, 32.828342 ], [ -118.459877, 32.828697000000147 ], [ -118.459938, 32.828747000000192 ], [ -118.460556, 32.829166 ], [ -118.46032, 32.829422 ], [ -118.460395999999832, 32.829559 ], [ -118.460556, 32.829723000000115 ], [ -118.460556, 32.830002 ], [ -118.460831, 32.830276 ], [ -118.461304, 32.83087200000017 ], [ -118.462524, 32.83087200000017 ], [ -118.463013, 32.83115 ], [ -118.463501, 32.831482000000165 ], [ -118.463989, 32.831909000000167 ], [ -118.464539, 32.832214000000135 ], [ -118.465088, 32.832520000000102 ], [ -118.465698, 32.832703 ], [ -118.466423, 32.832756 ], [ -118.467133, 32.832775 ], [ -118.46772, 32.832825 ], [ -118.467827, 32.832867000000192 ], [ -118.468506, 32.83313 ], [ -118.469108999999889, 32.833481000000177 ], [ -118.46960399999989, 32.833923 ], [ -118.469658, 32.834015000000136 ], [ -118.470001, 32.834465 ], [ -118.470275999999899, 32.835083 ], [ -118.470612, 32.835667 ], [ -118.470703, 32.836304000000155 ], [ -118.470787, 32.836952000000167 ], [ -118.471077, 32.837391 ], [ -118.471404999999891, 32.837799 ], [ -118.471687, 32.83823800000016 ], [ -118.472176, 32.838554000000158 ], [ -118.472755, 32.838673 ], [ -118.473297, 32.838947000000189 ], [ -118.473694, 32.839294000000109 ], [ -118.474182, 32.839722000000165 ], [ -118.474608999999873, 32.840088 ], [ -118.474982999999895, 32.840580000000102 ], [ -118.475449, 32.840981 ], [ -118.476006, 32.841225000000179 ], [ -118.476639, 32.841217 ], [ -118.477112, 32.84129 ], [ -118.477249, 32.84131200000013 ], [ -118.477852, 32.841328 ], [ -118.478476999999884, 32.841400000000135 ], [ -118.479095, 32.841553000000147 ], [ -118.479675, 32.841675000000123 ], [ -118.480385, 32.841782 ], [ -118.480965, 32.842030000000193 ], [ -118.481506, 32.842285000000174 ], [ -118.482178, 32.842529 ], [ -118.482498, 32.842804000000115 ], [ -118.482498, 32.843056000000161 ], [ -118.482635, 32.842922000000101 ], [ -118.48278, 32.842777000000183 ], [ -118.483314999999891, 32.842735 ], [ -118.483398, 32.84271200000012 ], [ -118.483612, 32.842499 ], [ -118.484191999999894, 32.842529 ], [ -118.484406, 32.842804000000115 ], [ -118.484726, 32.842777000000183 ], [ -118.484726, 32.843334 ], [ -118.484451, 32.843616000000168 ], [ -118.484375, 32.843872 ], [ -118.484695, 32.844193 ], [ -118.485001, 32.844166 ], [ -118.485291, 32.844482 ], [ -118.485825, 32.844597000000135 ], [ -118.486374, 32.844528 ], [ -118.486510999999837, 32.844482 ], [ -118.48716, 32.844234000000142 ], [ -118.487801, 32.843891000000156 ], [ -118.487884999999835, 32.843845000000101 ], [ -118.488525, 32.843506000000104 ], [ -118.489044, 32.843620000000101 ], [ -118.48912, 32.843636 ], [ -118.489494, 32.843933000000106 ], [ -118.489899, 32.84436 ], [ -118.490257, 32.844833000000108 ], [ -118.490554999999858, 32.845348000000115 ], [ -118.490791, 32.845898000000147 ], [ -118.49086, 32.846516000000122 ], [ -118.490631, 32.847157 ], [ -118.490654, 32.847279000000185 ], [ -118.490776, 32.847866 ], [ -118.491089, 32.848328 ], [ -118.491577, 32.848694000000194 ], [ -118.492371, 32.848797 ], [ -118.492874, 32.849129000000119 ], [ -118.493308999999897, 32.84951400000017 ], [ -118.493645, 32.849998 ], [ -118.494041, 32.850407000000189 ], [ -118.494568, 32.850647000000151 ], [ -118.495148, 32.850777 ], [ -118.495728, 32.850891 ], [ -118.496277, 32.850891 ], [ -118.496848999999884, 32.850994 ], [ -118.497398, 32.850998 ], [ -118.49762, 32.851070000000163 ], [ -118.497917, 32.851166 ], [ -118.498465999999894, 32.851215 ], [ -118.499053999999887, 32.851185 ], [ -118.499229, 32.851276000000155 ], [ -118.499535, 32.851433000000156 ], [ -118.500023, 32.851601000000187 ], [ -118.500305, 32.851696 ], [ -118.500496, 32.851761000000124 ], [ -118.500916, 32.851929000000155 ], [ -118.501297, 32.852123 ], [ -118.501457, 32.852444000000162 ], [ -118.501228, 32.852905 ], [ -118.500702, 32.853355000000192 ], [ -118.500198, 32.853867 ], [ -118.499969, 32.854515 ], [ -118.499832, 32.855183000000125 ], [ -118.499825, 32.855286 ], [ -118.499878, 32.855896000000143 ], [ -118.500136999999881, 32.85638 ], [ -118.500565, 32.856838 ], [ -118.500916, 32.857300000000123 ], [ -118.501220999999873, 32.857910000000118 ], [ -118.501495, 32.85844 ], [ -118.501534, 32.858517 ], [ -118.501778, 32.859001000000148 ], [ -118.501999, 32.859581 ], [ -118.50206, 32.859669 ], [ -118.502181999999891, 32.860153 ], [ -118.502295999999887, 32.860477 ], [ -118.502357, 32.860725000000173 ], [ -118.502434, 32.861313000000166 ], [ -118.502379999999846, 32.861877000000106 ], [ -118.502585999999837, 32.862392 ], [ -118.502655, 32.86246100000011 ], [ -118.502914, 32.86281600000018 ], [ -118.503013999999894, 32.862888 ], [ -118.503349, 32.863144000000148 ], [ -118.503753999999844, 32.863491 ], [ -118.504135, 32.863842000000147 ], [ -118.504532, 32.864159 ], [ -118.504959, 32.86444100000017 ], [ -118.505394, 32.864719 ], [ -118.505805999999893, 32.865021000000183 ], [ -118.506119, 32.865429000000177 ], [ -118.506409, 32.865868 ], [ -118.506682999999896, 32.866337000000158 ], [ -118.50695, 32.86681 ], [ -118.507217, 32.867290000000139 ], [ -118.507423, 32.867821 ], [ -118.507599, 32.868114000000105 ], [ -118.507683, 32.86833600000017 ], [ -118.507813, 32.868896000000177 ], [ -118.507996, 32.869507000000112 ], [ -118.508286, 32.870022 ], [ -118.508339, 32.870113000000117 ], [ -118.508392, 32.870827 ], [ -118.5084, 32.870899000000179 ], [ -118.508614, 32.871113 ], [ -118.508606, 32.871887000000186 ], [ -118.508330999999828, 32.872227 ], [ -118.508118, 32.872498000000121 ], [ -118.507996, 32.872746 ], [ -118.507813, 32.873108000000116 ], [ -118.507813, 32.873371 ], [ -118.508056999999894, 32.873611 ], [ -118.508056999999894, 32.874168000000111 ], [ -118.507774, 32.874443 ], [ -118.50766, 32.874557000000152 ], [ -118.5075, 32.874722 ], [ -118.507506999999862, 32.875488 ], [ -118.507446, 32.87561 ], [ -118.507224999999892, 32.875832000000116 ], [ -118.507202, 32.876099000000181 ], [ -118.506981, 32.876415 ], [ -118.506668, 32.876667000000111 ], [ -118.506653, 32.876896 ], [ -118.507224999999892, 32.877499000000171 ], [ -118.50724, 32.877682 ], [ -118.507248, 32.877762 ], [ -118.50730099999987, 32.877853000000187 ], [ -118.507774, 32.878334000000166 ], [ -118.508056999999894, 32.878613 ], [ -118.508330999999828, 32.878613 ], [ -118.508652, 32.878922000000159 ], [ -118.508887999999899, 32.879166000000112 ], [ -118.509155, 32.879169000000161 ], [ -118.509232, 32.879265 ], [ -118.509383999999898, 32.879463000000158 ], [ -118.509644, 32.879623 ], [ -118.509925999999894, 32.879791000000125 ], [ -118.510216, 32.880005 ], [ -118.510529, 32.880234 ], [ -118.510902, 32.880428 ], [ -118.511344999999892, 32.880589 ], [ -118.511803, 32.880779000000132 ], [ -118.512290999999834, 32.880882000000156 ], [ -118.512710999999854, 32.881031 ], [ -118.513115, 32.881184 ], [ -118.513503999999898, 32.881397000000106 ], [ -118.513878, 32.881649 ], [ -118.514259, 32.88195 ], [ -118.514541999999892, 32.882053 ], [ -118.514725, 32.88215300000013 ], [ -118.515198, 32.882324 ], [ -118.515778, 32.88245 ], [ -118.515991, 32.882496000000117 ], [ -118.516319, 32.882584000000122 ], [ -118.516785, 32.88269 ], [ -118.517211999999859, 32.883118 ], [ -118.517502, 32.883335 ], [ -118.517776, 32.88361 ], [ -118.517784, 32.883896000000107 ], [ -118.518608, 32.884724 ], [ -118.518798999999888, 32.884724 ], [ -118.518883, 32.884697000000131 ], [ -118.519165, 32.884445 ], [ -118.519408999999825, 32.88452100000012 ], [ -118.519722, 32.884167000000161 ], [ -118.520835999999861, 32.884167000000161 ], [ -118.521095, 32.884472000000187 ], [ -118.521384999999896, 32.884445 ], [ -118.521667, 32.884724 ], [ -118.521667, 32.885277 ], [ -118.521384999999896, 32.885555 ], [ -118.521111, 32.885555 ], [ -118.520835999999861, 32.885834 ], [ -118.520584, 32.886147 ], [ -118.520286999999882, 32.886402 ], [ -118.519997, 32.886395000000107 ], [ -118.519722, 32.886391000000174 ], [ -118.519722, 32.88629200000014 ], [ -118.519722, 32.886112000000139 ], [ -118.519226, 32.886475000000189 ], [ -118.518982, 32.887085000000184 ], [ -118.519165, 32.887672 ], [ -118.519546999999875, 32.88813400000015 ], [ -118.520065, 32.888554 ], [ -118.520499999999856, 32.888927 ], [ -118.520554, 32.888977 ], [ -118.521088, 32.889389 ], [ -118.521484, 32.889893 ], [ -118.52200299999987, 32.890285000000119 ], [ -118.522536999999886, 32.890594 ], [ -118.523071, 32.890877 ], [ -118.523552, 32.891224000000193 ], [ -118.523972, 32.891628 ], [ -118.524368, 32.892044000000169 ], [ -118.524719, 32.892517 ], [ -118.524918, 32.893085000000156 ], [ -118.525024, 32.893677 ], [ -118.525085, 32.894470000000183 ], [ -118.525436, 32.894943 ], [ -118.525818, 32.895454 ], [ -118.525887, 32.895500000000141 ], [ -118.526344, 32.895805000000109 ], [ -118.526793999999882, 32.896301000000165 ], [ -118.527229, 32.896667 ], [ -118.527625999999884, 32.897141 ], [ -118.528061, 32.897667000000183 ], [ -118.528381, 32.898071 ], [ -118.528481, 32.898266 ], [ -118.528732, 32.898579000000154 ], [ -118.529114, 32.899006000000156 ], [ -118.529448999999829, 32.899456 ], [ -118.529709, 32.8999290000001 ], [ -118.529823, 32.900063 ], [ -118.529998999999862, 32.900356000000102 ], [ -118.53019, 32.900787 ], [ -118.530127999999877, 32.901131 ], [ -118.53007499999984, 32.90120300000018 ], [ -118.529715999999894, 32.901684 ], [ -118.529456999999866, 32.902046000000155 ], [ -118.529465, 32.902283000000182 ], [ -118.529472, 32.902454000000148 ], [ -118.52979299999987, 32.902779 ], [ -118.529953, 32.903027000000122 ], [ -118.53007499999984, 32.903137000000186 ], [ -118.530579, 32.90332 ], [ -118.53083, 32.90361 ], [ -118.530822999999828, 32.903931000000114 ], [ -118.531136, 32.904167000000143 ], [ -118.531387, 32.904167000000143 ], [ -118.531418, 32.904423000000179 ], [ -118.531920999999898, 32.905018 ], [ -118.532195999999828, 32.904964000000177 ], [ -118.532356, 32.904869000000133 ], [ -118.532524, 32.904766000000109 ], [ -118.5326, 32.904755 ], [ -118.532776, 32.904724 ], [ -118.533089, 32.904411 ], [ -118.533607, 32.903889 ], [ -118.53444699999983, 32.903889 ], [ -118.534721, 32.904167000000143 ], [ -118.53444699999983, 32.904446000000121 ], [ -118.53444699999983, 32.904724 ], [ -118.534393, 32.904774 ], [ -118.534163999999862, 32.904999 ], [ -118.534119, 32.905273000000136 ], [ -118.53444699999983, 32.905556000000104 ], [ -118.53444699999983, 32.905834 ], [ -118.534721, 32.906113000000175 ], [ -118.534981, 32.906425 ], [ -118.535286, 32.906399 ], [ -118.535553, 32.906113000000175 ], [ -118.535828, 32.906128 ], [ -118.536078999999859, 32.905807 ], [ -118.536246999999889, 32.905594 ], [ -118.536498999999878, 32.905273000000136 ], [ -118.536636, 32.905041000000153 ], [ -118.536842, 32.904861000000153 ], [ -118.537086, 32.904892 ], [ -118.537375999999881, 32.905052000000182 ], [ -118.537689, 32.905289 ], [ -118.538025, 32.905552000000114 ], [ -118.538383, 32.905827000000158 ], [ -118.538773, 32.906101 ], [ -118.539146, 32.906399 ], [ -118.539413, 32.906788 ], [ -118.539459, 32.907101 ], [ -118.539489999999887, 32.907356 ], [ -118.539642, 32.907951 ], [ -118.539665, 32.908035 ], [ -118.540009, 32.90840500000013 ], [ -118.540497, 32.90881 ], [ -118.540954999999883, 32.909271 ], [ -118.541382, 32.909729 ], [ -118.541809, 32.910278000000176 ], [ -118.542068, 32.910816000000125 ], [ -118.542099, 32.910885000000121 ], [ -118.542029999999841, 32.911427 ], [ -118.542015, 32.911514000000125 ], [ -118.541656, 32.91209 ], [ -118.541275, 32.91266300000018 ], [ -118.541222, 32.912731000000122 ], [ -118.540894, 32.913330000000144 ], [ -118.540764, 32.91404 ], [ -118.540748999999892, 32.914120000000139 ], [ -118.54081, 32.914799000000187 ], [ -118.540939, 32.915524000000119 ], [ -118.541321, 32.916077 ], [ -118.541374, 32.916168 ], [ -118.541739999999891, 32.916542000000163 ], [ -118.542297, 32.91687 ], [ -118.542785999999865, 32.917297 ], [ -118.543609999999831, 32.917221 ], [ -118.543892, 32.917500000000189 ], [ -118.54528, 32.917500000000189 ], [ -118.545555, 32.917221 ], [ -118.545837, 32.917233000000124 ], [ -118.54612, 32.916954000000146 ], [ -118.546364, 32.916981 ], [ -118.546707, 32.917221 ], [ -118.546943999999883, 32.917221 ], [ -118.547164999999893, 32.917442000000165 ], [ -118.547233999999833, 32.917469 ], [ -118.54731, 32.917500000000189 ], [ -118.547500999999897, 32.917500000000189 ], [ -118.547774999999831, 32.917778000000112 ], [ -118.547774999999831, 32.918056 ], [ -118.5476, 32.91827000000012 ], [ -118.547500999999897, 32.918396 ], [ -118.547500999999897, 32.918610000000172 ], [ -118.546387, 32.919678 ], [ -118.54583, 32.920277000000112 ], [ -118.54554, 32.920906 ], [ -118.54528, 32.921558 ], [ -118.545258, 32.921684000000141 ], [ -118.545119999999883, 32.922237 ], [ -118.545112999999844, 32.922955000000172 ], [ -118.545112999999844, 32.923096000000101 ], [ -118.545227, 32.923706 ], [ -118.545441, 32.924381 ], [ -118.545471, 32.924484000000177 ], [ -118.545601, 32.925034 ], [ -118.545624, 32.925110000000132 ], [ -118.545601, 32.925591000000111 ], [ -118.545609, 32.925903000000176 ], [ -118.545624, 32.926144 ], [ -118.545699999999897, 32.926674 ], [ -118.545731, 32.926876 ], [ -118.545845, 32.927155 ], [ -118.54615, 32.92758600000019 ], [ -118.546409999999867, 32.928089 ], [ -118.546669, 32.928616000000147 ], [ -118.546844, 32.928879 ], [ -118.546959, 32.929115 ], [ -118.547287, 32.929607 ], [ -118.547455, 32.929855000000146 ], [ -118.547576999999876, 32.930130000000133 ], [ -118.547958, 32.930584 ], [ -118.548279, 32.931091 ], [ -118.548485, 32.931633 ], [ -118.54863, 32.931850000000168 ], [ -118.548812999999825, 32.932114000000183 ], [ -118.549225, 32.932533 ], [ -118.549621999999886, 32.932892 ], [ -118.549965, 32.933346000000142 ], [ -118.550217, 32.93385700000016 ], [ -118.550315999999839, 32.934383000000139 ], [ -118.55023999999986, 32.934906 ], [ -118.550507, 32.935333 ], [ -118.55088, 32.93569900000017 ], [ -118.550835, 32.936390000000131 ], [ -118.550598, 32.936707 ], [ -118.55052199999983, 32.937218 ], [ -118.550507, 32.937328 ], [ -118.550308, 32.93779000000012 ], [ -118.550262, 32.937923000000126 ], [ -118.550109999999847, 32.939087 ], [ -118.550262, 32.939667 ], [ -118.550415, 32.94030800000013 ], [ -118.550797, 32.940617 ], [ -118.550948999999889, 32.940895000000182 ], [ -118.551056, 32.941090000000145 ], [ -118.550994999999887, 32.941769000000193 ], [ -118.551132, 32.942486 ], [ -118.551392, 32.943115 ], [ -118.551612999999861, 32.943668000000116 ], [ -118.551734999999894, 32.944328 ], [ -118.551903, 32.944878 ], [ -118.551933, 32.944984000000147 ], [ -118.552338, 32.945538000000113 ], [ -118.552719, 32.946083000000101 ], [ -118.553055, 32.946667000000105 ], [ -118.553398, 32.947235 ], [ -118.553443999999899, 32.947292000000118 ], [ -118.553818, 32.947731 ], [ -118.554253, 32.948261000000173 ], [ -118.554626, 32.94873 ], [ -118.555046, 32.949146 ], [ -118.555458, 32.949600000000146 ], [ -118.555527, 32.94965000000019 ], [ -118.555931, 32.949978000000158 ], [ -118.556374, 32.950375000000122 ], [ -118.556541, 32.950485000000185 ], [ -118.55677, 32.950760000000173 ], [ -118.556961, 32.951351 ], [ -118.557113999999899, 32.951988 ], [ -118.55715199999986, 32.952084000000127 ], [ -118.557251, 32.952606000000173 ], [ -118.557541, 32.953087000000153 ], [ -118.557860999999889, 32.953526 ], [ -118.558234999999854, 32.953949 ], [ -118.558525, 32.954456000000107 ], [ -118.558731, 32.954704 ], [ -118.558846, 32.954933000000153 ], [ -118.559135, 32.955433000000141 ], [ -118.559258, 32.955650000000162 ], [ -118.559448, 32.955914000000121 ], [ -118.559875, 32.956299000000172 ], [ -118.560303, 32.956726000000174 ], [ -118.56073, 32.957092000000102 ], [ -118.561096, 32.957520000000159 ], [ -118.561554, 32.957775 ], [ -118.562026999999887, 32.958057000000167 ], [ -118.5625, 32.958313 ], [ -118.562958, 32.958633 ], [ -118.563445999999885, 32.958946 ], [ -118.563919, 32.95917500000013 ], [ -118.564391999999827, 32.959473 ], [ -118.56469, 32.959881000000109 ], [ -118.564835, 32.960075000000131 ], [ -118.564972, 32.960331 ], [ -118.565247, 32.960789 ], [ -118.565444999999897, 32.961113 ], [ -118.565506, 32.961254000000167 ], [ -118.565857, 32.961658 ], [ -118.566246, 32.96204 ], [ -118.566733999999883, 32.962326 ], [ -118.567322, 32.962524 ], [ -118.567413, 32.96259300000014 ], [ -118.56778, 32.96277600000019 ], [ -118.568054, 32.96277600000019 ], [ -118.568336, 32.963051000000178 ], [ -118.56842, 32.96307400000012 ], [ -118.568611, 32.963055000000168 ], [ -118.568886, 32.963333 ], [ -118.569153, 32.963634000000127 ], [ -118.569443, 32.963612 ], [ -118.569702, 32.963928000000124 ], [ -118.57, 32.96416900000014 ], [ -118.570023, 32.964428 ], [ -118.570084, 32.964523 ], [ -118.570151999999894, 32.964596000000142 ], [ -118.57027399999987, 32.964722 ], [ -118.570221, 32.965008000000125 ], [ -118.570556999999837, 32.965279000000123 ], [ -118.570556999999837, 32.965557 ], [ -118.571106, 32.966125000000147 ], [ -118.572777, 32.967777 ], [ -118.572777, 32.968056 ], [ -118.573067, 32.968361 ], [ -118.573265, 32.968834000000129 ], [ -118.573334, 32.969391 ], [ -118.573433, 32.969727 ], [ -118.573463, 32.96992900000015 ], [ -118.573662, 32.970448 ], [ -118.57389099999989, 32.970921000000146 ], [ -118.574158, 32.9713670000001 ], [ -118.574448, 32.971779 ], [ -118.574753, 32.972183 ], [ -118.575089, 32.972572000000127 ], [ -118.575493, 32.972935000000177 ], [ -118.576004, 32.973236 ], [ -118.576416, 32.973694 ], [ -118.576714, 32.97409400000015 ], [ -118.576691, 32.974300000000142 ], [ -118.57666, 32.974567 ], [ -118.57663, 32.97472 ], [ -118.576492, 32.97501 ], [ -118.576508, 32.975277000000119 ], [ -118.576522999999895, 32.975468000000149 ], [ -118.57663, 32.975925000000132 ], [ -118.576935, 32.976292000000115 ], [ -118.57708, 32.976463 ], [ -118.577224999999885, 32.976677000000166 ], [ -118.577454, 32.977158000000145 ], [ -118.577445999999895, 32.97729900000013 ], [ -118.577392999999859, 32.97794 ], [ -118.577431, 32.978081000000145 ], [ -118.577568, 32.978619 ], [ -118.577591, 32.97869500000013 ], [ -118.57782, 32.979309000000171 ], [ -118.578079, 32.979908000000137 ], [ -118.57811, 32.980576000000156 ], [ -118.577933999999857, 32.980923000000132 ], [ -118.577827, 32.981136000000163 ], [ -118.577698, 32.981689 ], [ -118.577911, 32.982174 ], [ -118.578041, 32.982464 ], [ -118.578094, 32.982666000000108 ], [ -118.578224, 32.983192 ], [ -118.578255, 32.983288 ], [ -118.578178, 32.983715000000188 ], [ -118.578171, 32.983879 ], [ -118.578041, 32.984211000000187 ], [ -118.577911, 32.984509000000173 ], [ -118.577835, 32.984684 ], [ -118.577614, 32.985172000000148 ], [ -118.577629, 32.98547 ], [ -118.577644, 32.985703000000171 ], [ -118.577713, 32.986263000000179 ], [ -118.577866, 32.986477 ], [ -118.578003, 32.986732 ], [ -118.578308, 32.987305 ], [ -118.578613, 32.987221 ], [ -118.579407, 32.988098 ], [ -118.580276, 32.988888 ], [ -118.580269, 32.989079000000118 ], [ -118.580269, 32.989170000000172 ], [ -118.580833, 32.989723 ], [ -118.580856, 32.989983000000109 ], [ -118.581078, 32.990242 ], [ -118.582497, 32.991665000000182 ], [ -118.582497, 32.991882 ], [ -118.582565, 32.993053 ], [ -118.582573, 32.993134 ], [ -118.582779, 32.993332000000123 ], [ -118.58305399999989, 32.99361 ], [ -118.58305399999989, 32.993896 ], [ -118.58305399999989, 32.994167 ], [ -118.582741, 32.994427 ], [ -118.582741, 32.994507000000169 ], [ -118.582779, 32.995834000000173 ], [ -118.583618, 32.996704000000193 ], [ -118.583656, 32.997219 ], [ -118.583884999999839, 32.997501 ], [ -118.58387, 32.998615 ], [ -118.584167, 32.99889 ], [ -118.584167, 32.999443000000156 ], [ -118.583954, 32.999718 ], [ -118.584442, 33.0 ], [ -118.584266999999898, 33.000362000000166 ], [ -118.584167, 33.000557000000128 ], [ -118.584717, 33.001099 ], [ -118.584724, 33.002777000000151 ], [ -118.584587, 33.002911 ], [ -118.584442, 33.003056000000129 ], [ -118.584572, 33.003143 ], [ -118.584747, 33.003265 ], [ -118.585083, 33.003471 ], [ -118.585403, 33.003746 ], [ -118.585693, 33.004089000000192 ], [ -118.58584599999989, 33.004498 ], [ -118.585915, 33.004688 ], [ -118.585983, 33.00494 ], [ -118.586174, 33.005363000000102 ], [ -118.586426, 33.005741000000114 ], [ -118.58667, 33.006107000000156 ], [ -118.586928999999884, 33.006466 ], [ -118.587181, 33.006824000000165 ], [ -118.587379, 33.007236000000148 ], [ -118.58744, 33.007313000000124 ], [ -118.587554999999895, 33.007664 ], [ -118.587638999999854, 33.007858000000112 ], [ -118.587708, 33.008118000000138 ], [ -118.587891, 33.008484 ], [ -118.588165, 33.008949000000143 ], [ -118.588364, 33.00938 ], [ -118.588577, 33.009804 ], [ -118.588783, 33.010227 ], [ -118.588966, 33.010471000000109 ], [ -118.589058, 33.010597 ], [ -118.589423999999838, 33.010883 ], [ -118.589629999999829, 33.01104700000019 ], [ -118.589850999999896, 33.011166 ], [ -118.590392999999892, 33.011292 ], [ -118.590858, 33.011440000000164 ], [ -118.591331, 33.011654000000135 ], [ -118.591797, 33.011902 ], [ -118.592384, 33.011997 ], [ -118.592941, 33.012184000000104 ], [ -118.593452, 33.012451000000169 ], [ -118.593872, 33.012829000000181 ], [ -118.594268999999883, 33.013229 ], [ -118.594718999999884, 33.013611 ], [ -118.595001, 33.01388900000012 ], [ -118.596107, 33.014999000000159 ], [ -118.596107, 33.015278000000137 ], [ -118.596039, 33.01535 ], [ -118.595833, 33.015556 ], [ -118.595863, 33.015926 ], [ -118.595879, 33.016094000000123 ], [ -118.595909, 33.016190000000108 ], [ -118.596123, 33.016415 ], [ -118.596664, 33.015835 ], [ -118.596947, 33.015835 ], [ -118.597221, 33.015556 ], [ -118.599442, 33.015556 ], [ -118.59977, 33.015472 ], [ -118.599991, 33.015270000000157 ], [ -118.600387999999896, 33.014881000000116 ], [ -118.600554999999872, 33.014721 ], [ -118.600974999999892, 33.014721 ], [ -118.601097, 33.014675000000125 ], [ -118.601196, 33.014641 ], [ -118.601424999999892, 33.014507 ], [ -118.601509, 33.014458000000161 ], [ -118.601676999999881, 33.014473000000123 ], [ -118.602119, 33.014336000000185 ], [ -118.602295, 33.014282000000151 ], [ -118.602806, 33.014282000000151 ], [ -118.60302, 33.01424800000018 ], [ -118.603301999999871, 33.014259 ], [ -118.60379, 33.014278000000161 ], [ -118.603874, 33.014256000000103 ], [ -118.604279, 33.014175000000193 ], [ -118.604675, 33.014099000000101 ], [ -118.605202, 33.014214 ], [ -118.60542299999986, 33.014259 ], [ -118.605636999999888, 33.014366000000166 ], [ -118.606079, 33.014526000000103 ], [ -118.606376999999839, 33.014778000000149 ], [ -118.606627999999887, 33.015114 ], [ -118.606819, 33.015484000000129 ], [ -118.606925999999874, 33.015881 ], [ -118.606963999999891, 33.016277000000173 ], [ -118.606849999999895, 33.016682000000117 ], [ -118.606719999999882, 33.016922 ], [ -118.606644, 33.017063 ], [ -118.606513999999891, 33.017551 ], [ -118.606613, 33.018127000000106 ], [ -118.606743, 33.018745 ], [ -118.606773, 33.019363 ], [ -118.606644, 33.019947 ], [ -118.606613, 33.020321000000138 ], [ -118.606567, 33.020519000000149 ], [ -118.606384, 33.021118000000172 ], [ -118.606307999999899, 33.021626 ], [ -118.606293, 33.021721000000127 ], [ -118.606201, 33.022163 ], [ -118.606093999999871, 33.022526000000141 ], [ -118.606056, 33.022690000000182 ], [ -118.605971999999895, 33.023224000000141 ], [ -118.605926999999895, 33.023502 ], [ -118.605896, 33.0237580000001 ], [ -118.605896, 33.024292 ], [ -118.60598, 33.024780000000135 ], [ -118.606033, 33.025085000000104 ], [ -118.606056, 33.025272000000143 ], [ -118.605971999999895, 33.02574200000015 ], [ -118.60585, 33.026196 ], [ -118.605552999999873, 33.026413 ], [ -118.605552999999873, 33.026669 ], [ -118.605415, 33.02681 ], [ -118.605278, 33.026943000000188 ], [ -118.605278, 33.0275 ], [ -118.605446, 33.027672000000109 ], [ -118.605552999999873, 33.027779 ], [ -118.605576, 33.030575000000169 ], [ -118.605834999999843, 33.030834 ], [ -118.605834999999843, 33.031113 ], [ -118.606392, 33.031666 ], [ -118.606177999999886, 33.031898000000183 ], [ -118.60611, 33.031967 ], [ -118.60611, 33.032223000000101 ], [ -118.60559099999989, 33.032223000000101 ], [ -118.604446, 33.032223000000101 ], [ -118.604164, 33.032501 ], [ -118.603615, 33.032501 ], [ -118.603333, 33.032223000000101 ], [ -118.603333, 33.031944 ], [ -118.603058, 33.031666 ], [ -118.602776, 33.031944 ], [ -118.602219, 33.031921000000125 ], [ -118.602004999999849, 33.032242 ], [ -118.60192899999987, 33.032471000000157 ], [ -118.601714999999899, 33.032806000000164 ], [ -118.601630999999884, 33.03294 ], [ -118.601196, 33.033203000000185 ], [ -118.600731, 33.033455 ], [ -118.600403, 33.033520000000124 ], [ -118.600197, 33.033577 ], [ -118.599669999999833, 33.033756 ], [ -118.599304, 33.033878 ], [ -118.599136, 33.033924000000127 ], [ -118.59851099999986, 33.034103000000187 ], [ -118.598015, 33.034214000000134 ], [ -118.597458, 33.03437 ], [ -118.596954, 33.034588 ], [ -118.596512, 33.03487 ], [ -118.596045999999831, 33.035141000000124 ], [ -118.595703, 33.035267 ], [ -118.59549, 33.035336 ], [ -118.594879, 33.035500000000127 ], [ -118.594795, 33.035484 ], [ -118.594231, 33.035385 ], [ -118.59363599999989, 33.035198 ], [ -118.593079, 33.03491200000019 ], [ -118.592621, 33.034618000000194 ], [ -118.592239, 33.034180000000163 ], [ -118.591866, 33.033756 ], [ -118.591576, 33.033298 ], [ -118.591415, 33.032833 ], [ -118.591056999999864, 33.032375 ], [ -118.590942, 33.032066 ], [ -118.59082, 33.031845 ], [ -118.590514999999868, 33.03131100000013 ], [ -118.590218, 33.030754 ], [ -118.590134, 33.030502000000126 ] ] ], [ [ [ -118.590759, 33.036469 ], [ -118.590828, 33.036381 ], [ -118.590888999999891, 33.036324 ], [ -118.59111, 33.036110000000178 ], [ -118.591919, 33.036926 ], [ -118.591873, 33.037773000000129 ], [ -118.591866, 33.037857000000145 ], [ -118.591125, 33.038696 ], [ -118.590836, 33.038612 ], [ -118.590552999999886, 33.038879000000122 ], [ -118.589996, 33.038887000000102 ], [ -118.589759999999842, 33.03864700000014 ], [ -118.589722, 33.03833 ], [ -118.589447, 33.038055000000156 ], [ -118.589447, 33.037777 ], [ -118.590759, 33.036469 ] ] ], [ [ [ -118.603706, 33.478889 ], [ -118.603615, 33.478889 ], [ -118.603333, 33.478611 ], [ -118.602875, 33.478611 ], [ -118.602797999999893, 33.478569000000107 ], [ -118.602478, 33.478378000000134 ], [ -118.602219, 33.4780540000001 ], [ -118.601944, 33.477779000000112 ], [ -118.601212, 33.477779000000112 ], [ -118.601112, 33.477764 ], [ -118.60083, 33.477501000000188 ], [ -118.600281, 33.477478 ], [ -118.59993, 33.477787 ], [ -118.599693, 33.477818000000127 ], [ -118.599442, 33.477501000000188 ], [ -118.599327, 33.477501000000188 ], [ -118.599167, 33.477501000000188 ], [ -118.598892, 33.477779000000112 ], [ -118.598869, 33.478039000000138 ], [ -118.598763, 33.47818 ], [ -118.59867899999989, 33.47826 ], [ -118.59861, 33.478333000000134 ], [ -118.598053, 33.478333000000134 ], [ -118.597946, 33.47822600000012 ], [ -118.597778, 33.4780540000001 ], [ -118.597504, 33.477779000000112 ], [ -118.597198, 33.477798 ], [ -118.596923999999888, 33.477478 ], [ -118.596389999999872, 33.477501000000188 ], [ -118.596107, 33.477222 ], [ -118.594421, 33.477295 ], [ -118.593841999999881, 33.476715000000183 ], [ -118.59333, 33.476692 ], [ -118.593163, 33.476509000000192 ], [ -118.593056, 33.476387 ], [ -118.593079, 33.476074 ], [ -118.592223999999874, 33.476112 ], [ -118.591995, 33.476334000000122 ], [ -118.591942, 33.476387 ], [ -118.591751, 33.476192 ], [ -118.591652, 33.476139000000103 ], [ -118.591393, 33.475834000000134 ], [ -118.591187, 33.475834000000134 ], [ -118.59082, 33.475525000000118 ], [ -118.589996, 33.475525000000118 ], [ -118.589722, 33.475277 ], [ -118.587502, 33.475304000000165 ], [ -118.587218999999891, 33.474998 ], [ -118.586922, 33.47502500000013 ], [ -118.58667, 33.474724 ], [ -118.586502, 33.474724 ], [ -118.586426, 33.47467 ], [ -118.586082, 33.474499000000151 ], [ -118.585831, 33.474167000000193 ], [ -118.585526, 33.474220000000173 ], [ -118.585281, 33.473888 ], [ -118.584999, 33.474167000000193 ], [ -118.584724, 33.474167000000193 ], [ -118.584442, 33.474445000000117 ], [ -118.583884999999839, 33.474445000000117 ], [ -118.583611, 33.474724 ], [ -118.583504, 33.474735000000123 ], [ -118.583351, 33.474751 ], [ -118.583259999999882, 33.474796 ], [ -118.58305399999989, 33.474998 ], [ -118.582886, 33.474998 ], [ -118.582497, 33.474998 ], [ -118.581665, 33.474167000000193 ], [ -118.581421, 33.474487 ], [ -118.581108, 33.474445000000117 ], [ -118.580818, 33.474674 ], [ -118.580627, 33.474731000000133 ], [ -118.580016999999884, 33.475281 ], [ -118.579445, 33.475277 ], [ -118.57917, 33.475555 ], [ -118.578331, 33.475533 ], [ -118.57805599999989, 33.475277 ], [ -118.577774, 33.475277 ], [ -118.577545, 33.474995000000149 ], [ -118.577514999999892, 33.47467 ], [ -118.576942, 33.47467 ], [ -118.576668, 33.474445000000117 ], [ -118.576111, 33.474445000000117 ], [ -118.575836, 33.474724 ], [ -118.575729, 33.474621000000127 ], [ -118.575554, 33.474445000000117 ], [ -118.575279, 33.474445000000117 ], [ -118.574997, 33.474167000000193 ], [ -118.574707, 33.473877000000186 ], [ -118.574509, 33.474201000000164 ], [ -118.574448, 33.474297000000149 ], [ -118.574448, 33.474445000000117 ], [ -118.574219, 33.47467 ], [ -118.574165, 33.474724 ], [ -118.57389099999989, 33.474724 ], [ -118.573608, 33.474998 ], [ -118.573012999999833, 33.474998 ], [ -118.572784, 33.474960000000124 ], [ -118.572502, 33.474724 ], [ -118.571899, 33.47467 ], [ -118.571663, 33.474998 ], [ -118.571525999999892, 33.474998 ], [ -118.571388, 33.474998 ], [ -118.571114, 33.475277 ], [ -118.570831, 33.475277 ], [ -118.570656, 33.475506000000166 ], [ -118.570587, 33.475594000000171 ], [ -118.57027399999987, 33.475834000000134 ], [ -118.57, 33.475834000000134 ], [ -118.569724999999835, 33.476112 ], [ -118.568886, 33.476112 ], [ -118.568817, 33.476044 ], [ -118.568611, 33.475830000000144 ], [ -118.567505, 33.47467 ], [ -118.567223, 33.474445000000117 ], [ -118.566948, 33.474445000000117 ], [ -118.566666, 33.474167000000193 ], [ -118.563828, 33.474167000000193 ], [ -118.563614, 33.474144 ], [ -118.563332, 33.473888 ], [ -118.559448, 33.473888 ], [ -118.559166, 33.474167000000193 ], [ -118.559052, 33.474167000000193 ], [ -118.558609, 33.474167000000193 ], [ -118.558334, 33.473888 ], [ -118.558052, 33.473610000000122 ], [ -118.557777, 33.473610000000122 ], [ -118.556389, 33.474998 ], [ -118.556252, 33.475136 ], [ -118.556113999999866, 33.475277 ], [ -118.555862, 33.475243 ], [ -118.555832, 33.474998 ], [ -118.555, 33.474167000000193 ], [ -118.554726, 33.474167000000193 ], [ -118.554443, 33.473888 ], [ -118.5541, 33.473888 ], [ -118.553902, 33.473831000000132 ], [ -118.553802, 33.473804 ], [ -118.553612, 33.473610000000122 ], [ -118.553321999999866, 33.473625000000141 ], [ -118.553024, 33.473366 ], [ -118.552223, 33.473335000000134 ], [ -118.551940999999886, 33.473057 ], [ -118.551108999999883, 33.473057 ], [ -118.550835, 33.473331000000144 ], [ -118.550598, 33.473328 ], [ -118.550438, 33.47345 ], [ -118.550255, 33.47358300000019 ], [ -118.550003, 33.473610000000122 ], [ -118.549835, 33.473778 ], [ -118.549721, 33.473888 ], [ -118.5495, 33.473877000000186 ], [ -118.549164, 33.474171000000183 ], [ -118.548889, 33.474167000000193 ], [ -118.548615, 33.474445000000117 ], [ -118.548332, 33.474167000000193 ], [ -118.548058, 33.474445000000117 ], [ -118.547874, 33.474628000000166 ], [ -118.547774999999831, 33.474724 ], [ -118.547500999999897, 33.474724 ], [ -118.547295, 33.474903 ], [ -118.547211, 33.474976 ], [ -118.546943999999883, 33.475277 ], [ -118.5467, 33.475319000000127 ], [ -118.546463, 33.475479 ], [ -118.546387, 33.475555 ], [ -118.544998, 33.475521000000128 ], [ -118.544724, 33.475277 ], [ -118.544150999999829, 33.475327000000107 ], [ -118.543892, 33.474998 ], [ -118.542502999999897, 33.474998 ], [ -118.542297, 33.475281 ], [ -118.541115, 33.475277 ], [ -118.540894, 33.475525000000118 ], [ -118.540558, 33.475555 ], [ -118.540276, 33.475834000000134 ], [ -118.5401, 33.476074 ], [ -118.540047, 33.476147 ], [ -118.539443999999833, 33.476665000000139 ], [ -118.539406, 33.476986 ], [ -118.539169, 33.477222 ], [ -118.539169, 33.477501000000188 ], [ -118.536392, 33.477501000000188 ], [ -118.536392, 33.477222 ], [ -118.536674, 33.476948000000107 ], [ -118.536942, 33.476665000000139 ], [ -118.536942, 33.476387 ], [ -118.536696999999833, 33.476143 ], [ -118.53611, 33.475555 ], [ -118.535835, 33.475277 ], [ -118.535583, 33.475281 ], [ -118.535004, 33.474724 ], [ -118.534789999999873, 33.474724 ], [ -118.53444699999983, 33.474445000000117 ], [ -118.534302, 33.474487 ], [ -118.534163999999862, 33.474445000000117 ], [ -118.53389, 33.474167000000193 ], [ -118.533577, 33.474201000000164 ], [ -118.533333, 33.473888 ], [ -118.533218, 33.473888 ], [ -118.533058, 33.473888 ], [ -118.532898, 33.473724000000175 ], [ -118.532501, 33.473331000000144 ], [ -118.532195999999828, 33.473373 ], [ -118.532135, 33.473301000000163 ], [ -118.531989999999837, 33.473034 ], [ -118.531944, 33.472778 ], [ -118.531723, 33.472553 ], [ -118.531677, 33.472473 ], [ -118.53167, 33.471668000000193 ], [ -118.531379999999899, 33.47139 ], [ -118.531387, 33.471111000000121 ], [ -118.531203999999889, 33.470924000000139 ], [ -118.531143, 33.470818 ], [ -118.531113, 33.470554 ], [ -118.530822999999828, 33.470276000000126 ], [ -118.53083, 33.470001000000138 ], [ -118.530594, 33.469761000000176 ], [ -118.530556, 33.468887000000166 ], [ -118.530273, 33.468616000000111 ], [ -118.530280999999832, 33.468056000000161 ], [ -118.529998999999862, 33.467777000000126 ], [ -118.529724, 33.467499 ], [ -118.52948, 33.467529 ], [ -118.529167, 33.467224 ], [ -118.528893, 33.467224 ], [ -118.52861, 33.466946000000121 ], [ -118.528313, 33.466988 ], [ -118.528236, 33.466888000000154 ], [ -118.528053, 33.466667000000143 ], [ -118.527481, 33.466721000000177 ], [ -118.527222, 33.466389 ], [ -118.526947, 33.466389 ], [ -118.526665, 33.46611 ], [ -118.526093, 33.466179 ], [ -118.525832999999864, 33.465832000000148 ], [ -118.523331, 33.465832000000148 ], [ -118.523056, 33.466125 ], [ -118.522826999999836, 33.466125 ], [ -118.522499, 33.465832000000148 ], [ -118.522216999999898, 33.465881000000138 ], [ -118.521606, 33.465271 ], [ -118.521667, 33.464722000000165 ], [ -118.521889, 33.464405 ], [ -118.521942, 33.464169 ], [ -118.522216999999898, 33.46392800000018 ], [ -118.522224, 33.463612000000126 ], [ -118.522522, 33.463318000000129 ], [ -118.522499, 33.462502000000143 ], [ -118.522224, 33.462223000000165 ], [ -118.521942, 33.461945 ], [ -118.521667, 33.461945 ], [ -118.521384999999896, 33.461666 ], [ -118.521384999999896, 33.46138800000017 ], [ -118.521117999999831, 33.461121000000105 ], [ -118.520554, 33.461113000000125 ], [ -118.520279, 33.460835 ], [ -118.519997, 33.460835 ], [ -118.519722, 33.460556 ], [ -118.519279, 33.461002000000178 ], [ -118.519165, 33.461113000000125 ], [ -118.519096, 33.461048000000119 ], [ -118.51889, 33.460835 ], [ -118.518623, 33.460835 ], [ -118.518608, 33.460556 ], [ -118.518311, 33.46032700000012 ], [ -118.518333, 33.459999000000153 ], [ -118.517502, 33.459167 ], [ -118.517219999999895, 33.459167 ], [ -118.516945, 33.45888900000017 ], [ -118.516669999999863, 33.45888900000017 ], [ -118.516387999999893, 33.458611 ], [ -118.515274, 33.457500000000152 ], [ -118.515076, 33.457500000000152 ], [ -118.515007, 33.457474000000161 ], [ -118.514725, 33.457222 ], [ -118.514526, 33.457222 ], [ -118.51445, 33.457195000000127 ], [ -118.514168, 33.456944000000192 ], [ -118.513869999999827, 33.456997000000115 ], [ -118.513611, 33.456665000000157 ], [ -118.512779, 33.456665000000157 ], [ -118.512221999999895, 33.456112 ], [ -118.511948, 33.456112 ], [ -118.511665, 33.455833 ], [ -118.510834, 33.455833 ], [ -118.510559, 33.455555000000174 ], [ -118.509445, 33.455555000000174 ], [ -118.509163, 33.455276 ], [ -118.508911, 33.455322 ], [ -118.508614, 33.455002 ], [ -118.508415, 33.455021 ], [ -118.508316, 33.455029 ], [ -118.508056999999894, 33.454723 ], [ -118.507751, 33.454769000000169 ], [ -118.507674999999892, 33.454674000000125 ], [ -118.5075, 33.454445000000192 ], [ -118.506943, 33.454445000000192 ], [ -118.506668, 33.454166000000157 ], [ -118.506096, 33.454197 ], [ -118.505836, 33.453888 ], [ -118.505263999999897, 33.453949000000136 ], [ -118.504997, 33.453609 ], [ -118.504463, 33.453609 ], [ -118.504165999999827, 33.453335000000152 ], [ -118.502487, 33.453335000000152 ], [ -118.502197, 33.453308 ], [ -118.501663, 33.452774 ], [ -118.501945, 33.452499000000103 ], [ -118.50222, 33.452221000000179 ], [ -118.502113, 33.452118 ], [ -118.501945, 33.451946000000191 ], [ -118.50222, 33.451668 ], [ -118.502471999999898, 33.451633000000186 ], [ -118.502747, 33.451355 ], [ -118.502991, 33.451111 ], [ -118.503052, 33.450832 ], [ -118.502502, 33.450279 ], [ -118.502319, 33.450279 ], [ -118.502243, 33.450241000000119 ], [ -118.501945, 33.450001000000157 ], [ -118.501754999999889, 33.450001000000157 ], [ -118.501678, 33.449966000000131 ], [ -118.501548999999898, 33.44986 ], [ -118.501389, 33.449722000000179 ], [ -118.5, 33.449722000000179 ], [ -118.499717999999859, 33.449448 ], [ -118.499724999999899, 33.448891000000174 ], [ -118.499557, 33.448723000000143 ], [ -118.499443, 33.448612 ], [ -118.499443, 33.448334000000102 ], [ -118.499695, 33.448120000000131 ], [ -118.499724999999899, 33.446945 ], [ -118.499443, 33.446667 ], [ -118.498878, 33.446117000000129 ], [ -118.498703, 33.445934000000136 ], [ -118.498626999999829, 33.445824 ], [ -118.498611, 33.445557000000179 ], [ -118.498291, 33.445313 ], [ -118.498337, 33.445000000000107 ], [ -118.498604, 33.444725 ], [ -118.498611, 33.444443 ], [ -118.498885999999857, 33.444168 ], [ -118.499167999999827, 33.443890000000124 ], [ -118.499382, 33.443672000000163 ], [ -118.499397, 33.4436 ], [ -118.499724999999899, 33.443333 ], [ -118.499724999999899, 33.443054000000188 ], [ -118.499443, 33.44278 ], [ -118.499443, 33.442501000000107 ], [ -118.498885999999857, 33.441944 ], [ -118.498611, 33.441666000000112 ], [ -118.497802999999863, 33.441711000000112 ], [ -118.497498, 33.441387000000134 ], [ -118.497223, 33.441387000000134 ], [ -118.496742, 33.441353000000163 ], [ -118.496513, 33.441338000000144 ], [ -118.496391, 33.441326 ], [ -118.495834, 33.441399 ], [ -118.495177999999896, 33.44128400000011 ], [ -118.494621, 33.441326 ], [ -118.494331, 33.441349000000173 ], [ -118.49424, 33.441364000000192 ], [ -118.494041, 33.441277 ], [ -118.493332, 33.441387000000134 ], [ -118.493332, 33.441666000000112 ], [ -118.493103, 33.441895 ], [ -118.492233, 33.442017000000192 ], [ -118.492141999999888, 33.442028 ], [ -118.491989, 33.442253 ], [ -118.491669, 33.442501000000107 ], [ -118.491089, 33.443115 ], [ -118.490837, 33.443333 ], [ -118.490837, 33.443466000000171 ], [ -118.490837, 33.443611 ], [ -118.49054, 33.443878000000154 ], [ -118.490395, 33.444073000000117 ], [ -118.490295, 33.44418700000017 ], [ -118.490134999999839, 33.444309000000146 ], [ -118.489983, 33.444424 ], [ -118.489722999999856, 33.444443 ], [ -118.489441, 33.444721000000129 ], [ -118.487457, 33.444675 ], [ -118.487221, 33.444443 ], [ -118.486946, 33.444168 ], [ -118.486648999999886, 33.444199 ], [ -118.486389, 33.443890000000124 ], [ -118.486023, 33.443909 ], [ -118.485832, 33.443611 ], [ -118.485557999999855, 33.443611 ], [ -118.48522899999989, 33.443909 ], [ -118.485001, 33.443890000000124 ], [ -118.484482, 33.444492 ], [ -118.484375, 33.445000000000107 ], [ -118.485557999999855, 33.44611 ], [ -118.485557999999855, 33.446388000000184 ], [ -118.485413, 33.446529000000112 ], [ -118.485274999999888, 33.446667 ], [ -118.485008, 33.446960000000104 ], [ -118.484726, 33.446945 ], [ -118.484459, 33.4472540000001 ], [ -118.484169, 33.446945 ], [ -118.483887, 33.446945 ], [ -118.483612, 33.447224 ], [ -118.483055, 33.447224 ], [ -118.482932999999889, 33.44735 ], [ -118.482772999999895, 33.447506000000146 ], [ -118.482482999999888, 33.447803000000192 ], [ -118.481940999999892, 33.447777 ], [ -118.481667, 33.448063 ], [ -118.481391999999857, 33.447777 ], [ -118.481109999999887, 33.447777 ], [ -118.480559999999855, 33.448223000000155 ], [ -118.480278, 33.448055000000124 ], [ -118.476943999999889, 33.448128000000111 ], [ -118.476639, 33.447792 ], [ -118.476669, 33.447498 ], [ -118.476387, 33.447224 ], [ -118.476111999999887, 33.446945 ], [ -118.476111999999887, 33.446667 ], [ -118.47583, 33.446388000000184 ], [ -118.475616, 33.446175000000153 ], [ -118.475586, 33.446098000000177 ], [ -118.475578, 33.445919000000117 ], [ -118.475555, 33.445557000000179 ], [ -118.475281, 33.445278 ], [ -118.474998, 33.445000000000107 ], [ -118.474747, 33.444748 ], [ -118.474998, 33.444443 ], [ -118.474724, 33.444168 ], [ -118.474441999999897, 33.444168 ], [ -118.473892, 33.443611 ], [ -118.473609999999894, 33.443333 ], [ -118.472777999999892, 33.442505 ], [ -118.472221, 33.442505 ], [ -118.471946999999886, 33.442223000000183 ], [ -118.470275999999899, 33.442223000000183 ], [ -118.469978, 33.442432 ], [ -118.469788, 33.442505 ], [ -118.469481999999857, 33.442814 ], [ -118.468933, 33.442799 ], [ -118.468338, 33.442711 ], [ -118.468239, 33.442638 ], [ -118.468033, 33.44255800000019 ], [ -118.467499, 33.442501000000107 ], [ -118.467499, 33.442356000000188 ], [ -118.467499, 33.442223000000183 ], [ -118.467224, 33.44223 ], [ -118.466942, 33.441944 ], [ -118.465836, 33.441944 ], [ -118.465553, 33.441666000000112 ], [ -118.465392999999835, 33.441666000000112 ], [ -118.465309, 33.441666000000112 ], [ -118.464722, 33.441113 ], [ -118.464417, 33.441170000000113 ], [ -118.46434, 33.441067 ], [ -118.464165, 33.440834 ], [ -118.463607999999851, 33.440834 ], [ -118.463333, 33.440556000000129 ], [ -118.462776, 33.440556000000129 ], [ -118.462219, 33.439999 ], [ -118.461945, 33.439724000000183 ], [ -118.46167, 33.439445 ], [ -118.461426, 33.439514 ], [ -118.461136, 33.437923 ], [ -118.461112999999898, 33.437778 ], [ -118.460503, 33.437778 ], [ -118.460289, 33.437729000000161 ], [ -118.459999, 33.4375 ], [ -118.459435, 33.437542000000121 ], [ -118.459167, 33.437222000000133 ], [ -118.458611, 33.437222000000133 ], [ -118.458336, 33.436943000000156 ], [ -118.458054, 33.436943000000156 ], [ -118.457779, 33.436668000000111 ], [ -118.457497, 33.436668000000111 ], [ -118.457176, 33.436428000000149 ], [ -118.456908999999882, 33.436096 ], [ -118.456665, 33.435833000000116 ], [ -118.456413, 33.435799000000145 ], [ -118.45639, 33.435555 ], [ -118.456085, 33.435593000000154 ], [ -118.455833, 33.435276 ], [ -118.455559, 33.435001 ], [ -118.455002, 33.434444000000155 ], [ -118.45472, 33.434166 ], [ -118.454314999999838, 33.434166 ], [ -118.454193, 33.434116000000188 ], [ -118.454124, 33.434055000000114 ], [ -118.453613, 33.433613 ], [ -118.453277999999898, 33.433613 ], [ -118.453078999999889, 33.433552 ], [ -118.452774, 33.433334000000116 ], [ -118.452225, 33.433334000000116 ], [ -118.451942, 33.433056 ], [ -118.450278999999853, 33.433056 ], [ -118.449996999999883, 33.433334000000116 ], [ -118.449448, 33.432777 ], [ -118.449165, 33.432499000000121 ], [ -118.448891, 33.432220000000143 ], [ -118.448334, 33.431667 ], [ -118.447502, 33.430832 ], [ -118.44722, 33.430832 ], [ -118.446906999999896, 33.430614000000162 ], [ -118.446662999999887, 33.430279000000155 ], [ -118.446113999999852, 33.429722 ], [ -118.445953, 33.429722 ], [ -118.445862, 33.429668 ], [ -118.445648, 33.429535 ], [ -118.445274, 33.429165000000125 ], [ -118.44503, 33.429165000000125 ], [ -118.444907999999884, 33.429054 ], [ -118.444725, 33.428890000000138 ], [ -118.444159999999897, 33.428936000000192 ], [ -118.443886, 33.428612 ], [ -118.442528, 33.428612 ], [ -118.4422, 33.428284 ], [ -118.441406, 33.428284 ], [ -118.441109, 33.428612 ], [ -118.440979, 33.428612 ], [ -118.440833999999882, 33.428612 ], [ -118.440613, 33.428894000000128 ], [ -118.440002, 33.428894000000128 ], [ -118.43972, 33.428612 ], [ -118.439445, 33.428612 ], [ -118.439208999999892, 33.428894000000128 ], [ -118.438331999999889, 33.428890000000138 ], [ -118.43811, 33.429077000000177 ], [ -118.438057, 33.429165000000125 ], [ -118.437499999999886, 33.429165000000125 ], [ -118.437362999999834, 33.429031 ], [ -118.437225, 33.428890000000138 ], [ -118.436661, 33.428917 ], [ -118.436386, 33.428612 ], [ -118.435837, 33.428619 ], [ -118.435555, 33.428333 ], [ -118.434723, 33.427502 ], [ -118.434448, 33.427502 ], [ -118.434165999999891, 33.427223 ], [ -118.433937, 33.427223 ], [ -118.433594, 33.42688 ], [ -118.432494999999847, 33.42688 ], [ -118.43222, 33.427223 ], [ -118.432106, 33.427223 ], [ -118.431946, 33.427223 ], [ -118.431648, 33.427467000000149 ], [ -118.431526, 33.427525000000173 ], [ -118.431411999999852, 33.427544000000125 ], [ -118.431282, 33.427605 ], [ -118.431114, 33.427776000000165 ], [ -118.430855, 33.427818 ], [ -118.43074, 33.427872 ], [ -118.430557, 33.428055000000143 ], [ -118.427498, 33.428055000000143 ], [ -118.427361, 33.427917 ], [ -118.427223, 33.427776000000165 ], [ -118.426871999999889, 33.427776000000165 ], [ -118.426682, 33.427723 ], [ -118.426552, 33.427624 ], [ -118.426392, 33.427502 ], [ -118.425834999999893, 33.427525000000173 ], [ -118.425552, 33.427223 ], [ -118.423416, 33.427223 ], [ -118.422775, 33.427223 ], [ -118.422638, 33.42709 ], [ -118.422500999999897, 33.42694500000016 ], [ -118.421692, 33.42688 ], [ -118.421349, 33.427181000000132 ], [ -118.421104, 33.427235000000167 ], [ -118.42083, 33.42694500000016 ], [ -118.420685, 33.42694500000016 ], [ -118.420592999999883, 33.42694500000016 ], [ -118.419998, 33.426388 ], [ -118.419685, 33.426441000000182 ], [ -118.419441, 33.426109 ], [ -118.419166999999845, 33.426109 ], [ -118.418907, 33.426041000000112 ], [ -118.418785, 33.426006 ], [ -118.41861, 33.42583500000012 ], [ -118.418396, 33.425903 ], [ -118.418053, 33.425556000000142 ], [ -118.417847, 33.425556000000142 ], [ -118.417732, 33.425465 ], [ -118.417502999999897, 33.425278 ], [ -118.417206, 33.425343000000112 ], [ -118.416946, 33.424999 ], [ -118.416664, 33.424721000000147 ], [ -118.416328, 33.424679 ], [ -118.416115, 33.42444600000016 ], [ -118.415833, 33.424168 ], [ -118.415558, 33.424168 ], [ -118.415276, 33.423889 ], [ -118.415000999999847, 33.423611000000164 ], [ -118.413887, 33.423611000000164 ], [ -118.41333, 33.423054 ], [ -118.413025, 33.423096000000157 ], [ -118.412781, 33.422779 ], [ -118.411705, 33.422779 ], [ -118.411392, 33.422501000000125 ], [ -118.41082, 33.422550000000115 ], [ -118.410552999999879, 33.422222000000147 ], [ -118.410010999999884, 33.422222000000147 ], [ -118.409720999999877, 33.421944 ], [ -118.408997, 33.421944 ], [ -118.408897, 33.421921000000111 ], [ -118.408607, 33.421665 ], [ -118.408043, 33.421726000000149 ], [ -118.407776, 33.421391000000142 ], [ -118.406386999999881, 33.421391000000142 ], [ -118.406189, 33.421692000000178 ], [ -118.405579, 33.421692000000178 ], [ -118.404174999999896, 33.420288 ], [ -118.40361, 33.419724 ], [ -118.403442, 33.419724 ], [ -118.403381, 33.419678000000147 ], [ -118.403052999999886, 33.419445 ], [ -118.402496, 33.419445 ], [ -118.402222, 33.419167000000186 ], [ -118.401108, 33.419167000000186 ], [ -118.400833, 33.418888000000152 ], [ -118.400513, 33.418884 ], [ -118.400276, 33.41861 ], [ -118.39975, 33.418571 ], [ -118.399414, 33.418274000000167 ], [ -118.398331, 33.418335 ], [ -118.397774, 33.417725 ], [ -118.397781, 33.4175 ], [ -118.397224, 33.416943000000174 ], [ -118.396942, 33.416668000000186 ], [ -118.395271, 33.416706 ], [ -118.394997, 33.416389000000152 ], [ -118.394721999999888, 33.416389000000152 ], [ -118.394409, 33.416687000000138 ], [ -118.393889999999885, 33.416668000000186 ], [ -118.393677, 33.416870000000188 ], [ -118.393592999999839, 33.41689700000012 ], [ -118.393059, 33.416943000000174 ], [ -118.392852999999889, 33.417145000000176 ], [ -118.392760999999894, 33.417168000000117 ], [ -118.391945, 33.417221 ], [ -118.391739, 33.417431 ], [ -118.39167, 33.4175 ], [ -118.391387999999893, 33.4175 ], [ -118.391113, 33.417221 ], [ -118.390808, 33.417480000000182 ], [ -118.390564, 33.417786 ], [ -118.39032, 33.418091000000118 ], [ -118.389999, 33.418091000000118 ], [ -118.389724999999885, 33.417778000000169 ], [ -118.389442, 33.418064000000186 ], [ -118.389168, 33.417778000000169 ], [ -118.38884, 33.417828 ], [ -118.388344, 33.417263 ], [ -118.388305999999886, 33.416687000000138 ], [ -118.387511999999845, 33.415894 ], [ -118.387221999999895, 33.415554 ], [ -118.387062, 33.415554 ], [ -118.386970999999846, 33.415512 ], [ -118.386841, 33.415451000000189 ], [ -118.38639099999989, 33.415001 ], [ -118.386108, 33.415001 ], [ -118.385834, 33.414722 ], [ -118.385558999999887, 33.414444000000174 ], [ -118.385277, 33.414165 ], [ -118.385277, 33.413887000000102 ], [ -118.385002, 33.413612 ], [ -118.38472, 33.413334000000191 ], [ -118.384445, 33.413055 ], [ -118.384445, 33.412777000000119 ], [ -118.383849999999882, 33.412247 ], [ -118.383751, 33.412086000000102 ], [ -118.383652, 33.411922 ], [ -118.383614, 33.411667 ], [ -118.383353999999883, 33.411415 ], [ -118.383346999999844, 33.411312 ], [ -118.383331, 33.411110000000178 ], [ -118.382774, 33.410557 ], [ -118.3825, 33.410278000000119 ], [ -118.381896999999867, 33.410278000000119 ], [ -118.381668, 33.41 ], [ -118.381386, 33.410278000000119 ], [ -118.381111, 33.41 ], [ -118.380836, 33.409721 ], [ -118.380554, 33.409721 ], [ -118.380309999999895, 33.40991200000019 ], [ -118.38028, 33.41 ], [ -118.379669, 33.41 ], [ -118.377777, 33.41 ], [ -118.377502, 33.410278000000119 ], [ -118.375793, 33.410278000000119 ], [ -118.375557, 33.410557 ], [ -118.375397, 33.410557 ], [ -118.375015, 33.410557 ], [ -118.374695, 33.410278000000119 ], [ -118.372498, 33.410278000000119 ], [ -118.372223, 33.41 ], [ -118.371666, 33.41 ], [ -118.371391, 33.409721 ], [ -118.371216, 33.409729000000141 ], [ -118.371146999999894, 33.409676 ], [ -118.370445, 33.409092 ], [ -118.370239, 33.408924000000127 ], [ -118.36969, 33.408325000000161 ], [ -118.36972, 33.408054000000106 ], [ -118.369415, 33.407795000000192 ], [ -118.369354, 33.407684 ], [ -118.369133, 33.407547 ], [ -118.368889, 33.407223000000101 ], [ -118.368713, 33.407223000000101 ], [ -118.368637, 33.407223000000101 ], [ -118.368285999999898, 33.406921000000182 ], [ -118.367226, 33.406944000000124 ], [ -118.366905, 33.406681 ], [ -118.366669, 33.406387 ], [ -118.366669, 33.406113000000119 ], [ -118.366386, 33.405834 ], [ -118.366729999999848, 33.405586 ], [ -118.366882, 33.405273 ], [ -118.366943, 33.404724000000101 ], [ -118.36721, 33.404430000000104 ], [ -118.367493, 33.404114 ], [ -118.3675, 33.403889000000106 ], [ -118.367752, 33.403637 ], [ -118.368057, 33.403332 ], [ -118.367844, 33.403126 ], [ -118.367812999999842, 33.403042 ], [ -118.367775, 33.4025 ], [ -118.367661, 33.402382000000102 ], [ -118.3675, 33.402222 ], [ -118.367798, 33.401917 ], [ -118.3675, 33.401669 ], [ -118.36721, 33.401703 ], [ -118.367157, 33.401646000000142 ], [ -118.366943, 33.401390000000106 ], [ -118.367004, 33.399719 ], [ -118.367226, 33.399445000000128 ], [ -118.367226, 33.398701000000187 ], [ -118.367270999999846, 33.398342000000184 ], [ -118.3675, 33.398056000000111 ], [ -118.368073, 33.398113 ], [ -118.368332, 33.397778 ], [ -118.368515, 33.397778 ], [ -118.368567999999868, 33.397728000000143 ], [ -118.368843, 33.397453000000155 ], [ -118.368889, 33.397221000000116 ], [ -118.369041, 33.397068000000104 ], [ -118.369164, 33.396946000000128 ], [ -118.369156, 33.396656000000121 ], [ -118.36969, 33.396118000000172 ], [ -118.36972, 33.395279 ], [ -118.369507, 33.395 ], [ -118.369507, 33.394722000000115 ], [ -118.36972, 33.394444 ], [ -118.369568, 33.39428700000019 ], [ -118.369446, 33.394165 ], [ -118.36969, 33.393921 ], [ -118.36972, 33.392883 ], [ -118.36972, 33.392776 ], [ -118.368591, 33.391724 ], [ -118.368614, 33.39138800000012 ], [ -118.368057, 33.390835 ], [ -118.368057, 33.389721 ], [ -118.3675, 33.389168000000154 ], [ -118.367203, 33.389202000000125 ], [ -118.366943, 33.38888900000012 ], [ -118.366821, 33.388916 ], [ -118.366684, 33.388859000000139 ], [ -118.366386, 33.388611 ], [ -118.366211, 33.388611 ], [ -118.366142, 33.388565000000142 ], [ -118.365784, 33.388306 ], [ -118.364440999999886, 33.388306 ], [ -118.364166, 33.388054000000182 ], [ -118.363907, 33.388054000000182 ], [ -118.363281, 33.387512 ], [ -118.363335, 33.387222 ], [ -118.362793, 33.386719 ], [ -118.362778, 33.386391 ], [ -118.362487999999871, 33.386108 ], [ -118.360558, 33.384167 ], [ -118.359443999999883, 33.383057 ], [ -118.358612, 33.382221000000186 ], [ -118.358612, 33.381943 ], [ -118.358276, 33.381714000000159 ], [ -118.357788, 33.381104000000107 ], [ -118.35778, 33.380833 ], [ -118.357178, 33.380310000000122 ], [ -118.357224, 33.380001000000163 ], [ -118.356895, 33.379745000000128 ], [ -118.35685, 33.37965 ], [ -118.356636, 33.379471 ], [ -118.356399999999837, 33.379162000000179 ], [ -118.356392, 33.378887000000191 ], [ -118.356109999999887, 33.378613 ], [ -118.355835, 33.378334 ], [ -118.355515, 33.378380000000163 ], [ -118.355438, 33.378273 ], [ -118.355331, 33.378033 ], [ -118.355277999999885, 33.377499000000114 ], [ -118.355003, 33.377224 ], [ -118.355003, 33.376945 ], [ -118.354721, 33.376667000000168 ], [ -118.354445999999882, 33.376389 ], [ -118.353889, 33.375832000000173 ], [ -118.353607, 33.375843 ], [ -118.353058, 33.375278 ], [ -118.352904999999851, 33.375305 ], [ -118.352798, 33.37524 ], [ -118.352219, 33.37472200000019 ], [ -118.351974, 33.37472200000019 ], [ -118.351669, 33.374443 ], [ -118.351379, 33.374512 ], [ -118.351111999999887, 33.374168000000168 ], [ -118.350989999999854, 33.374168000000168 ], [ -118.35083, 33.374168000000168 ], [ -118.350555, 33.37389 ], [ -118.350555, 33.373749000000146 ], [ -118.350555, 33.373333000000173 ], [ -118.349442, 33.37222300000019 ], [ -118.349167, 33.371944 ], [ -118.348999, 33.371944 ], [ -118.348938, 33.371891 ], [ -118.348053, 33.371113 ], [ -118.348053, 33.370834000000173 ], [ -118.347777999999835, 33.370556 ], [ -118.347649, 33.370556 ], [ -118.347504, 33.370556 ], [ -118.34729, 33.370342000000164 ], [ -118.346946999999886, 33.369999000000178 ], [ -118.346657, 33.370014 ], [ -118.34639, 33.36972 ], [ -118.346237, 33.36972 ], [ -118.346123, 33.369675 ], [ -118.346024, 33.369633000000135 ], [ -118.345802, 33.369503000000179 ], [ -118.345703, 33.369446 ], [ -118.345558, 33.369446 ], [ -118.345337, 33.369225 ], [ -118.345268, 33.369183000000191 ], [ -118.345001, 33.369167000000118 ], [ -118.344695999999885, 33.368866 ], [ -118.34446, 33.368668000000184 ], [ -118.344406, 33.36861800000014 ], [ -118.344444, 33.368057 ], [ -118.34417, 33.367779 ], [ -118.343872, 33.367802000000154 ], [ -118.343735, 33.367638 ], [ -118.343612999999834, 33.367496 ], [ -118.343612999999834, 33.367222 ], [ -118.342444999999827, 33.366051 ], [ -118.341667, 33.365276 ], [ -118.341393, 33.365288000000135 ], [ -118.34111, 33.365002000000118 ], [ -118.340569, 33.365047000000118 ], [ -118.340279, 33.364723 ], [ -118.340141, 33.364723 ], [ -118.340004, 33.364689000000112 ], [ -118.339722, 33.364445 ], [ -118.339446999999836, 33.364445 ], [ -118.339164999999866, 33.364166 ], [ -118.33889, 33.363888000000145 ], [ -118.338646, 33.363850000000184 ], [ -118.337814, 33.363018 ], [ -118.337776, 33.362221 ], [ -118.337494, 33.362228 ], [ -118.337196, 33.361969000000158 ], [ -118.336945, 33.361946 ], [ -118.336815, 33.361813 ], [ -118.33667, 33.361668000000122 ], [ -118.336304, 33.361668000000122 ], [ -118.336113, 33.361668000000122 ], [ -118.335831, 33.361389000000145 ], [ -118.334724, 33.361343 ], [ -118.334442, 33.361111 ], [ -118.33387, 33.361149000000182 ], [ -118.333611, 33.360832 ], [ -118.332771, 33.360008 ], [ -118.332771, 33.359924 ], [ -118.332779, 33.359722 ], [ -118.332222, 33.359165000000132 ], [ -118.331947, 33.359165000000132 ], [ -118.33139, 33.358612 ], [ -118.331168999999875, 33.358330000000137 ], [ -118.331078, 33.356911000000139 ], [ -118.330566, 33.356323 ], [ -118.330559, 33.356110000000115 ], [ -118.330193, 33.355747000000122 ], [ -118.330048, 33.355526000000111 ], [ -118.330001999999865, 33.355278 ], [ -118.329895, 33.355286 ], [ -118.329742, 33.355228000000182 ], [ -118.329407, 33.355000000000132 ], [ -118.329407, 33.354492 ], [ -118.328308, 33.353271 ], [ -118.328331, 33.353054 ], [ -118.328041, 33.352726 ], [ -118.328056, 33.352501000000132 ], [ -118.32756, 33.352501000000132 ], [ -118.326942, 33.351944 ], [ -118.326942, 33.35173 ], [ -118.326942, 33.351387000000159 ], [ -118.327171, 33.351162 ], [ -118.327209, 33.351074 ], [ -118.327225, 33.350834 ], [ -118.326302, 33.349915 ], [ -118.326111, 33.34967 ], [ -118.325553999999897, 33.34967 ], [ -118.325279, 33.349445 ], [ -118.324097, 33.349487000000181 ], [ -118.323608, 33.34887700000013 ], [ -118.323608, 33.348331 ], [ -118.32328, 33.348091000000124 ], [ -118.323044, 33.347721 ], [ -118.323059, 33.3475 ], [ -118.323563, 33.346992000000114 ], [ -118.32357, 33.34692 ], [ -118.323608, 33.346668000000136 ], [ -118.324722, 33.346668000000136 ], [ -118.324996999999883, 33.346943000000181 ], [ -118.325553999999897, 33.346943000000181 ], [ -118.325835999999867, 33.346668000000136 ], [ -118.326111, 33.346943000000181 ], [ -118.326385, 33.347221 ], [ -118.326668, 33.3475 ], [ -118.326942, 33.347778000000176 ], [ -118.327499, 33.347778000000176 ], [ -118.327843, 33.347435000000189 ], [ -118.328056, 33.347221 ], [ -118.328056, 33.346943000000181 ], [ -118.327774, 33.346668000000136 ], [ -118.326385, 33.345276 ], [ -118.326111, 33.345001 ], [ -118.325935, 33.344826000000126 ], [ -118.32589, 33.344704 ], [ -118.325867, 33.344475 ], [ -118.325835999999867, 33.344166 ], [ -118.325088999999878, 33.343422000000146 ], [ -118.325012, 33.343323000000112 ], [ -118.324448, 33.342777 ], [ -118.324165, 33.342777 ], [ -118.323891, 33.343056 ], [ -118.323891, 33.343178 ], [ -118.323891, 33.343334000000141 ], [ -118.323302999999896, 33.343872 ], [ -118.323334, 33.34444400000018 ], [ -118.322998, 33.344727000000148 ], [ -118.322777, 33.344723000000158 ], [ -118.322464, 33.345043000000146 ], [ -118.322067, 33.345432000000187 ], [ -118.321929999999895, 33.345535 ], [ -118.321617, 33.345604 ], [ -118.321152, 33.345051000000126 ], [ -118.320830999999885, 33.344723000000158 ], [ -118.320969, 33.344589 ], [ -118.321114, 33.34444400000018 ], [ -118.320923, 33.344257000000141 ], [ -118.3209, 33.344151 ], [ -118.320830999999885, 33.343887000000109 ], [ -118.321114, 33.343613000000175 ], [ -118.321114, 33.343056 ], [ -118.320830999999885, 33.342777 ], [ -118.320557, 33.342499 ], [ -118.320274, 33.342224000000158 ], [ -118.319695, 33.342831000000103 ], [ -118.319443, 33.342499 ], [ -118.319091999999898, 33.342499 ], [ -118.318886, 33.342499 ], [ -118.318611, 33.342777 ], [ -118.318374999999889, 33.343109 ], [ -118.318336, 33.343334000000141 ], [ -118.318054, 33.343338000000131 ], [ -118.317848, 33.343544000000122 ], [ -118.31778, 33.343613000000175 ], [ -118.31736, 33.343193 ], [ -118.317222999999899, 33.343056 ], [ -118.317222999999899, 33.342777 ], [ -118.316895, 33.342529000000184 ], [ -118.316948, 33.341946 ], [ -118.316719, 33.341946 ], [ -118.315552, 33.340832 ], [ -118.315308, 33.340881 ], [ -118.314995, 33.340569000000187 ], [ -118.314697, 33.340271 ], [ -118.313614, 33.34027900000018 ], [ -118.313103, 33.339684000000148 ], [ -118.312775, 33.339722000000108 ], [ -118.312775, 33.339340000000107 ], [ -118.312775, 33.33916900000014 ], [ -118.312499999999829, 33.338890000000163 ], [ -118.312202, 33.338619000000108 ], [ -118.312224999999899, 33.338333 ], [ -118.312035, 33.338146 ], [ -118.312012, 33.338074000000177 ], [ -118.312224999999899, 33.33777600000019 ], [ -118.311943, 33.337502 ], [ -118.311707, 33.337524000000144 ], [ -118.311386, 33.337223000000108 ], [ -118.311111, 33.337223000000108 ], [ -118.310837, 33.336945000000185 ], [ -118.310555, 33.336666 ], [ -118.310555, 33.336113 ], [ -118.310432, 33.335991 ], [ -118.31028, 33.335835 ], [ -118.31028, 33.33569 ], [ -118.31028, 33.335556000000167 ], [ -118.309998, 33.335327 ], [ -118.309998, 33.334721000000172 ], [ -118.309723, 33.334446000000185 ], [ -118.309723, 33.334167 ], [ -118.309448, 33.333889000000113 ], [ -118.309204, 33.333923 ], [ -118.309166, 33.33361100000019 ], [ -118.308327, 33.332840000000147 ], [ -118.308273, 33.332790000000102 ], [ -118.308333999999832, 33.331944 ], [ -118.308014, 33.331680000000119 ], [ -118.308051999999861, 33.331390000000113 ], [ -118.307816, 33.33114600000016 ], [ -118.307777, 33.330833 ], [ -118.307502999999883, 33.330555000000118 ], [ -118.307502999999883, 33.33027600000014 ], [ -118.307312, 33.33009 ], [ -118.307289, 33.329987000000187 ], [ -118.30722, 33.329723000000172 ], [ -118.307502999999883, 33.329445 ], [ -118.307502999999883, 33.328888 ], [ -118.307266, 33.32865100000015 ], [ -118.30722, 33.327499 ], [ -118.307006999999885, 33.327286000000186 ], [ -118.306946, 33.327217000000132 ], [ -118.306946, 33.326946 ], [ -118.306664, 33.326668 ], [ -118.306519, 33.326721000000134 ], [ -118.306389, 33.326668 ], [ -118.306389, 33.326202 ], [ -118.306389, 33.325554 ], [ -118.30616, 33.325321000000145 ], [ -118.306114, 33.324444 ], [ -118.305779, 33.324184000000173 ], [ -118.305832, 33.323612000000139 ], [ -118.305527, 33.323341 ], [ -118.30551899999989, 33.323105000000112 ], [ -118.304726, 33.322224 ], [ -118.304435999999896, 33.322227000000112 ], [ -118.304443, 33.321945 ], [ -118.304168999999831, 33.321667000000105 ], [ -118.304168999999831, 33.321388000000127 ], [ -118.303612, 33.320835 ], [ -118.303612, 33.320557000000122 ], [ -118.303284, 33.320313000000169 ], [ -118.303336999999829, 33.32 ], [ -118.303016999999898, 33.319736 ], [ -118.302872, 33.319557000000145 ], [ -118.30278, 33.319443000000149 ], [ -118.30278, 33.319168000000104 ], [ -118.303055, 33.31889 ], [ -118.303055, 33.31872600000014 ], [ -118.303085, 33.318619000000183 ], [ -118.303336999999829, 33.318333000000109 ], [ -118.303336999999829, 33.317745000000173 ], [ -118.303406, 33.317505 ], [ -118.303612, 33.317223000000126 ], [ -118.303589, 33.316101 ], [ -118.303756999999848, 33.315319000000159 ], [ -118.303787, 33.315189 ], [ -118.303894, 33.314697 ], [ -118.303885999999864, 33.314167 ], [ -118.303787, 33.313709000000188 ], [ -118.303818, 33.313629000000105 ], [ -118.303925, 33.313347 ], [ -118.303885999999864, 33.313057 ], [ -118.30407, 33.312874000000193 ], [ -118.304168999999831, 33.312778 ], [ -118.304168999999831, 33.312447000000191 ], [ -118.304168999999831, 33.312317000000121 ], [ -118.304213999999888, 33.312248 ], [ -118.30442, 33.31216 ], [ -118.304512, 33.31179 ], [ -118.304641999999888, 33.311504000000184 ], [ -118.304665, 33.311382 ], [ -118.304847999999879, 33.310741 ], [ -118.304885999999897, 33.310646 ], [ -118.305031, 33.31000100000017 ], [ -118.305206, 33.309799000000112 ], [ -118.305229, 33.309711000000107 ], [ -118.305275, 33.309166000000175 ], [ -118.305388999999877, 33.309052000000122 ], [ -118.30551899999989, 33.308861000000149 ], [ -118.305832, 33.308613 ], [ -118.305832, 33.308472000000108 ], [ -118.305832, 33.308334 ], [ -118.307236, 33.306965000000105 ], [ -118.307502999999883, 33.306946000000153 ], [ -118.307709, 33.306736000000171 ], [ -118.307777, 33.306667000000175 ], [ -118.308891, 33.306694000000107 ], [ -118.309166, 33.306389 ], [ -118.309479, 33.306423 ], [ -118.309959, 33.305874 ], [ -118.311386, 33.30583200000018 ], [ -118.311493, 33.305729000000156 ], [ -118.311661, 33.305553 ], [ -118.311667999999884, 33.305279 ], [ -118.31472, 33.302223 ], [ -118.314963999999861, 33.302181 ], [ -118.315308, 33.30188 ], [ -118.315552, 33.301945000000103 ], [ -118.31575, 33.301746000000151 ], [ -118.315849, 33.301716000000113 ], [ -118.316109, 33.301666 ], [ -118.316390999999896, 33.301388 ], [ -118.316665999999884, 33.301388 ], [ -118.316895, 33.301086 ], [ -118.317496999999832, 33.301086 ], [ -118.31778, 33.300835 ], [ -118.318511999999885, 33.300835 ], [ -118.318886, 33.300835 ], [ -118.318909, 33.300720000000126 ], [ -118.319168, 33.300556 ], [ -118.319427, 33.300877000000185 ], [ -118.319503999999881, 33.30085 ], [ -118.319687, 33.300785000000189 ], [ -118.319969, 33.300591000000111 ], [ -118.320107, 33.300453 ], [ -118.320289999999886, 33.300293000000181 ], [ -118.320473, 33.30009100000018 ], [ -118.320557, 33.299999000000184 ], [ -118.320999, 33.299999000000184 ], [ -118.321373, 33.299934000000121 ], [ -118.321686, 33.29977 ], [ -118.321945, 33.299721 ], [ -118.322128, 33.299541000000147 ], [ -118.322204999999883, 33.2995 ], [ -118.324219, 33.2995 ], [ -118.324471, 33.299187000000131 ], [ -118.324707, 33.298889 ], [ -118.325317, 33.298889 ], [ -118.325553999999897, 33.298611000000108 ], [ -118.326111, 33.298611000000108 ], [ -118.326385, 33.298912000000144 ], [ -118.327499, 33.298889 ], [ -118.327621, 33.29902600000014 ], [ -118.327766, 33.299183 ], [ -118.328056, 33.299168000000179 ], [ -118.328308, 33.2995 ], [ -118.328918, 33.2995 ], [ -118.329445, 33.299999000000184 ], [ -118.32972, 33.300308 ], [ -118.331665, 33.300278000000162 ], [ -118.331947, 33.300556 ], [ -118.331947, 33.300835 ], [ -118.332214, 33.30114 ], [ -118.333336, 33.301109000000167 ], [ -118.333625999999867, 33.301388 ], [ -118.334998999999868, 33.301388 ], [ -118.335326999999893, 33.301697000000161 ], [ -118.335556, 33.301666 ], [ -118.336166, 33.302223 ], [ -118.33667, 33.302223 ], [ -118.336951999999883, 33.302464 ], [ -118.337112, 33.302502000000175 ], [ -118.337219, 33.302502000000175 ], [ -118.337502, 33.302776000000108 ], [ -118.338881999999899, 33.302715 ], [ -118.338958999999875, 33.302704000000176 ], [ -118.339164999999866, 33.302502000000175 ], [ -118.339446999999836, 33.302502000000175 ], [ -118.339722, 33.302776000000108 ], [ -118.339996, 33.303055 ], [ -118.340553, 33.303055 ], [ -118.340843, 33.303307000000132 ], [ -118.341011, 33.30333300000018 ], [ -118.342224, 33.30333300000018 ], [ -118.342224, 33.303528000000142 ], [ -118.342224, 33.303612000000157 ], [ -118.343329999999867, 33.304722 ], [ -118.343413999999882, 33.304722 ], [ -118.343612999999834, 33.304722 ], [ -118.343887, 33.305 ], [ -118.34417, 33.305 ], [ -118.344444, 33.305298 ], [ -118.344673, 33.305298 ], [ -118.344909999999857, 33.305317000000173 ], [ -118.344985999999835, 33.305325000000153 ], [ -118.345085, 33.305363000000114 ], [ -118.345276, 33.305557000000135 ], [ -118.345527999999831, 33.305595 ], [ -118.346046, 33.306049 ], [ -118.346107, 33.306110000000103 ], [ -118.346664, 33.306110000000103 ], [ -118.346817, 33.306259000000125 ], [ -118.346946999999886, 33.306389 ], [ -118.346946999999886, 33.30722 ], [ -118.347221, 33.307499 ], [ -118.347777999999835, 33.308105000000126 ], [ -118.348053, 33.308056000000136 ], [ -118.348327999999867, 33.308285 ], [ -118.348389, 33.308334 ], [ -118.348609999999837, 33.308334 ], [ -118.34919, 33.308819 ], [ -118.349426, 33.30889900000011 ], [ -118.349724, 33.308613 ], [ -118.350280999999882, 33.308613 ], [ -118.350280999999882, 33.308716 ], [ -118.350280999999882, 33.309166000000175 ], [ -118.350395, 33.309334 ], [ -118.350494, 33.309483000000114 ], [ -118.350615999999889, 33.309689000000105 ], [ -118.350716, 33.309868000000165 ], [ -118.350845, 33.309986000000151 ], [ -118.351143, 33.310234 ], [ -118.351387, 33.310276000000158 ], [ -118.351662, 33.310574000000145 ], [ -118.351943999999889, 33.310555000000136 ], [ -118.352257, 33.310833 ], [ -118.353058, 33.310833 ], [ -118.353333, 33.311111000000153 ], [ -118.353615, 33.311390000000131 ], [ -118.353889, 33.311668 ], [ -118.353866999999866, 33.311893 ], [ -118.354164, 33.312222 ], [ -118.354187, 33.312500000000171 ], [ -118.355567999999892, 33.313877 ], [ -118.355743, 33.314053 ], [ -118.355843, 33.314140000000123 ], [ -118.356087, 33.314232000000118 ], [ -118.356239, 33.314293000000191 ], [ -118.356392, 33.314445000000148 ], [ -118.356628, 33.314445000000148 ], [ -118.356940999999836, 33.314445000000148 ], [ -118.357224, 33.314724000000126 ], [ -118.35733, 33.314724000000126 ], [ -118.357498, 33.314724000000126 ], [ -118.35778, 33.314999000000171 ], [ -118.358887, 33.314999000000171 ], [ -118.359618999999896, 33.31488 ], [ -118.360274999999888, 33.314888 ], [ -118.360558, 33.314976 ], [ -118.360832, 33.314999000000171 ], [ -118.361137, 33.315277 ], [ -118.361487999999895, 33.315365 ], [ -118.362053, 33.315430000000106 ], [ -118.362633, 33.315334000000178 ], [ -118.362793, 33.31530800000013 ], [ -118.363052, 33.315277 ], [ -118.363335, 33.315277 ], [ -118.363608999999883, 33.315556 ], [ -118.364037, 33.315643000000136 ], [ -118.364319, 33.315643000000136 ], [ -118.364799, 33.315945 ], [ -118.365226999999834, 33.316010000000119 ], [ -118.365524, 33.31623500000012 ], [ -118.365707, 33.316372 ], [ -118.366203, 33.316547000000128 ], [ -118.366325, 33.316589 ], [ -118.366745, 33.316818000000183 ], [ -118.367119, 33.316818000000183 ], [ -118.367798, 33.317074 ], [ -118.367867, 33.31710100000015 ], [ -118.368614, 33.317223000000126 ], [ -118.369202, 33.317322000000161 ], [ -118.369919, 33.317654 ], [ -118.369995, 33.317654 ], [ -118.370224, 33.317650000000128 ], [ -118.370705, 33.31789 ], [ -118.371216, 33.318298 ], [ -118.371368, 33.318398000000172 ], [ -118.371971, 33.318634 ], [ -118.372375, 33.319092 ], [ -118.373283, 33.319466 ], [ -118.373421, 33.31948100000011 ], [ -118.373688, 33.319515 ], [ -118.374214, 33.319794 ], [ -118.374573, 33.319748000000175 ], [ -118.374695, 33.319702 ], [ -118.375305, 33.319702 ], [ -118.375908, 33.319794 ], [ -118.376663, 33.319962 ], [ -118.377021999999897, 33.320087000000115 ], [ -118.377502, 33.320313000000169 ], [ -118.378052, 33.320557000000122 ], [ -118.378394999999898, 33.320835 ], [ -118.378593, 33.320774000000142 ], [ -118.37889099999984, 33.320557000000122 ], [ -118.381386, 33.320557000000122 ], [ -118.381676, 33.320866 ], [ -118.3825, 33.320557000000122 ], [ -118.383056999999894, 33.320557000000122 ], [ -118.383056999999894, 33.320835 ], [ -118.383331, 33.321106 ], [ -118.384445, 33.32111 ], [ -118.38475, 33.32087700000011 ], [ -118.385002, 33.320557000000122 ], [ -118.385826, 33.320515 ], [ -118.385894999999891, 33.320457 ], [ -118.386108, 33.320278000000144 ], [ -118.386719, 33.320313000000169 ], [ -118.386948, 33.32 ], [ -118.388336, 33.32 ], [ -118.388602999999875, 33.320343 ], [ -118.389442, 33.320278000000144 ], [ -118.389732, 33.320518000000106 ], [ -118.390213, 33.320568000000151 ], [ -118.391411, 33.320591 ], [ -118.391945, 33.32 ], [ -118.392212, 33.319992 ], [ -118.392296, 33.319927 ], [ -118.392776, 33.319443000000149 ], [ -118.393021, 33.319389000000115 ], [ -118.393265, 33.319233000000168 ], [ -118.393333, 33.319168000000104 ], [ -118.394165, 33.319168000000104 ], [ -118.394447, 33.319443000000149 ], [ -118.395279, 33.319443000000149 ], [ -118.39555399999989, 33.319721 ], [ -118.396667, 33.319721 ], [ -118.396942, 33.319443000000149 ], [ -118.397224, 33.319702 ], [ -118.399109, 33.319702 ], [ -118.399399, 33.320038000000181 ], [ -118.399689, 33.319962 ], [ -118.400024, 33.319702 ], [ -118.400513, 33.320313000000169 ], [ -118.400833, 33.320278000000144 ], [ -118.401108, 33.320557000000122 ], [ -118.402496, 33.320557000000122 ], [ -118.402779, 33.320835 ], [ -118.403052999999886, 33.320835 ], [ -118.403336, 33.320557000000122 ], [ -118.403618, 33.320866 ], [ -118.403854, 33.320835 ], [ -118.404999, 33.320835 ], [ -118.405159, 33.320679 ], [ -118.405281, 33.320557000000122 ], [ -118.406386999999881, 33.320557000000122 ], [ -118.406662, 33.320854000000168 ], [ -118.406952, 33.320847000000128 ], [ -118.407218999999884, 33.320557000000122 ], [ -118.407501, 33.320557000000122 ], [ -118.407776, 33.320839 ], [ -118.408058, 33.320835 ], [ -118.408333, 33.320557000000122 ], [ -118.408607, 33.320557000000122 ], [ -118.40889, 33.320835 ], [ -118.409164, 33.320557000000122 ], [ -118.410003999999844, 33.320557000000122 ], [ -118.410278, 33.320278000000144 ], [ -118.410888999999884, 33.320313000000169 ], [ -118.41111, 33.32 ], [ -118.41259, 33.32 ], [ -118.413055, 33.32 ], [ -118.413162, 33.319893 ], [ -118.41333, 33.319721 ], [ -118.414168999999845, 33.319725 ], [ -118.414444, 33.319443000000149 ], [ -118.41571, 33.319454000000178 ], [ -118.415839999999889, 33.319454000000178 ], [ -118.416115, 33.319168000000104 ], [ -118.416367, 33.319138000000123 ], [ -118.416641, 33.318916 ], [ -118.417221, 33.318333000000109 ], [ -118.418106, 33.318371 ], [ -118.418335, 33.318054000000132 ], [ -118.418503, 33.318054000000132 ], [ -118.418579, 33.318008 ], [ -118.418915, 33.317814000000169 ], [ -118.419166999999845, 33.31778 ], [ -118.419403, 33.317535000000191 ], [ -118.419724, 33.317223000000126 ], [ -118.41995999999989, 33.317181 ], [ -118.420288, 33.316895000000159 ], [ -118.42028, 33.316666 ], [ -118.423058, 33.316666 ], [ -118.423331999999846, 33.316944000000149 ], [ -118.423599, 33.317245000000185 ], [ -118.423889, 33.317223000000126 ], [ -118.424446, 33.31778 ], [ -118.426392, 33.31778 ], [ -118.426697, 33.318115 ], [ -118.426941, 33.318054000000132 ], [ -118.427223, 33.318333000000109 ], [ -118.427498, 33.318333000000109 ], [ -118.42778, 33.318611 ], [ -118.429443, 33.318611 ], [ -118.429726, 33.318333000000109 ], [ -118.430557, 33.318333000000109 ], [ -118.430831999999896, 33.318611 ], [ -118.431663999999898, 33.318611 ], [ -118.431931, 33.31895400000019 ], [ -118.432502999999883, 33.31889 ], [ -118.432785, 33.319115000000181 ], [ -118.433281, 33.319176 ], [ -118.434181, 33.319187000000113 ], [ -118.434509, 33.31890900000019 ], [ -118.4347, 33.318836 ], [ -118.434997999999894, 33.318611 ], [ -118.437775, 33.318611 ], [ -118.438057, 33.318333000000109 ], [ -118.438599, 33.318306 ], [ -118.438683, 33.318260000000123 ], [ -118.438889, 33.318054000000132 ], [ -118.439162999999894, 33.318333000000109 ], [ -118.43943, 33.318314000000157 ], [ -118.439552, 33.318222 ], [ -118.439697, 33.318115 ], [ -118.441101, 33.318115 ], [ -118.441376, 33.318352000000118 ], [ -118.441665999999884, 33.318333000000109 ], [ -118.442496999999889, 33.319168000000104 ], [ -118.44278, 33.319443000000149 ], [ -118.443054, 33.319721 ], [ -118.443306, 33.320042000000115 ], [ -118.443611, 33.32 ], [ -118.443893, 33.320236000000193 ], [ -118.444092, 33.320278000000144 ], [ -118.444443, 33.320278000000144 ], [ -118.444725, 33.320557000000122 ], [ -118.445, 33.320835 ], [ -118.445495999999878, 33.320313000000169 ], [ -118.446113999999852, 33.320278000000144 ], [ -118.446280999999885, 33.320446000000175 ], [ -118.446388, 33.320557000000122 ], [ -118.446662999999887, 33.320557000000122 ], [ -118.446952999999894, 33.320324 ], [ -118.447204999999883, 33.320236000000193 ], [ -118.447296, 33.320206 ], [ -118.447502, 33.32 ], [ -118.448891, 33.32 ], [ -118.449157999999898, 33.320332000000178 ], [ -118.450554, 33.320278000000144 ], [ -118.450836, 33.320557000000122 ], [ -118.451111, 33.320557000000122 ], [ -118.451385, 33.320835 ], [ -118.451668, 33.32111 ], [ -118.452499, 33.321106 ], [ -118.452774, 33.320835 ], [ -118.453056, 33.320835 ], [ -118.453331, 33.321144000000174 ], [ -118.455276, 33.32111 ], [ -118.455551, 33.321404 ], [ -118.456108, 33.321388000000127 ], [ -118.45639, 33.321716 ], [ -118.456908999999882, 33.321716 ], [ -118.457184, 33.321987000000149 ], [ -118.457497, 33.321945 ], [ -118.458061, 33.322475000000168 ], [ -118.45813, 33.32251 ], [ -118.458336, 33.32249800000011 ], [ -118.459167, 33.323334 ], [ -118.459441999999854, 33.323334 ], [ -118.459724, 33.323612000000139 ], [ -118.459923, 33.323898000000156 ], [ -118.460280999999895, 33.323891000000117 ], [ -118.460556, 33.324165 ], [ -118.462502, 33.324165 ], [ -118.462776, 33.324444 ], [ -118.463058, 33.324722000000122 ], [ -118.463371, 33.325024 ], [ -118.463607999999851, 33.3250010000001 ], [ -118.464165, 33.325554 ], [ -118.464446999999893, 33.325554 ], [ -118.464714, 33.325867000000187 ], [ -118.465278999999896, 33.325832000000105 ], [ -118.465553, 33.325554 ], [ -118.465836, 33.325832000000105 ], [ -118.46611, 33.326111000000139 ], [ -118.466155999999899, 33.326347000000112 ], [ -118.466675, 33.326946 ], [ -118.466942, 33.326946 ], [ -118.467224, 33.327221000000122 ], [ -118.467499, 33.327515000000119 ], [ -118.468322999999884, 33.327515000000119 ], [ -118.468612999999891, 33.327778 ], [ -118.468628, 33.328125000000114 ], [ -118.467772999999852, 33.328884 ], [ -118.467528999999899, 33.329102000000148 ], [ -118.467499, 33.329346000000101 ], [ -118.467499, 33.330002 ], [ -118.468048, 33.33057 ], [ -118.46833, 33.330555000000118 ], [ -118.46862, 33.330814 ], [ -118.468887, 33.330833 ], [ -118.469177, 33.331116000000179 ], [ -118.470275999999899, 33.331116000000179 ], [ -118.470596, 33.331390000000113 ], [ -118.470833, 33.331390000000113 ], [ -118.471382, 33.331940000000145 ], [ -118.471664, 33.332222000000172 ], [ -118.471802, 33.332222000000172 ], [ -118.471946999999886, 33.332222000000172 ], [ -118.472504, 33.332779 ], [ -118.472504, 33.333057000000167 ], [ -118.473053, 33.33361100000019 ], [ -118.473053, 33.333889000000113 ], [ -118.473335, 33.334167 ], [ -118.473335, 33.334999 ], [ -118.473083, 33.335327 ], [ -118.473015, 33.335541 ], [ -118.472983999999883, 33.335625 ], [ -118.472777999999892, 33.335835 ], [ -118.472777999999892, 33.336113 ], [ -118.473351, 33.336658 ], [ -118.473388999999827, 33.336731 ], [ -118.473609999999894, 33.336666 ], [ -118.47419699999989, 33.337158 ], [ -118.474319, 33.337223000000108 ], [ -118.474426, 33.337223000000108 ], [ -118.474724, 33.337223000000108 ], [ -118.475281, 33.33777600000019 ], [ -118.475646999999867, 33.338146 ], [ -118.475860999999895, 33.33829500000013 ], [ -118.476111999999887, 33.338333 ], [ -118.476379, 33.338684000000171 ], [ -118.476943999999889, 33.338669 ], [ -118.477501, 33.33916900000014 ], [ -118.477455, 33.339470000000176 ], [ -118.477775999999892, 33.339722000000108 ], [ -118.477775999999892, 33.340294000000142 ], [ -118.477775999999892, 33.340557 ], [ -118.477889999999888, 33.340668 ], [ -118.478058, 33.340832 ], [ -118.478333, 33.341110000000185 ], [ -118.478592, 33.341434000000163 ], [ -118.478889, 33.341389000000163 ], [ -118.47934, 33.341839000000107 ], [ -118.479469, 33.341908000000103 ], [ -118.479538, 33.341946 ], [ -118.479721, 33.341946 ], [ -118.480316, 33.342442 ], [ -118.480408, 33.342499 ], [ -118.480553, 33.342499 ], [ -118.480797, 33.34282300000018 ], [ -118.481109999999887, 33.342777 ], [ -118.481697, 33.343369 ], [ -118.481940999999892, 33.343613000000175 ], [ -118.481940999999892, 33.343887000000109 ], [ -118.482224, 33.344166 ], [ -118.482224, 33.34444400000018 ], [ -118.482498, 33.344723000000158 ], [ -118.482452, 33.345024 ], [ -118.483055, 33.345554000000163 ], [ -118.483078, 33.346088000000123 ], [ -118.483582, 33.34668 ], [ -118.484123, 33.347263000000169 ], [ -118.484344, 33.347427 ], [ -118.484444, 33.3475 ], [ -118.484726, 33.347778000000176 ], [ -118.484497, 33.348083000000145 ], [ -118.484436, 33.348335 ], [ -118.484169, 33.34861 ], [ -118.484337, 33.348778 ], [ -118.484444, 33.348888000000159 ], [ -118.484985, 33.349487000000181 ], [ -118.485557999999855, 33.349998000000141 ], [ -118.485832, 33.350277000000176 ], [ -118.485832, 33.350555 ], [ -118.486115, 33.350834 ], [ -118.486084, 33.351074 ], [ -118.486389, 33.351387000000159 ], [ -118.486382, 33.351669 ], [ -118.486664, 33.351944 ], [ -118.486687, 33.352245 ], [ -118.486946, 33.352501000000132 ], [ -118.486977, 33.353043 ], [ -118.487, 33.353111000000183 ], [ -118.487221, 33.353333 ], [ -118.487198, 33.353626000000133 ], [ -118.488052, 33.354443 ], [ -118.488052, 33.354721000000154 ], [ -118.488335, 33.355000000000132 ], [ -118.488335, 33.355602 ], [ -118.488335, 33.355835000000127 ], [ -118.488457, 33.355957000000103 ], [ -118.488609, 33.356110000000115 ], [ -118.488586, 33.356331000000125 ], [ -118.488579, 33.356407 ], [ -118.488892, 33.356667 ], [ -118.488892, 33.356873 ], [ -118.488892, 33.35694500000011 ], [ -118.489166, 33.357224000000144 ], [ -118.488892, 33.357498 ], [ -118.488892, 33.357727000000182 ], [ -118.488777, 33.357895 ], [ -118.488335, 33.358334000000127 ], [ -118.488335, 33.358521000000167 ], [ -118.488289, 33.358578 ], [ -118.487815999999896, 33.359192 ], [ -118.487503, 33.35944400000011 ], [ -118.486664, 33.360279000000105 ], [ -118.486839, 33.360451000000126 ], [ -118.486946, 33.36055400000015 ], [ -118.486946, 33.360832 ], [ -118.486816, 33.360962000000143 ], [ -118.486664, 33.361111 ], [ -118.486389, 33.361389000000145 ], [ -118.486206, 33.361694000000114 ], [ -118.486008, 33.361774 ], [ -118.485832, 33.361946 ], [ -118.485596, 33.361942 ], [ -118.485321, 33.362255000000175 ], [ -118.485001, 33.362499000000128 ], [ -118.485031, 33.362663 ], [ -118.485596, 33.363281 ], [ -118.485664, 33.363335000000177 ], [ -118.485832, 33.363335000000177 ], [ -118.486389, 33.363892 ], [ -118.485274999999888, 33.365002000000118 ], [ -118.48526, 33.365261 ], [ -118.485092, 33.365463 ], [ -118.485001, 33.365555 ], [ -118.484985, 33.366089000000159 ], [ -118.484947, 33.366165 ], [ -118.484726, 33.36639 ], [ -118.48468, 33.366699 ], [ -118.484169, 33.367222 ], [ -118.483887, 33.367222 ], [ -118.483589, 33.367435000000171 ], [ -118.483398, 33.367493000000138 ], [ -118.482872, 33.367962 ], [ -118.481940999999892, 33.368889 ], [ -118.482498, 33.369446 ], [ -118.48278, 33.36972 ], [ -118.482796, 33.369865000000118 ], [ -118.482811, 33.369972 ], [ -118.4832, 33.37041500000015 ], [ -118.484169, 33.371387 ], [ -118.484444, 33.371666000000118 ], [ -118.485001, 33.371666000000118 ], [ -118.485274999999888, 33.371944 ], [ -118.485557999999855, 33.37222300000019 ], [ -118.485557999999855, 33.372776000000101 ], [ -118.485389999999882, 33.37294 ], [ -118.484169, 33.374168000000168 ], [ -118.483879, 33.374172000000158 ], [ -118.483574, 33.37439 ], [ -118.483322, 33.374462000000165 ], [ -118.483055, 33.374168000000168 ], [ -118.48288, 33.37418 ], [ -118.482521, 33.374207000000183 ], [ -118.482193, 33.374393000000111 ], [ -118.481995, 33.374512 ], [ -118.481391999999857, 33.375000000000114 ], [ -118.481133, 33.375259 ], [ -118.480835, 33.375557000000185 ], [ -118.480835, 33.375832000000173 ], [ -118.480606, 33.376118 ], [ -118.480576, 33.376278000000127 ], [ -118.480583, 33.376369 ], [ -118.480667, 33.376499000000138 ], [ -118.481109999999887, 33.376945 ], [ -118.481109999999887, 33.377224 ], [ -118.481391999999857, 33.377499000000114 ], [ -118.481415, 33.377762000000189 ], [ -118.48152199999987, 33.377911 ], [ -118.481667, 33.378056000000186 ], [ -118.481659, 33.378334 ], [ -118.481940999999892, 33.378613 ], [ -118.481972, 33.379719 ], [ -118.481667, 33.380001000000163 ], [ -118.481628, 33.380245000000116 ], [ -118.481384, 33.380493000000172 ], [ -118.48106399999989, 33.380783 ], [ -118.48101, 33.380833 ], [ -118.480835, 33.380833 ], [ -118.480553, 33.381130000000155 ], [ -118.479721, 33.381111000000146 ], [ -118.479523, 33.381313 ], [ -118.479439, 33.381325000000118 ], [ -118.475281, 33.381390000000181 ], [ -118.474998, 33.381668 ], [ -118.474457, 33.382236000000148 ], [ -118.474121, 33.382507 ], [ -118.473892, 33.382500000000164 ], [ -118.473609999999894, 33.382778 ], [ -118.473335, 33.382778 ], [ -118.473053, 33.383057 ], [ -118.473022, 33.383301000000188 ], [ -118.473549, 33.383873 ], [ -118.473602, 33.383926 ], [ -118.474167, 33.383888 ], [ -118.474349999999845, 33.384045 ], [ -118.474449, 33.384132000000193 ], [ -118.474571, 33.384167 ], [ -118.474998, 33.384167 ], [ -118.475524999999891, 33.384705000000167 ], [ -118.475555, 33.384998 ], [ -118.47583, 33.385277 ], [ -118.476082, 33.385612 ], [ -118.476394999999854, 33.385563000000104 ], [ -118.476669, 33.385277 ], [ -118.476806999999837, 33.385281 ], [ -118.477783, 33.385315 ], [ -118.479187, 33.386719 ], [ -118.479164, 33.387222 ], [ -118.479262999999833, 33.387318 ], [ -118.479446, 33.387501 ], [ -118.479424, 33.387802 ], [ -118.479979999999898, 33.388306 ], [ -118.480049, 33.388660000000186 ], [ -118.480278, 33.38888900000012 ], [ -118.480553, 33.389168000000154 ], [ -118.480553, 33.389446 ], [ -118.480835, 33.389721 ], [ -118.480835, 33.390003000000149 ], [ -118.481391999999857, 33.390556 ], [ -118.481391999999857, 33.39068600000013 ], [ -118.481391999999857, 33.39250200000015 ], [ -118.481194, 33.392693000000122 ], [ -118.481109999999887, 33.392776 ], [ -118.481361, 33.39307 ], [ -118.481391999999857, 33.393147 ], [ -118.481391999999857, 33.393333000000155 ], [ -118.481529, 33.393471 ], [ -118.481667, 33.393612000000132 ], [ -118.481667, 33.394165 ], [ -118.481506, 33.394329000000141 ], [ -118.481391999999857, 33.394444 ], [ -118.481384, 33.395325000000128 ], [ -118.481667, 33.39555700000011 ], [ -118.481689, 33.395874 ], [ -118.482482999999888, 33.396729000000107 ], [ -118.483055, 33.39666700000015 ], [ -118.48333, 33.396946000000128 ], [ -118.483612, 33.397221000000116 ], [ -118.483887, 33.397499 ], [ -118.483855999999889, 33.397797 ], [ -118.484169, 33.398056000000111 ], [ -118.484191999999894, 33.398682 ], [ -118.484726, 33.39916600000015 ], [ -118.48468, 33.399475000000109 ], [ -118.485274999999888, 33.400002 ], [ -118.485557999999855, 33.400276000000133 ], [ -118.485557999999855, 33.400555000000111 ], [ -118.485832, 33.400833 ], [ -118.485779, 33.401123 ], [ -118.486115, 33.401390000000106 ], [ -118.485900999999899, 33.40167200000019 ], [ -118.485832, 33.402252 ], [ -118.485832, 33.403332 ], [ -118.485686999999871, 33.403477000000123 ], [ -118.485557999999855, 33.403610000000128 ], [ -118.485557999999855, 33.403900000000135 ], [ -118.485557999999855, 33.404167 ], [ -118.485329, 33.40446900000012 ], [ -118.485001, 33.404724000000101 ], [ -118.485008, 33.405006000000185 ], [ -118.484801999999831, 33.405273 ], [ -118.484726, 33.406666 ], [ -118.484801999999831, 33.406742 ], [ -118.485001, 33.406944000000124 ], [ -118.485306, 33.407223000000101 ], [ -118.485413, 33.407223000000101 ], [ -118.485557999999855, 33.407223000000101 ], [ -118.485763999999847, 33.407433 ], [ -118.485847, 33.407467 ], [ -118.485931, 33.407501 ], [ -118.486115, 33.407501 ], [ -118.486389, 33.407776000000183 ], [ -118.486664, 33.408054000000106 ], [ -118.486664, 33.408333 ], [ -118.486084, 33.408875000000194 ], [ -118.486389, 33.409168 ], [ -118.486046, 33.409439000000134 ], [ -118.486038, 33.409519000000159 ], [ -118.485832, 33.409721 ], [ -118.485817, 33.409988 ], [ -118.485596, 33.410278000000119 ], [ -118.485557999999855, 33.41044600000015 ], [ -118.485557999999855, 33.410831 ], [ -118.485443, 33.410946000000138 ], [ -118.485367, 33.411022000000173 ], [ -118.485274999999888, 33.411110000000178 ], [ -118.48468, 33.411072 ], [ -118.484657, 33.411179 ], [ -118.484444, 33.411388000000102 ], [ -118.484444, 33.411667 ], [ -118.484535, 33.411755 ], [ -118.484726, 33.411945000000173 ], [ -118.484985, 33.412292 ], [ -118.485054, 33.412769000000139 ], [ -118.485068999999896, 33.412849 ], [ -118.485274999999888, 33.413055 ], [ -118.485274999999888, 33.413334000000191 ], [ -118.485832, 33.413887000000102 ], [ -118.485909, 33.413887000000102 ], [ -118.486115, 33.413887000000102 ], [ -118.486694, 33.41449 ], [ -118.486724999999865, 33.414997 ], [ -118.487213, 33.415562000000136 ], [ -118.487342999999839, 33.415672 ], [ -118.487503, 33.415833000000191 ], [ -118.487526, 33.416409 ], [ -118.487778, 33.416668000000186 ], [ -118.487747, 33.416958000000193 ], [ -118.488052, 33.417221 ], [ -118.488029, 33.417786 ], [ -118.488335, 33.418056 ], [ -118.488335, 33.418335 ], [ -118.488609, 33.41861 ], [ -118.488586, 33.418884 ], [ -118.488838, 33.419209 ], [ -118.489166, 33.419445 ], [ -118.489441, 33.419724 ], [ -118.4897, 33.420029 ], [ -118.489998, 33.419998000000191 ], [ -118.49028, 33.420277000000169 ], [ -118.490554999999858, 33.419998000000191 ], [ -118.491364, 33.420872 ], [ -118.491669, 33.420834 ], [ -118.491943, 33.42112 ], [ -118.492775, 33.421112000000164 ], [ -118.492966, 33.421276 ], [ -118.493065, 33.421364 ], [ -118.493172, 33.421391000000142 ], [ -118.494164, 33.421391000000142 ], [ -118.494446, 33.421692000000178 ], [ -118.494719999999859, 33.421692000000178 ], [ -118.495002999999826, 33.421391000000142 ], [ -118.495277, 33.421391000000142 ], [ -118.495552, 33.421692000000178 ], [ -118.496391, 33.421692000000178 ], [ -118.496666, 33.421391000000142 ], [ -118.496986, 33.421432000000152 ], [ -118.497223, 33.421112000000164 ], [ -118.497498, 33.420834 ], [ -118.497734, 33.42078 ], [ -118.498032, 33.420532000000151 ], [ -118.498306, 33.420605000000137 ], [ -118.498557999999889, 33.420776 ], [ -118.498885999999857, 33.421112000000164 ], [ -118.499046, 33.421112000000164 ], [ -118.499167999999827, 33.421112000000164 ], [ -118.499443, 33.421391000000142 ], [ -118.5, 33.421391000000142 ], [ -118.500052999999866, 33.421467 ], [ -118.500237, 33.421707 ], [ -118.500435, 33.421871 ], [ -118.500519, 33.421978 ], [ -118.500832, 33.422222000000147 ], [ -118.501663, 33.422222000000147 ], [ -118.501945, 33.422501000000125 ], [ -118.501945, 33.422779 ], [ -118.502341999999885, 33.423172 ], [ -118.502502, 33.423332000000187 ], [ -118.502602, 33.423233000000153 ], [ -118.502777, 33.423054 ], [ -118.503052, 33.423332000000187 ], [ -118.503333999999825, 33.423611000000164 ], [ -118.503365, 33.423859 ], [ -118.503586, 33.423950000000161 ], [ -118.503723, 33.424004 ], [ -118.503890999999896, 33.424168 ], [ -118.505196, 33.425468000000137 ], [ -118.505211, 33.425568 ], [ -118.505263999999897, 33.425838 ], [ -118.505554, 33.426109 ], [ -118.506119, 33.426117 ], [ -118.506386, 33.426388 ], [ -118.506409, 33.426697 ], [ -118.506668, 33.42694500000016 ], [ -118.506668, 33.427502 ], [ -118.506943, 33.427776000000165 ], [ -118.506943, 33.428055000000143 ], [ -118.506714, 33.428284 ], [ -118.506424, 33.428642 ], [ -118.506226, 33.428894000000128 ], [ -118.506119, 33.428925 ], [ -118.505836, 33.429165000000125 ], [ -118.505547, 33.429153 ], [ -118.50528, 33.429443 ], [ -118.504997, 33.429443 ], [ -118.504722999999899, 33.429722 ], [ -118.504882999999893, 33.429886000000124 ], [ -118.504997, 33.430000000000121 ], [ -118.504959, 33.430866 ], [ -118.504875, 33.430954 ], [ -118.504722999999899, 33.43111000000016 ], [ -118.504448, 33.43111000000016 ], [ -118.503609, 33.431946 ], [ -118.503333999999825, 33.432220000000143 ], [ -118.503197, 33.432087000000138 ], [ -118.503052, 33.431946 ], [ -118.502502, 33.432495000000188 ], [ -118.502449, 33.432766000000186 ], [ -118.50222, 33.432777 ], [ -118.50222, 33.433056 ], [ -118.502341999999885, 33.433174 ], [ -118.502502, 33.433334000000116 ], [ -118.501891999999884, 33.433899000000167 ], [ -118.501945, 33.434082 ], [ -118.501945, 33.434444000000155 ], [ -118.502113, 33.434662 ], [ -118.502197, 33.434765 ], [ -118.502525, 33.434959000000106 ], [ -118.502602, 33.435001 ], [ -118.502777, 33.435001 ], [ -118.503052, 33.434723000000133 ], [ -118.504210999999884, 33.434772 ], [ -118.504448, 33.434444000000155 ], [ -118.504684, 33.434391000000176 ], [ -118.504973999999891, 33.434189000000174 ], [ -118.505104, 33.434059 ], [ -118.505234, 33.433861 ], [ -118.50528, 33.433613 ], [ -118.505623, 33.433296 ], [ -118.505836, 33.433056 ], [ -118.506943, 33.431885000000136 ], [ -118.508614, 33.431885000000136 ], [ -118.508728, 33.431885000000136 ], [ -118.508887999999899, 33.431667 ], [ -118.508887999999899, 33.430496000000119 ], [ -118.508911, 33.430298000000107 ], [ -118.509163, 33.430000000000121 ], [ -118.509551999999871, 33.430000000000121 ], [ -118.509689, 33.429935000000114 ], [ -118.509811, 33.429852000000153 ], [ -118.510002, 33.429722 ], [ -118.510277, 33.429443 ], [ -118.510277, 33.429214000000115 ], [ -118.510391, 33.429089 ], [ -118.510559, 33.428890000000138 ], [ -118.510834, 33.428890000000138 ], [ -118.511108, 33.429165000000125 ], [ -118.511627, 33.428574 ], [ -118.511665, 33.428333 ], [ -118.511948, 33.428055000000143 ], [ -118.512192, 33.42781100000019 ], [ -118.512221999999895, 33.42694500000016 ], [ -118.512024, 33.426743000000101 ], [ -118.511948, 33.426666000000125 ], [ -118.512024, 33.425293 ], [ -118.512221999999895, 33.424999 ], [ -118.512221999999895, 33.423889 ], [ -118.51207, 33.423737 ], [ -118.511948, 33.423611000000164 ], [ -118.512176999999895, 33.423378 ], [ -118.512184, 33.423279 ], [ -118.512276, 33.422508 ], [ -118.512474, 33.422207000000185 ], [ -118.512741, 33.421917000000121 ], [ -118.513869999999827, 33.421955 ], [ -118.514153, 33.422234 ], [ -118.514313, 33.422222000000147 ], [ -118.514442, 33.422222000000147 ], [ -118.514709, 33.421875 ], [ -118.515274, 33.421875 ], [ -118.515556, 33.421665 ], [ -118.515831, 33.421944 ], [ -118.516113, 33.421944 ], [ -118.516387999999893, 33.422222000000147 ], [ -118.516669999999863, 33.422501000000125 ], [ -118.516669999999863, 33.423332000000187 ], [ -118.516945, 33.423611000000164 ], [ -118.516945, 33.424721000000147 ], [ -118.516724, 33.424931000000129 ], [ -118.516663, 33.424992 ], [ -118.516387999999893, 33.425282 ], [ -118.516144, 33.425541000000123 ], [ -118.516243, 33.425747000000115 ], [ -118.516669999999863, 33.426388 ], [ -118.517502, 33.426388 ], [ -118.517776, 33.426666000000125 ], [ -118.517920999999887, 33.426811 ], [ -118.518059, 33.42694500000016 ], [ -118.518295, 33.426998 ], [ -118.518646, 33.427246 ], [ -118.52002, 33.428009 ], [ -118.520111, 33.428055000000143 ], [ -118.520203, 33.428055000000143 ], [ -118.520554, 33.428055000000143 ], [ -118.520851, 33.428333 ], [ -118.521111, 33.428333 ], [ -118.521384999999896, 33.428612 ], [ -118.521301, 33.428894000000128 ], [ -118.522224, 33.429443 ], [ -118.522499, 33.429722 ], [ -118.522499, 33.43000400000011 ], [ -118.522781, 33.430279000000155 ], [ -118.523056, 33.430279000000155 ], [ -118.523331, 33.430557 ], [ -118.524445, 33.430557 ], [ -118.524498, 33.430504 ], [ -118.525276, 33.429722 ], [ -118.525558, 33.429722 ], [ -118.525832999999864, 33.430000000000121 ], [ -118.52639, 33.430000000000121 ], [ -118.527451, 33.43018300000017 ], [ -118.527961999999889, 33.430233 ], [ -118.528145, 33.430199 ], [ -118.52861, 33.430000000000121 ], [ -118.529442, 33.430000000000121 ], [ -118.529724, 33.429722 ], [ -118.529998999999862, 33.429722 ], [ -118.530280999999832, 33.429443 ], [ -118.530556, 33.429443 ], [ -118.53083, 33.429722 ], [ -118.531113, 33.429722 ], [ -118.531363999999826, 33.429405 ], [ -118.531693, 33.429211 ], [ -118.532219, 33.429165000000125 ], [ -118.5326, 33.428787000000113 ], [ -118.53273, 33.428661 ], [ -118.533607, 33.428612 ], [ -118.533875, 33.428947 ], [ -118.534163999999862, 33.428890000000138 ], [ -118.534309, 33.42907 ], [ -118.534416, 33.429192 ], [ -118.534729, 33.429504000000122 ], [ -118.535553, 33.429443 ], [ -118.535728, 33.429668 ], [ -118.535805, 33.429764000000148 ], [ -118.53611, 33.429722 ], [ -118.536392, 33.430000000000121 ], [ -118.536667, 33.430279000000155 ], [ -118.536484, 33.430462 ], [ -118.536392, 33.430557 ], [ -118.536377, 33.431885000000136 ], [ -118.536049, 33.432499000000121 ], [ -118.535949999999843, 33.433258 ], [ -118.535927, 33.433487000000184 ], [ -118.535995, 33.434006000000124 ], [ -118.536278, 33.434227000000135 ], [ -118.536812, 33.434357 ], [ -118.537468, 33.434444000000155 ], [ -118.537674, 33.434605000000147 ], [ -118.538001999999892, 33.434605000000147 ], [ -118.538086, 33.434692 ], [ -118.53833, 33.434692 ], [ -118.538765, 33.434555000000103 ], [ -118.539063, 33.434475000000191 ], [ -118.539153999999883, 33.434418000000107 ], [ -118.539283999999896, 33.43430300000017 ], [ -118.539443999999833, 33.434166 ], [ -118.540474, 33.434166 ], [ -118.541115, 33.434166 ], [ -118.541198999999892, 33.434082 ], [ -118.541428, 33.433945 ], [ -118.541664, 33.433613 ], [ -118.542029999999841, 33.433613 ], [ -118.542221, 33.433613 ], [ -118.542397, 33.433445 ], [ -118.542526, 33.43338400000016 ], [ -118.542725, 33.433289000000116 ], [ -118.543053, 33.433056 ], [ -118.543609999999831, 33.433056 ], [ -118.543839, 33.433273 ], [ -118.5439, 33.433334000000116 ], [ -118.544167, 33.433334000000116 ], [ -118.544739, 33.433861 ], [ -118.5448, 33.433899000000167 ], [ -118.544998, 33.433887 ], [ -118.545593, 33.434509000000162 ], [ -118.54583, 33.434444000000155 ], [ -118.546112, 33.434723000000133 ], [ -118.546387, 33.434723000000133 ], [ -118.546669, 33.435001 ], [ -118.546921, 33.434753000000114 ], [ -118.547173, 33.434406 ], [ -118.547226, 33.434326000000112 ], [ -118.547226, 33.434166 ], [ -118.547774999999831, 33.433613 ], [ -118.548332, 33.433613 ], [ -118.548615, 33.433887 ], [ -118.548668, 33.434132 ], [ -118.548889, 33.43449 ], [ -118.548889, 33.434723000000133 ], [ -118.549033999999892, 33.434723000000133 ], [ -118.549164, 33.434723000000133 ], [ -118.549446, 33.435001 ], [ -118.550835, 33.435001 ], [ -118.551108999999883, 33.434723000000133 ], [ -118.551704, 33.434765 ], [ -118.551940999999886, 33.434444000000155 ], [ -118.552094, 33.434444000000155 ], [ -118.552223, 33.434444000000155 ], [ -118.552498, 33.434162 ], [ -118.55278, 33.434166 ], [ -118.552925, 33.434021000000143 ], [ -118.553055, 33.433887 ], [ -118.553345, 33.433937000000128 ], [ -118.553612, 33.433613 ], [ -118.553886, 33.433613 ], [ -118.554198999999869, 33.433289000000116 ], [ -118.554443, 33.433289000000116 ], [ -118.554726, 33.433056 ], [ -118.555, 33.433334000000116 ], [ -118.555832, 33.433334000000116 ], [ -118.555893, 33.433273 ], [ -118.556129, 33.433071 ], [ -118.556389, 33.433056 ], [ -118.556686, 33.432739 ], [ -118.55722, 33.432777 ], [ -118.557503, 33.433056 ], [ -118.557692999999858, 33.433247 ], [ -118.557777, 33.433334000000116 ], [ -118.558891, 33.433334000000116 ], [ -118.558914, 33.433109000000172 ], [ -118.558937, 33.432934 ], [ -118.559517, 33.433056 ], [ -118.5597, 33.433041 ], [ -118.559898, 33.433064000000172 ], [ -118.560341, 33.433411 ], [ -118.561218, 33.433899000000167 ], [ -118.561462, 33.433895000000177 ], [ -118.561829, 33.434326000000112 ], [ -118.562164, 33.434452 ], [ -118.562484999999867, 33.434647 ], [ -118.56289699999985, 33.434437 ], [ -118.563324, 33.434395000000166 ], [ -118.563904, 33.434586000000138 ], [ -118.564034, 33.434929000000125 ], [ -118.563957, 33.435337000000118 ], [ -118.563759, 33.435539000000119 ], [ -118.563614, 33.435692000000188 ], [ -118.563461, 33.435947000000169 ], [ -118.563629, 33.436142000000132 ], [ -118.56382, 33.436367 ], [ -118.564339, 33.43641300000013 ], [ -118.564818999999886, 33.436459 ], [ -118.564827, 33.436714 ], [ -118.564827, 33.436905 ], [ -118.565041, 33.437073 ], [ -118.565254, 33.437244000000192 ], [ -118.565834, 33.437222000000133 ], [ -118.566948, 33.437222000000133 ], [ -118.567215, 33.437546000000111 ], [ -118.56778, 33.4375 ], [ -118.568047, 33.437794 ], [ -118.568336, 33.437778 ], [ -118.568611, 33.438057000000128 ], [ -118.568726, 33.43811 ], [ -118.568886, 33.438057000000128 ], [ -118.56942, 33.438644000000181 ], [ -118.570556999999837, 33.43861 ], [ -118.571114, 33.439167000000111 ], [ -118.571663, 33.43861 ], [ -118.571945, 33.43861 ], [ -118.57222, 33.438889000000188 ], [ -118.57251, 33.43912900000015 ], [ -118.572806999999841, 33.439198 ], [ -118.573058999999887, 33.439445 ], [ -118.573181, 33.439323 ], [ -118.573334, 33.439167000000111 ], [ -118.573608, 33.439445 ], [ -118.57389099999989, 33.439724000000183 ], [ -118.574165, 33.439999 ], [ -118.574165, 33.440277 ], [ -118.574448, 33.440556000000129 ], [ -118.574448, 33.440918 ], [ -118.574448, 33.441113 ], [ -118.574211, 33.441406 ], [ -118.574165, 33.441528 ], [ -118.574165, 33.441944 ], [ -118.574005, 33.442104000000143 ], [ -118.57389099999989, 33.442223000000183 ], [ -118.573853, 33.442543 ], [ -118.573608, 33.44278 ], [ -118.57357, 33.443031 ], [ -118.573394999999891, 33.443329 ], [ -118.573334, 33.444168 ], [ -118.573425, 33.444260000000156 ], [ -118.573608, 33.444443 ], [ -118.573303, 33.444752 ], [ -118.573058999999887, 33.445000000000107 ], [ -118.573036, 33.445267000000172 ], [ -118.57299, 33.445351000000187 ], [ -118.572777, 33.445557000000179 ], [ -118.572891, 33.445671 ], [ -118.573058999999887, 33.445835000000102 ], [ -118.57299, 33.448338 ], [ -118.573807, 33.448334000000102 ], [ -118.57389099999989, 33.448318 ], [ -118.573944, 33.448269 ], [ -118.574165, 33.448055000000124 ], [ -118.574829, 33.448055000000124 ], [ -118.574997, 33.448055000000124 ], [ -118.575508, 33.447548 ], [ -118.575836, 33.447292 ], [ -118.576942, 33.447224 ], [ -118.577224999999885, 33.446945 ], [ -118.577774, 33.446945 ], [ -118.57805599999989, 33.447224 ], [ -118.578613, 33.447777 ], [ -118.578613, 33.447876 ], [ -118.578613, 33.448334000000102 ], [ -118.580048, 33.449768 ], [ -118.580276, 33.450001000000157 ], [ -118.580559, 33.450279 ], [ -118.581108, 33.450832 ], [ -118.581055, 33.451157 ], [ -118.5812, 33.45126 ], [ -118.581389999999885, 33.451389 ], [ -118.581383, 33.451950000000124 ], [ -118.581665, 33.452221000000179 ], [ -118.581947, 33.452221000000179 ], [ -118.582275, 33.452515000000176 ], [ -118.582497, 33.452499000000103 ], [ -118.582817, 33.452816 ], [ -118.58305399999989, 33.452778 ], [ -118.583359, 33.453079000000116 ], [ -118.58422899999988, 33.453918000000101 ], [ -118.584442, 33.453888 ], [ -118.584961, 33.454498000000115 ], [ -118.584999, 33.455555000000174 ], [ -118.585075, 33.455555000000174 ], [ -118.585281, 33.455555000000174 ], [ -118.58667, 33.456944000000192 ], [ -118.586945, 33.457222 ], [ -118.586983, 33.458046 ], [ -118.58889, 33.459999000000153 ], [ -118.58889, 33.46027800000013 ], [ -118.589722, 33.461121000000105 ], [ -118.590552999999886, 33.461121000000105 ], [ -118.590836, 33.460835 ], [ -118.59111, 33.461113000000125 ], [ -118.591393, 33.46138800000017 ], [ -118.591667, 33.461666 ], [ -118.591621, 33.461967000000129 ], [ -118.591942, 33.462223000000165 ], [ -118.591896, 33.462784 ], [ -118.591965, 33.462849 ], [ -118.59304799999984, 33.463902000000132 ], [ -118.593239, 33.464073 ], [ -118.59333, 33.464169 ], [ -118.59333, 33.46611 ], [ -118.593452, 33.466228 ], [ -118.59417, 33.466946000000121 ], [ -118.59433, 33.466946000000121 ], [ -118.594444, 33.466946000000121 ], [ -118.594727, 33.467285000000118 ], [ -118.595276, 33.467224 ], [ -118.59552, 33.467529 ], [ -118.595833, 33.467499 ], [ -118.596107, 33.467777000000126 ], [ -118.596389999999872, 33.468056000000161 ], [ -118.596664, 33.468056000000161 ], [ -118.596855, 33.468281000000104 ], [ -118.59693099999987, 33.468372000000159 ], [ -118.597221, 33.468334 ], [ -118.597412, 33.468525 ], [ -118.597504, 33.468613 ], [ -118.598053, 33.468613 ], [ -118.598182999999892, 33.468483000000106 ], [ -118.598335, 33.468334 ], [ -118.598877, 33.468323 ], [ -118.599213, 33.468613 ], [ -118.599442, 33.468613 ], [ -118.599663, 33.46883 ], [ -118.599731, 33.468857000000128 ], [ -118.599815, 33.468887000000166 ], [ -118.599998, 33.468887000000166 ], [ -118.600257999999883, 33.469196000000125 ], [ -118.600554999999872, 33.469166000000143 ], [ -118.601386999999875, 33.470001000000138 ], [ -118.601669, 33.470276000000126 ], [ -118.601944, 33.470554 ], [ -118.601944, 33.470833 ], [ -118.602219, 33.471111000000121 ], [ -118.60218, 33.471413 ], [ -118.602501, 33.471668000000193 ], [ -118.602531, 33.471924 ], [ -118.602631, 33.472076 ], [ -118.602776, 33.472221000000161 ], [ -118.602776, 33.472778 ], [ -118.6026, 33.472958000000176 ], [ -118.602501, 33.473057 ], [ -118.602478, 33.473320000000115 ], [ -118.60244, 33.473392 ], [ -118.602219, 33.473610000000122 ], [ -118.60218, 33.473888 ], [ -118.603035, 33.474747 ], [ -118.603333, 33.474724 ], [ -118.603317, 33.475014000000101 ], [ -118.603881999999885, 33.475525000000118 ], [ -118.604171999999892, 33.475830000000144 ], [ -118.604355, 33.476025000000107 ], [ -118.604431, 33.476124000000141 ], [ -118.605552999999873, 33.477222 ], [ -118.60553, 33.477478 ], [ -118.605834999999843, 33.477779000000112 ], [ -118.605834999999843, 33.4780540000001 ], [ -118.606689, 33.478882 ], [ -118.606392, 33.479168000000129 ], [ -118.606392, 33.479305 ], [ -118.606392, 33.479443000000117 ], [ -118.606163, 33.479630000000157 ], [ -118.605552999999873, 33.479721 ], [ -118.60500299999984, 33.479168000000129 ], [ -118.604164, 33.479168000000129 ], [ -118.603889, 33.478889 ], [ -118.603706, 33.478889 ] ] ], [ [ [ -118.139725, 33.72361 ], [ -118.139442, 33.723888000000159 ], [ -118.136948, 33.723888000000159 ], [ -118.136391, 33.723331 ], [ -118.136391, 33.723057000000153 ], [ -118.136665, 33.722778000000176 ], [ -118.136665, 33.7225 ], [ -118.136948, 33.722778000000176 ], [ -118.137222, 33.722778000000176 ], [ -118.137512, 33.72247300000015 ], [ -118.137779, 33.7225 ], [ -118.137978, 33.722298 ], [ -118.138062, 33.722286000000111 ], [ -118.13916799999987, 33.722221000000104 ], [ -118.139251999999885, 33.722137 ], [ -118.139442, 33.721943000000181 ], [ -118.140274, 33.721943000000181 ], [ -118.140564, 33.722221000000104 ], [ -118.141113, 33.722221000000104 ], [ -118.141388, 33.7225 ], [ -118.141945, 33.722443000000169 ], [ -118.14222, 33.722221000000104 ], [ -118.143059, 33.722221000000104 ], [ -118.14333299999987, 33.72247700000014 ], [ -118.144447, 33.7225 ], [ -118.144722, 33.722221000000104 ], [ -118.145279, 33.722221000000104 ], [ -118.145554, 33.72248100000013 ], [ -118.146111, 33.7225 ], [ -118.146385, 33.722221000000104 ], [ -118.150208, 33.7222900000001 ], [ -118.15361, 33.722221000000104 ], [ -118.153893, 33.72247300000015 ], [ -118.154999, 33.7225 ], [ -118.155280999999889, 33.722221000000104 ], [ -118.156677, 33.7222900000001 ], [ -118.156943999999839, 33.721943000000181 ], [ -118.157081999999889, 33.721943000000181 ], [ -118.157219, 33.721939000000191 ], [ -118.157501, 33.721668000000136 ], [ -118.157775999999842, 33.721943000000181 ], [ -118.158058, 33.721668000000136 ], [ -118.158333, 33.721943000000181 ], [ -118.160835, 33.721943000000181 ], [ -118.161003, 33.722115 ], [ -118.161109999999894, 33.722221000000104 ], [ -118.162987, 33.722221000000104 ], [ -118.167503, 33.722221000000104 ], [ -118.16777, 33.722527000000184 ], [ -118.168335, 33.7225 ], [ -118.168609999999887, 33.722778000000176 ], [ -118.169724, 33.722778000000176 ], [ -118.169792, 33.72271 ], [ -118.169998, 33.7225 ], [ -118.17040999999989, 33.7225 ], [ -118.170555, 33.722485 ], [ -118.172774999999888, 33.722221000000104 ], [ -118.173615, 33.7225 ], [ -118.174164, 33.7225 ], [ -118.174445999999875, 33.722221000000104 ], [ -118.17804, 33.722252 ], [ -118.179382, 33.722900000000152 ], [ -118.178589, 33.723640000000103 ], [ -118.178222999999832, 33.723625 ], [ -118.177795, 33.723545 ], [ -118.177498, 33.723331 ], [ -118.176392, 33.723331 ], [ -118.176208, 33.723511 ], [ -118.176108999999883, 33.72361 ], [ -118.175742999999898, 33.72361 ], [ -118.174721, 33.72361 ], [ -118.174445999999875, 33.723888000000159 ], [ -118.173615, 33.723881000000119 ], [ -118.173332, 33.72361 ], [ -118.171943999999883, 33.72361 ], [ -118.168579, 33.72387700000013 ], [ -118.161667, 33.723888000000159 ], [ -118.161469, 33.724091000000101 ], [ -118.161392, 33.724167000000136 ], [ -118.160553, 33.724117 ], [ -118.160277999999892, 33.723888000000159 ], [ -118.156128, 33.72387700000013 ], [ -118.155556, 33.724167000000136 ], [ -118.154907, 33.723923 ], [ -118.152495999999871, 33.723888000000159 ], [ -118.152222, 33.72361 ], [ -118.151946999999893, 33.72361 ], [ -118.151665, 33.723888000000159 ], [ -118.149445, 33.723888000000159 ], [ -118.148849, 33.723370000000102 ], [ -118.148612999999841, 33.72361 ], [ -118.148330999999871, 33.723888000000159 ], [ -118.146385, 33.723888000000159 ], [ -118.146163999999885, 33.72411 ], [ -118.146111, 33.724167000000136 ], [ -118.144722, 33.724129 ], [ -118.144447, 33.723888000000159 ], [ -118.140831, 33.723888000000159 ], [ -118.140556, 33.72361 ], [ -118.139725, 33.72361 ] ] ], [ [ [ -118.142075, 33.739727 ], [ -118.142563, 33.740238 ], [ -118.141570999999828, 33.740471000000184 ], [ -118.141417999999874, 33.740498000000116 ], [ -118.140670999999884, 33.740604000000189 ], [ -118.139771, 33.741013000000123 ], [ -118.139519, 33.741035000000124 ], [ -118.139435, 33.741043000000104 ], [ -118.138794, 33.740723 ], [ -118.137955, 33.740475000000174 ], [ -118.137863, 33.74036 ], [ -118.137657, 33.740093000000172 ], [ -118.137657, 33.739334 ], [ -118.137955, 33.738697000000116 ], [ -118.138634, 33.738323 ], [ -118.13870999999989, 33.738281 ], [ -118.139708999999868, 33.738281 ], [ -118.140381, 33.738892000000135 ], [ -118.141570999999828, 33.739586000000145 ], [ -118.142075, 33.739727 ] ] ], [ [ [ -118.164329999999893, 33.740479000000164 ], [ -118.164307, 33.741516000000161 ], [ -118.164162, 33.74199700000014 ], [ -118.164131, 33.742107 ], [ -118.16391, 33.742649 ], [ -118.163765, 33.74292800000012 ], [ -118.163727, 33.743015000000185 ], [ -118.163115999999889, 33.743015000000185 ], [ -118.162521, 33.743015000000185 ], [ -118.161957, 33.742825 ], [ -118.161781, 33.742729000000168 ], [ -118.161735999999848, 33.742645000000152 ], [ -118.161315999999886, 33.741871 ], [ -118.161469, 33.741112000000101 ], [ -118.161377, 33.740112000000181 ], [ -118.161972, 33.739662 ], [ -118.162070999999855, 33.739586000000145 ], [ -118.162674, 33.739586000000145 ], [ -118.163879, 33.739929000000132 ], [ -118.164329999999893, 33.740349 ], [ -118.164329999999893, 33.740479000000164 ] ] ], [ [ [ -118.12722, 33.751389 ], [ -118.126907, 33.751423 ], [ -118.126633, 33.751144 ], [ -118.126114, 33.75111 ], [ -118.125831999999889, 33.750832 ], [ -118.125229, 33.750832 ], [ -118.124999999999886, 33.750832 ], [ -118.124855, 33.750687 ], [ -118.124725, 33.750557000000185 ], [ -118.124313, 33.750557000000185 ], [ -118.124176, 33.750523 ], [ -118.123886, 33.750278 ], [ -118.123322, 33.750347 ], [ -118.123055, 33.750000000000114 ], [ -118.122542999999894, 33.750000000000114 ], [ -118.122353, 33.749836 ], [ -118.122223, 33.74972200000019 ], [ -118.120934, 33.74972200000019 ], [ -118.120833999999888, 33.749714 ], [ -118.120552, 33.749447 ], [ -118.120498999999882, 33.749180000000138 ], [ -118.120445, 33.749119 ], [ -118.120002999999883, 33.748611 ], [ -118.120002999999883, 33.748333 ], [ -118.11972, 33.748055000000136 ], [ -118.119506999999885, 33.748108 ], [ -118.119164, 33.747776000000101 ], [ -118.118881, 33.74778700000013 ], [ -118.118590999999867, 33.747498 ], [ -118.118332, 33.747498 ], [ -118.118057, 33.74722300000019 ], [ -118.117775, 33.747501000000113 ], [ -118.117226, 33.747498 ], [ -118.116943, 33.74722300000019 ], [ -118.116646, 33.746964000000105 ], [ -118.116562, 33.746841000000188 ], [ -118.116386, 33.746666000000118 ], [ -118.116386, 33.746071 ], [ -118.116386, 33.745556000000136 ], [ -118.116234, 33.745399 ], [ -118.11617299999989, 33.745338000000174 ], [ -118.116112, 33.745277000000101 ], [ -118.116386, 33.744999 ], [ -118.116668999999888, 33.74472 ], [ -118.117003999999895, 33.744507000000169 ], [ -118.117073, 33.744446 ], [ -118.117226, 33.744446 ], [ -118.117493, 33.74408 ], [ -118.117499999999836, 33.743057000000135 ], [ -118.117775, 33.742779 ], [ -118.121857, 33.737888000000169 ], [ -118.121948, 33.737778000000105 ], [ -118.122497999999837, 33.737778000000105 ], [ -118.122497999999837, 33.73809800000015 ], [ -118.122497999999837, 33.738335 ], [ -118.120537, 33.741131000000109 ], [ -118.118866, 33.743351 ], [ -118.118614, 33.74361 ], [ -118.118645, 33.743889 ], [ -118.118674999999882, 33.744144000000176 ], [ -118.118729, 33.744286 ], [ -118.118889, 33.744446 ], [ -118.118889, 33.74472 ], [ -118.11972, 33.745556000000136 ], [ -118.119972, 33.745598 ], [ -118.120316, 33.745834 ], [ -118.120552, 33.745834 ], [ -118.120766, 33.746048000000144 ], [ -118.12085, 33.746078000000125 ], [ -118.120934, 33.746113 ], [ -118.121109, 33.746113 ], [ -118.121391, 33.746387000000141 ], [ -118.122223, 33.746387000000141 ], [ -118.122497999999837, 33.746666000000118 ], [ -118.12278, 33.746666000000118 ], [ -118.12294, 33.74687200000011 ], [ -118.123024, 33.746975 ], [ -118.123322, 33.747238 ], [ -118.123611, 33.74722300000019 ], [ -118.123825, 33.74744 ], [ -118.123901, 33.747463000000153 ], [ -118.124031, 33.747501000000113 ], [ -118.124167999999884, 33.747501000000113 ], [ -118.124443, 33.747776000000101 ], [ -118.124451, 33.747921 ], [ -118.124481, 33.748661000000141 ], [ -118.12471, 33.748947 ], [ -118.124999999999886, 33.74889 ], [ -118.12516, 33.749050000000182 ], [ -118.125275, 33.749168000000168 ], [ -118.125404, 33.749168000000168 ], [ -118.125557, 33.749168000000168 ], [ -118.125786, 33.749496000000136 ], [ -118.125999, 33.74968 ], [ -118.126068, 33.749775000000113 ], [ -118.126389, 33.74972200000019 ], [ -118.126662999999837, 33.750000000000114 ], [ -118.126945, 33.750278 ], [ -118.127502, 33.750278 ], [ -118.127785, 33.750500000000102 ], [ -118.128295999999864, 33.750542000000166 ], [ -118.128639, 33.750832 ], [ -118.128891, 33.750832 ], [ -118.129448, 33.751389 ], [ -118.129395, 33.751526 ], [ -118.129395, 33.752224 ], [ -118.128333999999882, 33.752224 ], [ -118.128052, 33.751945 ], [ -118.127777, 33.751667000000168 ], [ -118.127624999999853, 33.751667000000168 ], [ -118.12751, 33.75164 ], [ -118.12722, 33.751389 ] ] ], [ [ [ -118.161377, 33.751884000000189 ], [ -118.161469, 33.751904 ], [ -118.161766, 33.752415 ], [ -118.161713, 33.752518 ], [ -118.161484, 33.75293 ], [ -118.161385, 33.753139000000147 ], [ -118.161301, 33.753296000000148 ], [ -118.161163, 33.753811 ], [ -118.160957, 33.753941 ], [ -118.160713, 33.754089000000192 ], [ -118.158996999999886, 33.754089000000192 ], [ -118.158417, 33.753742000000102 ], [ -118.157799, 33.752785000000131 ], [ -118.157866999999897, 33.752289000000133 ], [ -118.157936, 33.752087000000131 ], [ -118.157997, 33.751904 ], [ -118.158875, 33.751709000000119 ], [ -118.160263, 33.751652 ], [ -118.161377, 33.751884000000189 ] ] ], [ [ [ -118.186752, 33.723415000000102 ], [ -118.186699, 33.723316 ], [ -118.186668, 33.723057000000153 ], [ -118.186668, 33.722778000000176 ], [ -118.186836, 33.722603 ], [ -118.186889999999892, 33.72247300000015 ], [ -118.187981, 33.72224 ], [ -118.188056999999844, 33.722221000000104 ], [ -118.192222999999899, 33.722221000000104 ], [ -118.192497, 33.72247300000015 ], [ -118.207779, 33.7225 ], [ -118.20805399999989, 33.722221000000104 ], [ -118.210876, 33.72113 ], [ -118.211113, 33.720833 ], [ -118.216118, 33.7197460000001 ], [ -118.216384999999889, 33.719696 ], [ -118.216827, 33.719612 ], [ -118.217529, 33.719482000000141 ], [ -118.217781, 33.719166 ], [ -118.218056, 33.718887000000109 ], [ -118.218384, 33.718872 ], [ -118.218613, 33.718613000000175 ], [ -118.220001, 33.718616 ], [ -118.220314, 33.718384 ], [ -118.220406, 33.718365 ], [ -118.220512, 33.718281 ], [ -118.220993, 33.717876000000103 ], [ -118.221107, 33.717777 ], [ -118.222594999999899, 33.717529000000184 ], [ -118.222778, 33.717224000000158 ], [ -118.223618, 33.716961 ], [ -118.223694, 33.716957 ], [ -118.223892, 33.716946 ], [ -118.224128999999891, 33.716705 ], [ -118.224792, 33.716675 ], [ -118.224998, 33.716389000000163 ], [ -118.225533, 33.716335000000129 ], [ -118.22583, 33.716110000000185 ], [ -118.226395, 33.716148000000146 ], [ -118.226448, 33.716084 ], [ -118.226669, 33.715832 ], [ -118.229835999999864, 33.714779000000192 ], [ -118.22998, 33.714722000000108 ], [ -118.230553, 33.714722000000108 ], [ -118.230835, 33.714443000000131 ], [ -118.23111, 33.714443000000131 ], [ -118.233902, 33.713955 ], [ -118.233955, 33.713886 ], [ -118.234168999999895, 33.713612 ], [ -118.234985, 33.713684000000171 ], [ -118.235901, 33.713074000000177 ], [ -118.236115, 33.71277600000019 ], [ -118.239165999999898, 33.711945000000185 ], [ -118.240836999999885, 33.711945000000185 ], [ -118.241112, 33.711666 ], [ -118.241386, 33.711388000000113 ], [ -118.244629, 33.710083000000111 ], [ -118.245003, 33.711388000000113 ], [ -118.244797, 33.711388000000113 ], [ -118.24472, 33.711388000000113 ], [ -118.244446, 33.711666 ], [ -118.244163999999898, 33.711666 ], [ -118.243973, 33.711868 ], [ -118.243889, 33.711956 ], [ -118.241660999999851, 33.712688000000185 ], [ -118.240555, 33.713051 ], [ -118.240479, 33.713055 ], [ -118.239685, 33.713074000000177 ], [ -118.235558, 33.714169 ], [ -118.234726, 33.714443000000131 ], [ -118.234467, 33.714767000000109 ], [ -118.234276, 33.714863 ], [ -118.234154, 33.714966 ], [ -118.23407, 33.715 ], [ -118.233329999999853, 33.715 ], [ -118.233055, 33.71527900000018 ], [ -118.232864, 33.715469 ], [ -118.23278, 33.715557000000103 ], [ -118.231667, 33.715557000000103 ], [ -118.231392, 33.715832 ], [ -118.230835, 33.715832 ], [ -118.23059099999989, 33.716125 ], [ -118.229675, 33.716125 ], [ -118.229431, 33.71637 ], [ -118.229164, 33.716389000000163 ], [ -118.228897, 33.716721000000121 ], [ -118.226395, 33.717243000000167 ], [ -118.226196, 33.717285 ], [ -118.226112, 33.717224000000158 ], [ -118.225571, 33.717796 ], [ -118.225281, 33.717777 ], [ -118.224998, 33.718056000000104 ], [ -118.223328, 33.718689 ], [ -118.221947, 33.718613000000175 ], [ -118.221664, 33.718887000000109 ], [ -118.22139, 33.718887000000109 ], [ -118.221107, 33.719166 ], [ -118.220833, 33.719166 ], [ -118.220558, 33.71944400000018 ], [ -118.220001, 33.71944400000018 ], [ -118.219788, 33.719727000000148 ], [ -118.213623, 33.721680000000106 ], [ -118.212502, 33.721668000000136 ], [ -118.21228, 33.721924 ], [ -118.209106, 33.723083 ], [ -118.208313, 33.723083 ], [ -118.207779, 33.723614 ], [ -118.199997, 33.72361 ], [ -118.19973, 33.72382 ], [ -118.198608, 33.72361 ], [ -118.186943, 33.72361 ], [ -118.186752, 33.723415000000102 ] ] ], [ [ [ -118.894592, 34.818115 ], [ -118.698372853999899, 34.817709403000038 ], [ -118.599487303999979, 34.81750488300014 ], [ -118.271254674999909, 34.818973386000039 ], [ -118.149291992999963, 34.819519043000184 ], [ -118.140808105999952, 34.819519043000184 ], [ -117.907423540999957, 34.821664839000107 ], [ -117.775695801999916, 34.822875977000137 ], [ -117.670410155999889, 34.822082520000095 ], [ -117.670389549999982, 34.804904537000141 ], [ -117.670356750999929, 34.777561189000096 ], [ -117.669860839999956, 34.704410553000173 ], [ -117.67019653299991, 34.690341949000185 ], [ -117.669860839999956, 34.666442872000118 ], [ -117.669776915999989, 34.660800935000054 ], [ -117.669723510999916, 34.657421112000065 ], [ -117.669494627999939, 34.646301270000151 ], [ -117.669311523999966, 34.559082031000173 ], [ -117.663818358999947, 34.5581054700001 ], [ -117.661987303999865, 34.447692871000072 ], [ -117.656311034999987, 34.404907227000024 ], [ -117.656263459999934, 34.40399650500018 ], [ -117.655883789999962, 34.396728516000053 ], [ -117.652547108999954, 34.357567784000139 ], [ -117.648010253999985, 34.30432128800004 ], [ -117.647555037999894, 34.291757340000174 ], [ -117.6474, 34.28747600000014 ], [ -117.648269459999938, 34.283530763000101 ], [ -117.64990234499993, 34.276123047000056 ], [ -117.667480468999884, 34.214111328000115 ], [ -117.671799117999967, 34.200906004000103 ], [ -117.673096, 34.196941000000152 ], [ -117.683692999999892, 34.16436 ], [ -117.696831, 34.124981000000162 ], [ -117.705410412999925, 34.099269417000016 ], [ -117.708740233999947, 34.089290619000053 ], [ -117.715298561999987, 34.073441917000025 ], [ -117.729866026999957, 34.038238525000168 ], [ -117.730390222999972, 34.035384714000031 ], [ -117.733009297999956, 34.021126019000178 ], [ -117.751281999999833, 34.022278 ], [ -117.755661317999966, 34.022562220000111 ], [ -117.760681152999894, 34.022888183000134 ], [ -117.764786954999977, 34.022562723000021 ], [ -117.770690916999968, 34.022094726000148 ], [ -117.769340513999907, 34.008380890000183 ], [ -117.769422405999933, 34.004723096000021 ], [ -117.76943205799995, 34.004291996000063 ], [ -117.772049, 34.004124 ], [ -117.777832498999885, 34.003750116 ], [ -117.786636351999846, 34.003181457000096 ], [ -117.792598785999985, 33.993414286000132 ], [ -117.792961, 33.992821 ], [ -117.794235, 33.990765000000124 ], [ -117.796675166999989, 33.986827212000094 ], [ -117.803291319999971, 33.976150513000164 ], [ -117.803741455999898, 33.971111297000164 ], [ -117.804008483999951, 33.968078614000149 ], [ -117.798662900999886, 33.967765955000118 ], [ -117.794617, 33.967529000000127 ], [ -117.794312, 33.953308000000163 ], [ -117.789991351999959, 33.949645973000088 ], [ -117.785095679999984, 33.945496 ], [ -117.785224913999969, 33.945495606000179 ], [ -117.880920409999987, 33.945495606000179 ], [ -117.977294920999896, 33.945922851000091 ], [ -117.977667738999912, 33.938345540000057 ], [ -117.978012, 33.93134700000013 ], [ -117.979042039999854, 33.911300917000176 ], [ -117.979534989999877, 33.910268981000058 ], [ -117.980766, 33.907692 ], [ -117.981426304999957, 33.905210654000143 ], [ -117.981972, 33.90316 ], [ -117.986412, 33.900387000000137 ], [ -117.98846657099989, 33.89910100200018 ], [ -117.989807, 33.898262 ], [ -117.989988687999983, 33.897401687000126 ], [ -117.990143, 33.896671 ], [ -117.990579872999888, 33.89461872000004 ], [ -117.991638, 33.889648000000136 ], [ -117.991967822999982, 33.889275532000056 ], [ -117.992249, 33.888958 ], [ -117.998421, 33.882 ], [ -117.999929541999961, 33.881917301000101 ], [ -118.011718999999857, 33.88127100000014 ], [ -118.012993, 33.872639 ], [ -118.018917046999888, 33.871550919000185 ], [ -118.026871, 33.870090000000175 ], [ -118.028992909999943, 33.869924505000085 ], [ -118.02960205, 33.869876863 ], [ -118.031799024999941, 33.869689967 ], [ -118.033412214999942, 33.867536960000109 ], [ -118.035149, 33.865219 ], [ -118.035828, 33.864300000000185 ], [ -118.036972, 33.862492000000145 ], [ -118.039938706999919, 33.862532558000112 ], [ -118.041945999999825, 33.86256 ], [ -118.045363999999836, 33.858665 ], [ -118.045898, 33.858059 ], [ -118.050248347999911, 33.853962138000156 ], [ -118.05828857399996, 33.846389770000144 ], [ -118.060103796999954, 33.841444486000057 ], [ -118.06089, 33.839302 ], [ -118.06158114699997, 33.837423145000116 ], [ -118.062942999999848, 33.833721000000139 ], [ -118.06321, 33.819244 ], [ -118.06321, 33.819172 ], [ -118.067109223999864, 33.818023234000179 ], [ -118.069374, 33.817356000000188 ], [ -118.072082798999986, 33.816528062000089 ], [ -118.075935959, 33.812955131000137 ], [ -118.078796, 33.810303000000147 ], [ -118.087401999999884, 33.795288 ], [ -118.088745, 33.793251 ], [ -118.090819999999894, 33.789951 ], [ -118.094809999999882, 33.78318 ], [ -118.097106880999945, 33.776485347000119 ], [ -118.091551796999966, 33.766119159000027 ], [ -118.090698, 33.764526000000103 ], [ -118.091057063999983, 33.763348785000119 ], [ -118.09111785999994, 33.76314926200007 ], [ -118.091226076999988, 33.762775704000035 ], [ -118.091911, 33.76041 ], [ -118.114204, 33.74616600000013 ], [ -118.114248736999855, 33.745104521000144 ], [ -118.114281, 33.744339000000139 ], [ -118.114296, 33.743488 ], [ -118.114136, 33.743217000000186 ], [ -118.113716125999929, 33.742500306000068 ], [ -118.113892, 33.7425 ], [ -118.11528, 33.741112000000101 ], [ -118.11528, 33.740002000000118 ], [ -118.115386999999885, 33.739895000000161 ], [ -118.115555, 33.73972300000014 ], [ -118.115836999999885, 33.73972300000014 ], [ -118.116112, 33.740833000000123 ], [ -118.116112, 33.741112000000101 ], [ -118.116668999999888, 33.740555 ], [ -118.117493, 33.739525 ], [ -118.117805, 33.739197000000104 ], [ -118.117912, 33.739067 ], [ -118.118057, 33.738888000000145 ], [ -118.118308999999897, 33.738586 ], [ -118.118568, 33.738293000000112 ], [ -118.118729, 33.738106 ], [ -118.118889, 33.737778000000105 ], [ -118.120002999999883, 33.736668000000122 ], [ -118.120277, 33.736668000000122 ], [ -118.120552, 33.736946 ], [ -118.120552, 33.737221 ], [ -118.120383999999888, 33.73739200000017 ], [ -118.120277, 33.737499000000128 ], [ -118.120277, 33.737778000000105 ], [ -118.120002999999883, 33.738056 ], [ -118.119423, 33.739147 ], [ -118.119338999999854, 33.739269 ], [ -118.118286, 33.740295 ], [ -118.118019, 33.740814000000171 ], [ -118.117966, 33.740925000000118 ], [ -118.117226, 33.741665 ], [ -118.117172, 33.741901 ], [ -118.116936, 33.74221400000016 ], [ -118.116668999999888, 33.742558 ], [ -118.116668999999888, 33.742779 ], [ -118.11631, 33.743134000000111 ], [ -118.116112, 33.743332000000123 ], [ -118.116057999999896, 33.743568 ], [ -118.115822, 33.743877000000111 ], [ -118.115555, 33.744225000000142 ], [ -118.115555, 33.744446 ], [ -118.115128, 33.744877 ], [ -118.114723, 33.745277000000101 ], [ -118.114738, 33.74548 ], [ -118.114798999999891, 33.745628 ], [ -118.115555, 33.746387000000141 ], [ -118.115555, 33.74722300000019 ], [ -118.116112, 33.747776000000101 ], [ -118.116112, 33.748055000000136 ], [ -118.115882999999883, 33.748348000000192 ], [ -118.115836999999885, 33.7484970000001 ], [ -118.115836999999885, 33.74889 ], [ -118.115630999999894, 33.749115 ], [ -118.115555, 33.749203 ], [ -118.115555, 33.749443 ], [ -118.115340999999887, 33.749744 ], [ -118.11528, 33.749889000000167 ], [ -118.11528, 33.750000000000114 ], [ -118.114723, 33.750557000000185 ], [ -118.114502, 33.750557000000185 ], [ -118.113609, 33.751389 ], [ -118.113051999999868, 33.751389 ], [ -118.112946, 33.751495000000148 ], [ -118.112556, 33.751987 ], [ -118.112473, 33.752052 ], [ -118.111877, 33.752502000000163 ], [ -118.111946, 33.753056000000186 ], [ -118.112502999999833, 33.753613 ], [ -118.112778, 33.753887000000191 ], [ -118.112801, 33.75415 ], [ -118.1129, 33.754288000000145 ], [ -118.113051999999868, 33.754444 ], [ -118.113585999999884, 33.754517 ], [ -118.114998, 33.755833000000109 ], [ -118.11528, 33.755833000000109 ], [ -118.115555, 33.756111 ], [ -118.115555, 33.756668000000104 ], [ -118.116112, 33.757221000000186 ], [ -118.116668999999888, 33.757221000000186 ], [ -118.116943, 33.757500000000164 ], [ -118.117226, 33.757778 ], [ -118.117499999999836, 33.758057 ], [ -118.117499999999836, 33.758335000000159 ], [ -118.118622, 33.759445 ], [ -118.118889, 33.759445 ], [ -118.119446, 33.75999800000011 ], [ -118.120002999999883, 33.760555000000181 ], [ -118.120277, 33.760834000000159 ], [ -118.120552, 33.761112 ], [ -118.120833999999888, 33.761391 ], [ -118.121109, 33.761665000000164 ], [ -118.121887, 33.762512 ], [ -118.12278, 33.763336 ], [ -118.122932, 33.763481000000127 ], [ -118.123062, 33.763611 ], [ -118.123337, 33.763611 ], [ -118.124962, 33.765316 ], [ -118.125153, 33.765484000000129 ], [ -118.125237, 33.765602000000115 ], [ -118.125816, 33.766125 ], [ -118.125961, 33.766251000000182 ], [ -118.126106, 33.766399 ], [ -118.126389, 33.766388000000177 ], [ -118.126708999999892, 33.766724 ], [ -118.126945, 33.766666 ], [ -118.128021, 33.767811000000108 ], [ -118.128333999999882, 33.767776 ], [ -118.128609, 33.768063 ], [ -118.128783999999825, 33.768059 ], [ -118.128868, 33.768055 ], [ -118.129165999999884, 33.768055 ], [ -118.129723, 33.76750200000015 ], [ -118.129448, 33.767223000000172 ], [ -118.129165999999884, 33.766945 ], [ -118.128609, 33.766388000000177 ], [ -118.125557, 33.763332000000105 ], [ -118.125335999999891, 33.763332000000105 ], [ -118.124725, 33.762779000000137 ], [ -118.124443, 33.762501 ], [ -118.124167999999884, 33.762222 ], [ -118.124167999999884, 33.761944 ], [ -118.123886, 33.761665000000164 ], [ -118.123611, 33.761391 ], [ -118.123055, 33.760834000000159 ], [ -118.12278, 33.760555000000181 ], [ -118.122223, 33.75999800000011 ], [ -118.121932999999899, 33.760017 ], [ -118.121391, 33.759445 ], [ -118.121117, 33.759445 ], [ -118.120552, 33.758888 ], [ -118.120277, 33.75861 ], [ -118.120002999999883, 33.758335000000159 ], [ -118.118889, 33.757221000000186 ], [ -118.118599, 33.757244000000128 ], [ -118.118332, 33.756943 ], [ -118.118057, 33.756668000000104 ], [ -118.117226, 33.755833000000109 ], [ -118.116943, 33.755554 ], [ -118.116112, 33.755554 ], [ -118.115836999999885, 33.75528 ], [ -118.115555, 33.755001000000163 ], [ -118.115334, 33.754776 ], [ -118.11529499999989, 33.754700000000128 ], [ -118.114463999999884, 33.753868 ], [ -118.114311, 33.753735 ], [ -118.114211999999839, 33.753582000000165 ], [ -118.114166, 33.753334000000109 ], [ -118.113892, 33.753113 ], [ -118.113892, 33.752777 ], [ -118.114365, 33.752304000000152 ], [ -118.114441, 33.752224 ], [ -118.114998, 33.752224 ], [ -118.115555, 33.751667000000168 ], [ -118.115836999999885, 33.751957 ], [ -118.116943, 33.751945 ], [ -118.117241, 33.752289000000133 ], [ -118.117499999999836, 33.752224 ], [ -118.117775, 33.751945 ], [ -118.11808, 33.751987 ], [ -118.118590999999867, 33.751709000000119 ], [ -118.119736, 33.750568 ], [ -118.120002999999883, 33.750557000000185 ], [ -118.120277, 33.750278 ], [ -118.120552, 33.750278 ], [ -118.120833999999888, 33.750557000000185 ], [ -118.121109, 33.750832 ], [ -118.121391, 33.750832 ], [ -118.121719, 33.75111 ], [ -118.121948, 33.75111 ], [ -118.122185, 33.751438 ], [ -118.122497999999837, 33.751389 ], [ -118.122803, 33.751709000000119 ], [ -118.123337, 33.751667000000168 ], [ -118.123588999999868, 33.751987 ], [ -118.123886, 33.751945 ], [ -118.124206999999842, 33.752319000000114 ], [ -118.124443, 33.752224 ], [ -118.124817, 33.752502000000163 ], [ -118.124999999999886, 33.752224 ], [ -118.126389, 33.752224 ], [ -118.126708999999892, 33.752502000000163 ], [ -118.126945, 33.752499000000114 ], [ -118.127502, 33.753113 ], [ -118.128333999999882, 33.753887000000191 ], [ -118.128333999999882, 33.754089000000192 ], [ -118.128333999999882, 33.754166000000168 ], [ -118.128609, 33.754444 ], [ -118.128601, 33.754700000000128 ], [ -118.128838, 33.755039000000124 ], [ -118.129165999999884, 33.75528 ], [ -118.130004999999869, 33.756104000000107 ], [ -118.129996999999889, 33.757221000000186 ], [ -118.130096, 33.757328000000143 ], [ -118.130318, 33.757553000000144 ], [ -118.13028, 33.757778 ], [ -118.130981, 33.757072000000107 ], [ -118.131126, 33.756966 ], [ -118.131203, 33.756878 ], [ -118.131355, 33.756649 ], [ -118.131386, 33.756390000000181 ], [ -118.131713999999874, 33.756104000000107 ], [ -118.131943, 33.755833000000109 ], [ -118.131943, 33.755554 ], [ -118.131668, 33.75528 ], [ -118.131325, 33.755020000000172 ], [ -118.131386, 33.754723 ], [ -118.131104, 33.754448 ], [ -118.131111, 33.754166000000168 ], [ -118.130965999999887, 33.754017 ], [ -118.130836, 33.753887000000191 ], [ -118.13137799999987, 33.753342 ], [ -118.131897, 33.752686 ], [ -118.131943, 33.752499000000114 ], [ -118.132225, 33.752499000000114 ], [ -118.1325, 33.752777 ], [ -118.132774, 33.753056000000186 ], [ -118.133330999999885, 33.753613 ], [ -118.133606, 33.753937 ], [ -118.134162999999887, 33.753887000000191 ], [ -118.134315, 33.754055 ], [ -118.134438, 33.754185000000177 ], [ -118.13472, 33.754166000000168 ], [ -118.135231, 33.754662 ], [ -118.135429, 33.754723 ], [ -118.136391, 33.754723 ], [ -118.13652, 33.754829000000143 ], [ -118.136726, 33.755001000000163 ], [ -118.136948, 33.755001000000163 ], [ -118.137238, 33.755238 ], [ -118.137328999999852, 33.75528 ], [ -118.137496999999883, 33.75528 ], [ -118.137779, 33.755554 ], [ -118.138885, 33.755554 ], [ -118.13916799999987, 33.755833000000109 ], [ -118.139442, 33.755833000000109 ], [ -118.140197999999828, 33.756714000000159 ], [ -118.141113, 33.756668000000104 ], [ -118.141388, 33.756943 ], [ -118.141945, 33.756943 ], [ -118.142197, 33.757191 ], [ -118.142433, 33.757008000000155 ], [ -118.142509, 33.756950000000131 ], [ -118.14257, 33.756889 ], [ -118.142776, 33.756668000000104 ], [ -118.143051, 33.756382 ], [ -118.143311, 33.756104000000107 ], [ -118.143639, 33.756390000000181 ], [ -118.144164999999873, 33.756390000000181 ], [ -118.144408999999882, 33.756714000000159 ], [ -118.144722, 33.756668000000104 ], [ -118.144997, 33.756943 ], [ -118.145836, 33.756943 ], [ -118.146111, 33.757221000000186 ], [ -118.146111, 33.757500000000164 ], [ -118.146667, 33.758057 ], [ -118.146912, 33.758392 ], [ -118.147499, 33.758335000000159 ], [ -118.147712999999897, 33.75854100000015 ], [ -118.147780999999839, 33.75861 ], [ -118.14801, 33.758072 ], [ -118.148056, 33.757500000000164 ], [ -118.147826999999893, 33.757267 ], [ -118.147826999999893, 33.756104000000107 ], [ -118.148048, 33.755829000000119 ], [ -118.148056, 33.755554 ], [ -118.148612999999841, 33.755001000000163 ], [ -118.149445, 33.755833000000109 ], [ -118.149109, 33.756104000000107 ], [ -118.14917, 33.756668000000104 ], [ -118.148926, 33.756897 ], [ -118.148888, 33.757641 ], [ -118.148888, 33.759167000000105 ], [ -118.149445, 33.759167000000105 ], [ -118.150002, 33.759445 ], [ -118.151946999999893, 33.759445 ], [ -118.152222, 33.759705000000167 ], [ -118.15271, 33.759705000000167 ], [ -118.153075999999885, 33.760071 ], [ -118.153319999999837, 33.75999800000011 ], [ -118.15361, 33.75999800000011 ], [ -118.153687, 33.759888 ], [ -118.153893, 33.759724000000176 ], [ -118.154167, 33.75999800000011 ], [ -118.154442, 33.75999800000011 ], [ -118.154716, 33.760345 ], [ -118.15583, 33.760277 ], [ -118.15609, 33.760601 ], [ -118.15667, 33.760555000000181 ], [ -118.156647, 33.76088 ], [ -118.156776, 33.760944 ], [ -118.156943999999839, 33.761112 ], [ -118.157775999999842, 33.761108 ], [ -118.158043, 33.761406 ], [ -118.158325, 33.761719 ], [ -118.158607, 33.761665000000164 ], [ -118.15889, 33.761944 ], [ -118.161133, 33.761963000000151 ], [ -118.161377, 33.761719 ], [ -118.16333, 33.761665000000164 ], [ -118.163597, 33.761982000000103 ], [ -118.164443999999889, 33.761944 ], [ -118.164719, 33.762222 ], [ -118.165833, 33.762222 ], [ -118.16610699999984, 33.762539000000174 ], [ -118.167221, 33.762501 ], [ -118.167511, 33.762779000000137 ], [ -118.168335, 33.762779000000137 ], [ -118.168609999999887, 33.763123000000178 ], [ -118.169167, 33.763123000000178 ], [ -118.169318999999859, 33.763004000000137 ], [ -118.169556, 33.763107000000105 ], [ -118.169792, 33.763256000000183 ], [ -118.169922, 33.763294000000144 ], [ -118.170097, 33.763348000000178 ], [ -118.170509, 33.763336 ], [ -118.170967, 33.763355 ], [ -118.171471, 33.763393000000178 ], [ -118.171837, 33.763489000000106 ], [ -118.171997, 33.763489000000106 ], [ -118.172226, 33.763432000000194 ], [ -118.172508, 33.76336300000014 ], [ -118.172798, 33.763279000000125 ], [ -118.173058, 33.7631 ], [ -118.173439, 33.763111 ], [ -118.173592, 33.763073000000134 ], [ -118.17382, 33.763092000000142 ], [ -118.174179, 33.763344000000188 ], [ -118.174416, 33.763432000000194 ], [ -118.174591, 33.76355400000017 ], [ -118.174988, 33.763676000000146 ], [ -118.175056, 33.763706000000127 ], [ -118.175521999999887, 33.763943 ], [ -118.176024999999868, 33.764133 ], [ -118.17662, 33.764164000000164 ], [ -118.177238, 33.764149 ], [ -118.177757, 33.764111 ], [ -118.177863999999886, 33.764137 ], [ -118.17848199999986, 33.764137 ], [ -118.179024, 33.764381000000185 ], [ -118.17955, 33.764484 ], [ -118.179993, 33.764709000000153 ], [ -118.180557, 33.764763000000187 ], [ -118.181060999999886, 33.764904000000115 ], [ -118.181213, 33.764893 ], [ -118.181587, 33.764793000000168 ], [ -118.181854, 33.764648 ], [ -118.182083, 33.764526000000103 ], [ -118.182396, 33.764164000000164 ], [ -118.182227999999895, 33.76377100000019 ], [ -118.18197599999985, 33.763348000000178 ], [ -118.181777999999895, 33.762875000000122 ], [ -118.181625, 33.762379000000124 ], [ -118.18145, 33.762054 ], [ -118.181374, 33.761951 ], [ -118.181084, 33.761543000000188 ], [ -118.180923, 33.761284000000103 ], [ -118.18080899999984, 33.761124000000166 ], [ -118.180481, 33.760681 ], [ -118.180206, 33.760109 ], [ -118.180038, 33.75948 ], [ -118.180153, 33.758865000000128 ], [ -118.180489, 33.758492 ], [ -118.18058, 33.758434000000193 ], [ -118.181068, 33.758083000000113 ], [ -118.18174, 33.757725000000164 ], [ -118.182181999999841, 33.757584000000179 ], [ -118.182319999999891, 33.757542000000115 ], [ -118.182465, 33.757507 ], [ -118.183228, 33.757324 ], [ -118.184052, 33.757366000000104 ], [ -118.184692, 33.757244000000128 ], [ -118.185028, 33.757191 ], [ -118.18531, 33.757145 ], [ -118.185951, 33.756981 ], [ -118.186599999999885, 33.756939000000102 ], [ -118.187248, 33.756931000000179 ], [ -118.187889, 33.756950000000131 ], [ -118.188476999999864, 33.75708 ], [ -118.189056, 33.757229000000109 ], [ -118.189575, 33.757507 ], [ -118.190071, 33.757763 ], [ -118.190575, 33.758026 ], [ -118.191017, 33.758343000000139 ], [ -118.191383, 33.75872800000019 ], [ -118.191544, 33.7589 ], [ -118.191719, 33.759129000000144 ], [ -118.192154, 33.759430000000179 ], [ -118.192627, 33.759705000000167 ], [ -118.193245, 33.759754000000157 ], [ -118.193855, 33.759907 ], [ -118.193947, 33.759937 ], [ -118.194458, 33.759991 ], [ -118.195007, 33.760059000000183 ], [ -118.195084, 33.760067000000106 ], [ -118.195686, 33.760029 ], [ -118.195877, 33.760071 ], [ -118.196274, 33.760159000000101 ], [ -118.196892, 33.760208 ], [ -118.197083, 33.760254000000145 ], [ -118.197479, 33.760277 ], [ -118.198058999999887, 33.75999800000011 ], [ -118.198334, 33.760315 ], [ -118.198914, 33.760315 ], [ -118.200859, 33.761631000000193 ], [ -118.200989, 33.761665000000164 ], [ -118.201384999999846, 33.761665000000164 ], [ -118.20192, 33.762264000000187 ], [ -118.202224999999885, 33.762222 ], [ -118.203064, 33.763115 ], [ -118.203101999999888, 33.763378000000159 ], [ -118.203331, 33.763611 ], [ -118.203307999999879, 33.763916000000108 ], [ -118.204445, 33.764999000000159 ], [ -118.204407, 33.76532 ], [ -118.204987, 33.76585 ], [ -118.205276, 33.765842 ], [ -118.205627, 33.765556 ], [ -118.205833, 33.765556 ], [ -118.205833, 33.764721 ], [ -118.205582, 33.76446900000019 ], [ -118.20555899999988, 33.763054000000182 ], [ -118.205254, 33.762783000000127 ], [ -118.205276, 33.762501 ], [ -118.204445, 33.760555000000181 ], [ -118.20417, 33.760277 ], [ -118.203307999999879, 33.759521 ], [ -118.20305599999989, 33.759167000000105 ], [ -118.202736, 33.759228000000178 ], [ -118.202499, 33.758888 ], [ -118.202209, 33.758911 ], [ -118.201942, 33.75861 ], [ -118.201668, 33.75861 ], [ -118.201111, 33.758911 ], [ -118.199165, 33.758335000000159 ], [ -118.198302999999896, 33.757507 ], [ -118.198334, 33.757221000000186 ], [ -118.197868, 33.756878 ], [ -118.197556, 33.756451 ], [ -118.19725, 33.756016000000159 ], [ -118.196968, 33.755569 ], [ -118.196625, 33.755199 ], [ -118.196114, 33.754993 ], [ -118.195937999999899, 33.754845 ], [ -118.195663, 33.754726000000176 ], [ -118.19519, 33.754517 ], [ -118.194618, 33.754387000000179 ], [ -118.194092, 33.754272 ], [ -118.193481, 33.754089000000192 ], [ -118.192955, 33.753952 ], [ -118.19239, 33.754055 ], [ -118.19207, 33.754028000000119 ], [ -118.191886999999838, 33.754002000000128 ], [ -118.191414, 33.753933 ], [ -118.191238, 33.75386 ], [ -118.190940999999896, 33.753807000000165 ], [ -118.190468, 33.753609 ], [ -118.189957, 33.75351 ], [ -118.18988, 33.753479 ], [ -118.189468, 33.753368 ], [ -118.189247, 33.753235 ], [ -118.189034, 33.753159 ], [ -118.188643999999897, 33.752880000000175 ], [ -118.188332, 33.752560000000187 ], [ -118.188049, 33.752224 ], [ -118.187889, 33.751984000000107 ], [ -118.187858999999889, 33.75187300000016 ], [ -118.187828, 33.751705000000129 ], [ -118.187850999999853, 33.751499000000138 ], [ -118.187904, 33.751114 ], [ -118.187981, 33.750938 ], [ -118.188072, 33.750763000000177 ], [ -118.18824, 33.750446 ], [ -118.188416, 33.750122 ], [ -118.188553, 33.749851 ], [ -118.188689999999895, 33.749573000000112 ], [ -118.188811999999871, 33.749329 ], [ -118.188927, 33.749092000000132 ], [ -118.188965, 33.74889 ], [ -118.189163, 33.748611 ], [ -118.189163, 33.74722300000019 ], [ -118.189025999999899, 33.747082 ], [ -118.188919, 33.746925 ], [ -118.188888999999847, 33.746666000000118 ], [ -118.188568, 33.746418 ], [ -118.188614, 33.746113 ], [ -118.18837, 33.745872000000134 ], [ -118.188332, 33.744999 ], [ -118.188156, 33.744823 ], [ -118.188056999999844, 33.74472 ], [ -118.188056999999844, 33.744156 ], [ -118.188056999999844, 33.743332000000123 ], [ -118.187965, 33.743244000000118 ], [ -118.187775, 33.743057000000135 ], [ -118.187775, 33.742828 ], [ -118.187775, 33.7425 ], [ -118.187454, 33.742252000000121 ], [ -118.187195, 33.741882 ], [ -118.186668, 33.741882 ], [ -118.186462, 33.741722000000152 ], [ -118.186432, 33.741646 ], [ -118.186386, 33.741112000000101 ], [ -118.18618, 33.740906000000109 ], [ -118.186165, 33.740822 ], [ -118.186066, 33.740509000000145 ], [ -118.18528, 33.73972300000014 ], [ -118.18528, 33.73950200000013 ], [ -118.18528, 33.739166 ], [ -118.185455, 33.738991000000112 ], [ -118.185486, 33.738892000000135 ], [ -118.187775, 33.738888000000145 ], [ -118.187965, 33.739075000000128 ], [ -118.188056999999844, 33.739166 ], [ -118.188614, 33.739166 ], [ -118.188713, 33.739067 ], [ -118.188888999999847, 33.738888000000145 ], [ -118.190125, 33.738888000000145 ], [ -118.190268999999887, 33.738861 ], [ -118.190002, 33.738609000000167 ], [ -118.191932999999892, 33.738541 ], [ -118.192017, 33.738525 ], [ -118.192222999999899, 33.738335 ], [ -118.192809999999895, 33.738281 ], [ -118.194077, 33.737221 ], [ -118.193336, 33.737221 ], [ -118.19278, 33.736668000000122 ], [ -118.192627, 33.736668000000122 ], [ -118.192497, 33.736671 ], [ -118.192222999999899, 33.736389000000145 ], [ -118.191948, 33.736389000000145 ], [ -118.191711, 33.73669400000017 ], [ -118.190834, 33.736668000000122 ], [ -118.19062, 33.736881000000153 ], [ -118.190552, 33.736946 ], [ -118.190277, 33.736946 ], [ -118.190002, 33.737305 ], [ -118.188614, 33.73727 ], [ -118.188484, 33.73734700000017 ], [ -118.188332, 33.737499000000128 ], [ -118.188262999999836, 33.737431000000186 ], [ -118.188056999999844, 33.737221 ], [ -118.186508, 33.737221 ], [ -118.186119, 33.737156 ], [ -118.185805999999843, 33.736969000000158 ], [ -118.185814, 33.736702 ], [ -118.185669, 33.736370000000136 ], [ -118.185523999999873, 33.736195 ], [ -118.185326, 33.736038 ], [ -118.185173, 33.735851 ], [ -118.184974999999895, 33.735699 ], [ -118.184998, 33.73555400000015 ], [ -118.184692, 33.735291 ], [ -118.184775999999886, 33.734730000000184 ], [ -118.184792, 33.734653 ], [ -118.184952, 33.734413 ], [ -118.184998, 33.734165000000132 ], [ -118.185303, 33.733887 ], [ -118.18528, 33.733612 ], [ -118.185837, 33.733112 ], [ -118.187012, 33.73309300000011 ], [ -118.187224999999899, 33.732777 ], [ -118.189117, 33.732765000000143 ], [ -118.189163, 33.73252900000017 ], [ -118.189163, 33.7323 ], [ -118.189163, 33.732224000000144 ], [ -118.189445, 33.732224000000144 ], [ -118.189796, 33.732460000000117 ], [ -118.19001, 33.732483 ], [ -118.190185999999869, 33.732483 ], [ -118.190491, 33.732483 ], [ -118.190726999999868, 33.732498 ], [ -118.190834, 33.732506 ], [ -118.193886, 33.732498 ], [ -118.194176, 33.732777 ], [ -118.194724999999892, 33.732777 ], [ -118.195, 33.732765000000143 ], [ -118.195251, 33.732777 ], [ -118.195526, 33.732777 ], [ -118.195824, 33.732796 ], [ -118.196114, 33.732777 ], [ -118.196387999999899, 33.733055000000149 ], [ -118.196228, 33.733219 ], [ -118.196114, 33.733334000000127 ], [ -118.196114, 33.733612 ], [ -118.196228, 33.733727000000158 ], [ -118.196387999999899, 33.733891 ], [ -118.196387999999899, 33.735279000000105 ], [ -118.196945, 33.735832 ], [ -118.19706, 33.735718 ], [ -118.197219999999845, 33.73555400000015 ], [ -118.197777, 33.73555400000015 ], [ -118.197945, 33.735718 ], [ -118.198058999999887, 33.735832 ], [ -118.198608, 33.735832 ], [ -118.198729999999898, 33.73571 ], [ -118.19889099999989, 33.73555400000015 ], [ -118.202255, 33.735527 ], [ -118.202507, 33.735825 ], [ -118.202576, 33.735901 ], [ -118.202774, 33.735832 ], [ -118.203331, 33.736389000000145 ], [ -118.203575, 33.736805000000118 ], [ -118.203682, 33.737354 ], [ -118.203857, 33.737854 ], [ -118.203865, 33.738415 ], [ -118.203903, 33.738525 ], [ -118.203865, 33.738884000000155 ], [ -118.203887999999893, 33.739445 ], [ -118.202774, 33.740276 ], [ -118.202576, 33.740295 ], [ -118.202224999999885, 33.740276 ], [ -118.202026, 33.740479000000164 ], [ -118.201934999999878, 33.740498000000116 ], [ -118.200836, 33.740555 ], [ -118.200644999999895, 33.740746 ], [ -118.200539, 33.740784000000133 ], [ -118.199997, 33.740833000000123 ], [ -118.199783, 33.741047 ], [ -118.199721999999895, 33.741112000000101 ], [ -118.199463, 33.740982 ], [ -118.199165, 33.740833000000123 ], [ -118.198058999999887, 33.740833000000123 ], [ -118.197974999999872, 33.740913 ], [ -118.197777, 33.741112000000101 ], [ -118.19751, 33.741089000000159 ], [ -118.196945, 33.741665 ], [ -118.196593999999891, 33.741699 ], [ -118.196387999999899, 33.741699 ], [ -118.196114, 33.74139 ], [ -118.195831, 33.74139 ], [ -118.195556999999894, 33.741703 ], [ -118.194466, 33.741722000000152 ], [ -118.194343999999887, 33.741768 ], [ -118.194168, 33.741943000000106 ], [ -118.193886, 33.741943000000106 ], [ -118.193336, 33.7425 ], [ -118.193298, 33.743286 ], [ -118.193245, 33.743423000000178 ], [ -118.193053999999847, 33.74361 ], [ -118.193053999999847, 33.743896 ], [ -118.193053999999847, 33.743977 ], [ -118.193053999999847, 33.744167000000118 ], [ -118.19384, 33.745029 ], [ -118.198097, 33.745045000000118 ], [ -118.198608, 33.744446 ], [ -118.198792, 33.744446 ], [ -118.198875, 33.744446 ], [ -118.199165, 33.744446 ], [ -118.199448, 33.744167000000118 ], [ -118.200279, 33.744102 ], [ -118.200553999999897, 33.743889 ], [ -118.201942, 33.743923000000166 ], [ -118.202224999999885, 33.74361 ], [ -118.202499, 33.7439 ], [ -118.205231, 33.743931000000146 ], [ -118.205512999999883, 33.744209 ], [ -118.205627, 33.74432400000012 ], [ -118.20565, 33.744427000000144 ], [ -118.205673, 33.744514 ], [ -118.205833, 33.74472 ], [ -118.205788, 33.74501 ], [ -118.205856, 33.745068 ], [ -118.20630599999987, 33.745476 ], [ -118.206389999999885, 33.745556000000136 ], [ -118.206389999999885, 33.746387000000141 ], [ -118.206665, 33.746666000000118 ], [ -118.206665, 33.74722300000019 ], [ -118.207221999999888, 33.747776000000101 ], [ -118.207221999999888, 33.74792500000018 ], [ -118.207221999999888, 33.748245 ], [ -118.207221999999888, 33.750496000000112 ], [ -118.208336, 33.749443 ], [ -118.208336, 33.749329 ], [ -118.208336, 33.749168000000168 ], [ -118.208611, 33.74889 ], [ -118.209229, 33.748901000000103 ], [ -118.209442, 33.748611 ], [ -118.209557, 33.748611 ], [ -118.209723999999881, 33.748611 ], [ -118.210815, 33.747498 ], [ -118.211609, 33.747498 ], [ -118.212502, 33.747501000000113 ], [ -118.21167, 33.746666000000118 ], [ -118.211426, 33.746704 ], [ -118.211113, 33.746387000000141 ], [ -118.211121, 33.746094 ], [ -118.210281, 33.745277000000101 ], [ -118.209999, 33.745277000000101 ], [ -118.209723999999881, 33.744999 ], [ -118.208855, 33.745018000000186 ], [ -118.20863299999985, 33.744705 ], [ -118.208611, 33.744446 ], [ -118.208496, 33.744446 ], [ -118.208397, 33.744446 ], [ -118.208031, 33.744209 ], [ -118.207779, 33.744167000000118 ], [ -118.207489, 33.743881000000101 ], [ -118.207214, 33.74361 ], [ -118.207214, 33.74310700000018 ], [ -118.207381999999882, 33.742725000000178 ], [ -118.20752, 33.742428000000132 ], [ -118.20805399999989, 33.741810000000157 ], [ -118.208336, 33.741673000000162 ], [ -118.208588, 33.741661 ], [ -118.208862, 33.741692000000171 ], [ -118.209114, 33.741802000000177 ], [ -118.20932, 33.742016000000149 ], [ -118.209526, 33.742264 ], [ -118.209762999999896, 33.742531 ], [ -118.210045, 33.742783 ], [ -118.210349999999892, 33.743053000000145 ], [ -118.210685999999896, 33.74332 ], [ -118.21106, 33.743565 ], [ -118.211449, 33.743809000000169 ], [ -118.211906, 33.744015000000161 ], [ -118.212341, 33.74427 ], [ -118.21283, 33.744507000000169 ], [ -118.213341, 33.744736000000103 ], [ -118.213852, 33.744999 ], [ -118.214293999999882, 33.7453 ], [ -118.214844, 33.745583 ], [ -118.215248, 33.745983 ], [ -118.215515, 33.746502 ], [ -118.215492, 33.747181 ], [ -118.21553, 33.747311 ], [ -118.215468999999871, 33.747845000000154 ], [ -118.215446, 33.747936 ], [ -118.215309, 33.7484970000001 ], [ -118.215271, 33.74919100000011 ], [ -118.215279, 33.749329 ], [ -118.215279, 33.749535 ], [ -118.215279, 33.749886 ], [ -118.215301999999895, 33.750191 ], [ -118.215324, 33.750553 ], [ -118.215515, 33.751129000000105 ], [ -118.215468999999871, 33.751522 ], [ -118.215454, 33.751698 ], [ -118.215262999999879, 33.752270000000181 ], [ -118.21524, 33.752342 ], [ -118.214958, 33.752754 ], [ -118.214874, 33.752899000000184 ], [ -118.214165, 33.753613 ], [ -118.214149, 33.753876000000162 ], [ -118.213959, 33.754116000000124 ], [ -118.21389, 33.754185000000177 ], [ -118.21389, 33.754444 ], [ -118.213722, 33.754612000000122 ], [ -118.213661, 33.754673 ], [ -118.211609, 33.754700000000128 ], [ -118.211121, 33.755310000000179 ], [ -118.210281, 33.75528 ], [ -118.210075, 33.755482 ], [ -118.209999, 33.755554 ], [ -118.209442, 33.755554 ], [ -118.209167, 33.755833000000109 ], [ -118.208884999999896, 33.755833000000109 ], [ -118.208603, 33.756081000000165 ], [ -118.208488, 33.756111 ], [ -118.208336, 33.756111 ], [ -118.207771, 33.756721 ], [ -118.207748, 33.756950000000131 ], [ -118.20805399999989, 33.757221000000186 ], [ -118.20805399999989, 33.757778 ], [ -118.207901, 33.757935 ], [ -118.207779, 33.758057 ], [ -118.207939, 33.758259 ], [ -118.208031, 33.75837700000011 ], [ -118.208336, 33.758335000000159 ], [ -118.20858, 33.758675 ], [ -118.208884999999896, 33.75861 ], [ -118.209244, 33.758255000000133 ], [ -118.209999, 33.757500000000164 ], [ -118.209999, 33.757351 ], [ -118.209999, 33.756943 ], [ -118.210312, 33.756966 ], [ -118.210509999999886, 33.756714000000159 ], [ -118.210815, 33.756622000000164 ], [ -118.210907, 33.756596000000172 ], [ -118.211113, 33.756390000000181 ], [ -118.211998, 33.756390000000181 ], [ -118.212502, 33.756390000000181 ], [ -118.212593, 33.756294 ], [ -118.212776, 33.756111 ], [ -118.213608, 33.756111 ], [ -118.213737, 33.756237000000112 ], [ -118.21389, 33.756390000000181 ], [ -118.214165, 33.756985 ], [ -118.214469999999892, 33.757523000000106 ], [ -118.214882, 33.757904 ], [ -118.215088, 33.757912000000147 ], [ -118.215385, 33.757919000000186 ], [ -118.215842999999893, 33.757740000000126 ], [ -118.216094999999882, 33.757629000000179 ], [ -118.216393, 33.757500000000164 ], [ -118.218056, 33.759167000000105 ], [ -118.218056, 33.759521 ], [ -118.218056, 33.759724000000176 ], [ -118.218299999999886, 33.760010000000193 ], [ -118.218361, 33.760586 ], [ -118.218613, 33.760834000000159 ], [ -118.218658, 33.76144 ], [ -118.219727, 33.762512 ], [ -118.220276, 33.762512 ], [ -118.220398, 33.762379000000124 ], [ -118.220558, 33.762222 ], [ -118.220558, 33.761665000000164 ], [ -118.22036, 33.761471 ], [ -118.220344999999895, 33.761379000000147 ], [ -118.220238, 33.76087200000012 ], [ -118.219727, 33.760315 ], [ -118.219727, 33.759705000000167 ], [ -118.217789, 33.757767 ], [ -118.217781, 33.757500000000164 ], [ -118.217224, 33.756943 ], [ -118.217224, 33.756531000000109 ], [ -118.217224, 33.756390000000181 ], [ -118.217438, 33.756172 ], [ -118.217484, 33.756100000000174 ], [ -118.217499, 33.755833000000109 ], [ -118.217621, 33.755711000000133 ], [ -118.217781, 33.755554 ], [ -118.217781, 33.75512700000013 ], [ -118.217827, 33.755020000000172 ], [ -118.218102, 33.754341000000124 ], [ -118.218239, 33.754116000000124 ], [ -118.218407, 33.753853 ], [ -118.218924999999899, 33.753571000000136 ], [ -118.219498, 33.753326000000129 ], [ -118.219833, 33.753181 ], [ -118.219924999999876, 33.753139000000147 ], [ -118.22007, 33.753101000000186 ], [ -118.220703, 33.75293 ], [ -118.221283, 33.752750000000106 ], [ -118.221496999999829, 33.752689 ], [ -118.22187799999989, 33.752583000000129 ], [ -118.222457999999847, 33.752537 ], [ -118.222977, 33.752712000000145 ], [ -118.223328, 33.753166 ], [ -118.22361, 33.7537 ], [ -118.223877, 33.754272 ], [ -118.224136, 33.754795000000172 ], [ -118.224525, 33.755245000000116 ], [ -118.224976, 33.755493 ], [ -118.225525, 33.75512700000013 ], [ -118.225784, 33.754524000000117 ], [ -118.225922, 33.753914000000123 ], [ -118.225983, 33.75386 ], [ -118.226333999999895, 33.753445 ], [ -118.226433, 33.753395000000182 ], [ -118.22699, 33.753113 ], [ -118.227623, 33.752777 ], [ -118.228255999999874, 33.752563 ], [ -118.228935, 33.752579000000139 ], [ -118.229629999999872, 33.752773 ], [ -118.229652, 33.752922000000126 ], [ -118.229683, 33.753075000000138 ], [ -118.230002999999897, 33.753334000000109 ], [ -118.229942, 33.753639 ], [ -118.230011, 33.753685000000189 ], [ -118.230246999999849, 33.753857 ], [ -118.230553, 33.754166000000168 ], [ -118.230835, 33.754166000000168 ], [ -118.231071, 33.754028000000119 ], [ -118.231376999999895, 33.754196 ], [ -118.231606, 33.754368 ], [ -118.231879999999876, 33.754433 ], [ -118.232201, 33.754517 ], [ -118.232299999999896, 33.754517 ], [ -118.232536, 33.754471 ], [ -118.232872, 33.754547000000116 ], [ -118.233269, 33.754627000000141 ], [ -118.233368, 33.754608000000189 ], [ -118.233826, 33.754517 ], [ -118.234467, 33.754318000000126 ], [ -118.234604, 33.754528000000107 ], [ -118.234726, 33.754723 ], [ -118.235558, 33.754723 ], [ -118.23584, 33.754448 ], [ -118.236121999999853, 33.754173 ], [ -118.236191, 33.754078 ], [ -118.236397, 33.753876000000162 ], [ -118.236785999999881, 33.75351 ], [ -118.237305, 33.753296000000148 ], [ -118.237434, 33.753639 ], [ -118.237534, 33.753891000000181 ], [ -118.237816, 33.753937 ], [ -118.238052, 33.753613 ], [ -118.238312, 33.753574 ], [ -118.23851, 33.753433 ], [ -118.238625, 33.753353 ], [ -118.238693, 33.753281000000129 ], [ -118.238892, 33.753056000000186 ], [ -118.238884, 33.752789000000121 ], [ -118.239365, 33.752377000000138 ], [ -118.23999, 33.752075 ], [ -118.24057, 33.75182 ], [ -118.240898, 33.751686000000177 ], [ -118.241165, 33.751587000000143 ], [ -118.241394, 33.751431 ], [ -118.241707, 33.75139200000018 ], [ -118.242035, 33.751389 ], [ -118.242348, 33.751362 ], [ -118.242638, 33.751247 ], [ -118.242904999999837, 33.751141000000189 ], [ -118.243195, 33.751228 ], [ -118.243614, 33.751122 ], [ -118.243675, 33.75106 ], [ -118.243918999999892, 33.750866 ], [ -118.244163999999898, 33.750832 ], [ -118.244446, 33.750557000000185 ], [ -118.244704999999897, 33.75029400000011 ], [ -118.244948999999849, 33.750072 ], [ -118.245025999999825, 33.750004000000104 ], [ -118.245078999999862, 33.749760000000151 ], [ -118.245132, 33.749519 ], [ -118.245163, 33.749325 ], [ -118.245224, 33.748989000000108 ], [ -118.244003, 33.749035 ], [ -118.243835, 33.748993 ], [ -118.24353, 33.749016 ], [ -118.243583999999885, 33.749245000000144 ], [ -118.242683, 33.749260000000163 ], [ -118.242157, 33.749268 ], [ -118.242126, 33.749512 ], [ -118.240776, 33.74954600000018 ], [ -118.240753, 33.749760000000151 ], [ -118.240456, 33.749760000000151 ], [ -118.240493999999899, 33.749569000000122 ], [ -118.239417999999887, 33.749592000000121 ], [ -118.239365, 33.748978 ], [ -118.239891, 33.749027 ], [ -118.240479, 33.748901000000103 ], [ -118.240500999999881, 33.74867600000016 ], [ -118.241211, 33.748718 ], [ -118.241821, 33.748718 ], [ -118.241852, 33.748413 ], [ -118.242393, 33.748394 ], [ -118.243271, 33.748394 ], [ -118.243309, 33.748646000000178 ], [ -118.24353, 33.74867600000016 ], [ -118.243561, 33.748398 ], [ -118.244423, 33.748398 ], [ -118.244637, 33.748398 ], [ -118.244637, 33.748291000000108 ], [ -118.244637, 33.748135000000161 ], [ -118.244904, 33.748108 ], [ -118.244919, 33.747589000000119 ], [ -118.244545, 33.747524 ], [ -118.24441499999989, 33.747501000000113 ], [ -118.244407999999851, 33.747265000000141 ], [ -118.244385, 33.746777 ], [ -118.244141, 33.746681000000137 ], [ -118.24411, 33.745895 ], [ -118.243896, 33.745911 ], [ -118.243858, 33.745033 ], [ -118.243103, 33.745026000000109 ], [ -118.242492999999854, 33.745117 ], [ -118.242378, 33.745346000000154 ], [ -118.242164999999886, 33.745354 ], [ -118.242126, 33.745728000000156 ], [ -118.242118999999889, 33.745888 ], [ -118.241324999999847, 33.745857000000171 ], [ -118.24131, 33.745728000000156 ], [ -118.24128, 33.745365000000106 ], [ -118.241089, 33.745312000000183 ], [ -118.241080999999895, 33.74469 ], [ -118.241080999999895, 33.74454900000012 ], [ -118.241576999999893, 33.744507000000169 ], [ -118.241631, 33.744247000000144 ], [ -118.242195, 33.744213000000173 ], [ -118.242203, 33.743942000000175 ], [ -118.242363, 33.743931000000146 ], [ -118.242676, 33.743912000000137 ], [ -118.242638, 33.743713 ], [ -118.242492999999854, 33.743694 ], [ -118.242363, 33.743698 ], [ -118.241882, 33.743713 ], [ -118.241814, 33.743423000000178 ], [ -118.241356, 33.743412 ], [ -118.241302, 33.743713 ], [ -118.241005, 33.743713 ], [ -118.240912999999864, 33.743687000000193 ], [ -118.240753, 33.743645 ], [ -118.240692, 33.743404 ], [ -118.240181, 33.743404 ], [ -118.240203999999892, 33.743694 ], [ -118.239937, 33.743721000000164 ], [ -118.239937, 33.743896 ], [ -118.239937, 33.744247000000144 ], [ -118.239685, 33.74416 ], [ -118.239655, 33.743587000000105 ], [ -118.239647, 33.743423000000178 ], [ -118.239464, 33.743378 ], [ -118.239395, 33.743275 ], [ -118.239325999999892, 33.743164 ], [ -118.238823, 33.743214000000137 ], [ -118.238777, 33.743416000000138 ], [ -118.238609, 33.743404 ], [ -118.238503, 33.742901000000188 ], [ -118.23822, 33.742897 ], [ -118.238052, 33.742962 ], [ -118.237938, 33.743122000000142 ], [ -118.237724, 33.743069 ], [ -118.237746999999899, 33.742855 ], [ -118.237526, 33.74287 ], [ -118.237129, 33.742847000000154 ], [ -118.236915999999894, 33.742832000000135 ], [ -118.236885, 33.742664000000104 ], [ -118.236869999999897, 33.742569 ], [ -118.23661, 33.742577 ], [ -118.236618, 33.742886000000169 ], [ -118.236351, 33.742855 ], [ -118.236389, 33.743126000000132 ], [ -118.23657999999989, 33.743179 ], [ -118.23661, 33.743362000000104 ], [ -118.236351, 33.743393 ], [ -118.236267, 33.744003 ], [ -118.235809, 33.743996 ], [ -118.235695, 33.744286 ], [ -118.235596, 33.744202 ], [ -118.235535, 33.74329 ], [ -118.235565, 33.743153 ], [ -118.235747999999887, 33.743069 ], [ -118.235733, 33.742493 ], [ -118.235733, 33.742340000000127 ], [ -118.234985, 33.742313 ], [ -118.234879, 33.742516000000137 ], [ -118.234436, 33.742504000000167 ], [ -118.234291, 33.742329 ], [ -118.233826, 33.742378 ], [ -118.23378, 33.742546000000118 ], [ -118.234062, 33.742615000000114 ], [ -118.234108, 33.74287 ], [ -118.233826, 33.742882000000179 ], [ -118.233826, 33.743126000000132 ], [ -118.233803, 33.744484 ], [ -118.233588999999881, 33.74454100000014 ], [ -118.233535999999845, 33.744892 ], [ -118.233513, 33.74507100000011 ], [ -118.233025, 33.745075 ], [ -118.232941, 33.744534000000101 ], [ -118.232742, 33.744438000000173 ], [ -118.232689, 33.74432400000012 ], [ -118.232697, 33.743965000000117 ], [ -118.232909999999833, 33.743889 ], [ -118.233001999999885, 33.743454 ], [ -118.233139, 33.743393 ], [ -118.233276, 33.743336000000113 ], [ -118.233269, 33.743031 ], [ -118.233245999999895, 33.742310000000145 ], [ -118.232834, 33.742310000000145 ], [ -118.232727, 33.742310000000145 ], [ -118.232635, 33.742062 ], [ -118.231644, 33.742043 ], [ -118.231659, 33.742332000000147 ], [ -118.231514, 33.742336000000137 ], [ -118.2314, 33.742359 ], [ -118.230888, 33.742352 ], [ -118.230658999999832, 33.742603 ], [ -118.230515, 33.742622 ], [ -118.230026, 33.742603 ], [ -118.229918999999882, 33.742672 ], [ -118.22979, 33.742893 ], [ -118.229675, 33.74292000000014 ], [ -118.229499999999859, 33.74292000000014 ], [ -118.228577, 33.74292000000014 ], [ -118.228096, 33.742859 ], [ -118.227989, 33.74310300000019 ], [ -118.227996999999846, 33.74329 ], [ -118.228003999999885, 33.743893000000185 ], [ -118.227859, 33.744034000000113 ], [ -118.227837, 33.744102 ], [ -118.227752999999893, 33.7443770000001 ], [ -118.227676, 33.744537 ], [ -118.22747, 33.744659000000127 ], [ -118.227562, 33.744804 ], [ -118.227714999999876, 33.744869000000108 ], [ -118.227637999999899, 33.744991 ], [ -118.227409, 33.745304 ], [ -118.227210999999897, 33.745380000000125 ], [ -118.226913, 33.745361000000116 ], [ -118.226891, 33.745144000000153 ], [ -118.226814, 33.744404 ], [ -118.226837, 33.744331 ], [ -118.226936, 33.743969 ], [ -118.227135, 33.743793 ], [ -118.227051, 33.743710000000135 ], [ -118.226883, 33.743614 ], [ -118.226814, 33.743553000000134 ], [ -118.226707, 33.743458 ], [ -118.226448, 33.74344600000012 ], [ -118.226311, 33.743614 ], [ -118.226166, 33.743717000000174 ], [ -118.225784, 33.743721000000164 ], [ -118.225586, 33.743725000000154 ], [ -118.225501999999892, 33.743736000000183 ], [ -118.225433, 33.744236000000114 ], [ -118.225449, 33.744316 ], [ -118.22551, 33.744682 ], [ -118.225479, 33.744949000000133 ], [ -118.225281, 33.745117 ], [ -118.225273, 33.74524700000012 ], [ -118.225249999999846, 33.745613 ], [ -118.225227, 33.745911 ], [ -118.225243, 33.746052000000134 ], [ -118.225165999999888, 33.746407 ], [ -118.224945, 33.746529000000123 ], [ -118.224837999999863, 33.746689 ], [ -118.224701, 33.746635 ], [ -118.224686, 33.746441000000175 ], [ -118.224678, 33.746246 ], [ -118.224525, 33.745968000000119 ], [ -118.224502999999856, 33.745842000000152 ], [ -118.224457, 33.745739000000128 ], [ -118.224631999999872, 33.745483 ], [ -118.224578999999835, 33.745056000000147 ], [ -118.22464, 33.744884000000127 ], [ -118.224686, 33.744774 ], [ -118.224861, 33.744598 ], [ -118.224617, 33.744438000000173 ], [ -118.224602, 33.744171000000108 ], [ -118.224525, 33.743973 ], [ -118.224388, 33.744095000000186 ], [ -118.224304, 33.74432400000012 ], [ -118.224213, 33.744297 ], [ -118.224113, 33.744267 ], [ -118.224045, 33.744072 ], [ -118.223831, 33.743919 ], [ -118.223618, 33.743977 ], [ -118.223511, 33.74408 ], [ -118.223557, 33.744225000000142 ], [ -118.223816, 33.744438000000173 ], [ -118.223754999999869, 33.744537 ], [ -118.223656, 33.744560000000149 ], [ -118.223540999999841, 33.744587 ], [ -118.223068, 33.744556000000159 ], [ -118.222542, 33.744488 ], [ -118.222397, 33.744625000000156 ], [ -118.222389, 33.744709 ], [ -118.222366, 33.744869000000108 ], [ -118.222267, 33.744881 ], [ -118.22216, 33.744865000000118 ], [ -118.221962, 33.744839000000127 ], [ -118.221893, 33.745052000000157 ], [ -118.221802, 33.745117 ], [ -118.221535, 33.745052000000157 ], [ -118.221397, 33.745159000000115 ], [ -118.221321, 33.745346000000154 ], [ -118.221115, 33.745411 ], [ -118.221000999999887, 33.745369 ], [ -118.220825, 33.7453 ], [ -118.220130999999867, 33.745331000000135 ], [ -118.219482, 33.7453 ], [ -118.219406, 33.74525100000011 ], [ -118.219245999999828, 33.745148 ], [ -118.218941, 33.74507100000011 ], [ -118.218811, 33.744873 ], [ -118.218658, 33.74474 ], [ -118.218391, 33.744499 ], [ -118.218201, 33.744465000000105 ], [ -118.21788, 33.744534000000101 ], [ -118.21775799999989, 33.744434000000183 ], [ -118.217651, 33.744251000000133 ], [ -118.217467999999883, 33.74408 ], [ -118.217597999999896, 33.743988 ], [ -118.218147, 33.743973 ], [ -118.218666, 33.743912000000137 ], [ -118.21907, 33.7439 ], [ -118.219208, 33.743805000000179 ], [ -118.219353, 33.743702 ], [ -118.219504999999856, 33.74337 ], [ -118.219994, 33.743412 ], [ -118.220184, 33.743351 ], [ -118.220268, 33.743160000000103 ], [ -118.220627, 33.743126000000132 ], [ -118.221283, 33.743160000000103 ], [ -118.221771, 33.743114 ], [ -118.221825, 33.743065 ], [ -118.221839999999872, 33.742714000000149 ], [ -118.221962, 33.742550000000108 ], [ -118.222137, 33.742512000000147 ], [ -118.222359, 33.742538000000138 ], [ -118.222496, 33.742603 ], [ -118.22258799999986, 33.742805 ], [ -118.222786, 33.742523000000176 ], [ -118.222893, 33.742474000000186 ], [ -118.222977, 33.742451 ], [ -118.223145, 33.742249 ], [ -118.223511, 33.742310000000145 ], [ -118.224304, 33.742310000000145 ], [ -118.224457, 33.742035000000101 ], [ -118.224937, 33.742008000000169 ], [ -118.225296, 33.741989 ], [ -118.225661999999829, 33.74202 ], [ -118.225753999999881, 33.741943000000106 ], [ -118.225769, 33.741703 ], [ -118.225777, 33.741589000000147 ], [ -118.225837999999897, 33.741489 ], [ -118.225975, 33.741459 ], [ -118.226387, 33.741444 ], [ -118.227013, 33.741516000000161 ], [ -118.227074, 33.741467000000171 ], [ -118.22715, 33.741444 ], [ -118.227203, 33.741199 ], [ -118.227722, 33.741272 ], [ -118.228133999999898, 33.74115 ], [ -118.22833299999985, 33.741112000000101 ], [ -118.228293999999892, 33.740887000000157 ], [ -118.228302, 33.740730000000156 ], [ -118.228554, 33.740662 ], [ -118.229004, 33.740723 ], [ -118.229538, 33.740723 ], [ -118.229591, 33.74062 ], [ -118.229683, 33.740486 ], [ -118.229721, 33.740368 ], [ -118.229805, 33.740345 ], [ -118.230019, 33.740341000000114 ], [ -118.230644, 33.740326 ], [ -118.230949, 33.740345 ], [ -118.231049, 33.740208000000109 ], [ -118.231148, 33.740116000000114 ], [ -118.231346, 33.74004 ], [ -118.231438, 33.739819 ], [ -118.231606, 33.739952 ], [ -118.231789, 33.740112000000181 ], [ -118.232727, 33.740112000000181 ], [ -118.233192, 33.740112000000181 ], [ -118.233276, 33.740295 ], [ -118.233513, 33.740353 ], [ -118.233887, 33.740368 ], [ -118.234122999999897, 33.740349 ], [ -118.234206999999856, 33.740147 ], [ -118.234337, 33.740181000000177 ], [ -118.234374999999886, 33.740273000000172 ], [ -118.23452, 33.740353 ], [ -118.234688, 33.74036 ], [ -118.234894, 33.740353 ], [ -118.234978, 33.740479000000164 ], [ -118.235077, 33.740654 ], [ -118.235229, 33.740723 ], [ -118.236267, 33.740631000000121 ], [ -118.236397, 33.740833000000123 ], [ -118.236496, 33.740963 ], [ -118.236664, 33.740921000000128 ], [ -118.236908, 33.740974 ], [ -118.237518, 33.740974 ], [ -118.237846, 33.740944 ], [ -118.23793, 33.740952 ], [ -118.238036999999849, 33.741051 ], [ -118.238235, 33.741192000000183 ], [ -118.238708, 33.741272 ], [ -118.239609, 33.741215000000125 ], [ -118.239807, 33.741203 ], [ -118.239937, 33.741261000000179 ], [ -118.240027999999825, 33.741302000000189 ], [ -118.240189, 33.741272 ], [ -118.24028, 33.741196000000116 ], [ -118.240723, 33.741272 ], [ -118.241379, 33.741203 ], [ -118.241592, 33.741257 ], [ -118.241668999999888, 33.74139 ], [ -118.24173, 33.741516000000161 ], [ -118.241828999999882, 33.741436 ], [ -118.241974, 33.741238 ], [ -118.242072999999834, 33.741222000000164 ], [ -118.242226, 33.74139 ], [ -118.242371, 33.741512000000171 ], [ -118.24247, 33.741695 ], [ -118.242676, 33.741764 ], [ -118.242737, 33.741894000000173 ], [ -118.242705999999885, 33.742195 ], [ -118.242859, 33.742310000000145 ], [ -118.243126, 33.742344000000116 ], [ -118.243248, 33.742489 ], [ -118.243591, 33.742695 ], [ -118.243629, 33.742935000000159 ], [ -118.24366, 33.743130000000122 ], [ -118.244118, 33.743130000000122 ], [ -118.24436999999989, 33.743130000000122 ], [ -118.244652, 33.743256 ], [ -118.244644, 33.743645 ], [ -118.244965, 33.74380100000019 ], [ -118.244881, 33.744213000000173 ], [ -118.245246999999893, 33.744331 ], [ -118.245224, 33.744873 ], [ -118.245483, 33.745121 ], [ -118.245575, 33.74527 ], [ -118.245857, 33.745449000000121 ], [ -118.245857, 33.746140000000139 ], [ -118.246094, 33.746292 ], [ -118.246094, 33.746887000000129 ], [ -118.246567, 33.747608 ], [ -118.246613, 33.747677000000124 ], [ -118.246628, 33.747799 ], [ -118.246689, 33.748234 ], [ -118.246825999999885, 33.748318 ], [ -118.247131, 33.748501 ], [ -118.247131, 33.749115 ], [ -118.246971, 33.749447 ], [ -118.246948, 33.74972200000019 ], [ -118.246925, 33.750488000000132 ], [ -118.246925, 33.750568 ], [ -118.247223, 33.750832 ], [ -118.247192, 33.751099 ], [ -118.247748999999885, 33.7516940000001 ], [ -118.247932, 33.751888000000179 ], [ -118.248024, 33.752022 ], [ -118.248314, 33.752182000000175 ], [ -118.248649999999827, 33.752369 ], [ -118.249069, 33.752529 ], [ -118.249496, 33.752632000000119 ], [ -118.249878, 33.752502000000163 ], [ -118.249878, 33.752243 ], [ -118.249878, 33.751526 ], [ -118.250107, 33.750759000000187 ], [ -118.250092, 33.750332 ], [ -118.249886, 33.750053 ], [ -118.249649, 33.74987 ], [ -118.249489, 33.74955000000017 ], [ -118.249534999999867, 33.749222 ], [ -118.249572999999884, 33.749104 ], [ -118.249725, 33.748611 ], [ -118.249999999999886, 33.74889 ], [ -118.250831999999889, 33.74889 ], [ -118.251022, 33.749081000000103 ], [ -118.251114, 33.749168000000168 ], [ -118.251389, 33.749168000000168 ], [ -118.251495, 33.749058000000161 ], [ -118.251662999999894, 33.74889 ], [ -118.252014, 33.748901000000103 ], [ -118.252235, 33.748623 ], [ -118.252502, 33.748291000000108 ], [ -118.252571, 33.748074 ], [ -118.252777, 33.747776000000101 ], [ -118.252777, 33.746948 ], [ -118.252777, 33.745834 ], [ -118.252907, 33.745705 ], [ -118.253052, 33.745556000000136 ], [ -118.253052, 33.74432400000012 ], [ -118.253052, 33.74139 ], [ -118.25293, 33.741268 ], [ -118.252777, 33.741112000000101 ], [ -118.252808, 33.740479000000164 ], [ -118.25220499999989, 33.740025 ], [ -118.25222, 33.73972300000014 ], [ -118.251945, 33.739445 ], [ -118.251662999999894, 33.739166 ], [ -118.251662999999894, 33.738609000000167 ], [ -118.251511, 33.738457 ], [ -118.251389, 33.738335 ], [ -118.251389, 33.73809800000015 ], [ -118.251389, 33.737778000000105 ], [ -118.251099, 33.737488 ], [ -118.251114, 33.736946 ], [ -118.249725, 33.73555400000015 ], [ -118.249596, 33.73555400000015 ], [ -118.249435, 33.73555000000016 ], [ -118.249168, 33.735832 ], [ -118.248878, 33.735561000000189 ], [ -118.248596, 33.735474000000124 ], [ -118.248428, 33.735424 ], [ -118.248198999999886, 33.735252 ], [ -118.248055, 33.735001 ], [ -118.247497999999894, 33.734497 ], [ -118.247497999999894, 33.733612 ], [ -118.24736, 33.733475 ], [ -118.247284, 33.733307 ], [ -118.247177, 33.733078 ], [ -118.246948, 33.732777 ], [ -118.247001999999895, 33.732719 ], [ -118.247192, 33.732475000000136 ], [ -118.247223, 33.732224000000144 ], [ -118.247803, 33.731689 ], [ -118.248374999999896, 33.73165100000017 ], [ -118.248611, 33.731388 ], [ -118.248596, 33.731079 ], [ -118.249999999999886, 33.729721000000154 ], [ -118.249999999999886, 33.729443 ], [ -118.250205999999878, 33.729240000000175 ], [ -118.250831999999889, 33.728611000000171 ], [ -118.250831999999889, 33.728333 ], [ -118.250557, 33.7280540000001 ], [ -118.250557, 33.727779 ], [ -118.249725, 33.726944 ], [ -118.249443, 33.726944 ], [ -118.249382, 33.726879 ], [ -118.249168, 33.726665 ], [ -118.248604, 33.726723000000106 ], [ -118.248337, 33.726387000000159 ], [ -118.247497999999894, 33.726387000000159 ], [ -118.247314, 33.726685000000145 ], [ -118.246399, 33.726685000000145 ], [ -118.246283999999889, 33.726772 ], [ -118.245833999999888, 33.727222000000154 ], [ -118.245696999999836, 33.727222000000154 ], [ -118.245552, 33.727222000000154 ], [ -118.243614, 33.729168 ], [ -118.243057, 33.729168 ], [ -118.242949999999894, 33.729282 ], [ -118.242271, 33.730045000000132 ], [ -118.242218, 33.730103000000156 ], [ -118.242187, 33.730835000000127 ], [ -118.242981, 33.731689 ], [ -118.243057, 33.731689 ], [ -118.243614, 33.731689 ], [ -118.243889, 33.731388 ], [ -118.244431, 33.731358 ], [ -118.244507, 33.731323 ], [ -118.24472, 33.731110000000172 ], [ -118.2453, 33.731689 ], [ -118.244742999999858, 33.732246 ], [ -118.244446, 33.731945000000167 ], [ -118.244194, 33.731918 ], [ -118.243889, 33.732224000000144 ], [ -118.243645, 33.732265000000154 ], [ -118.243377999999893, 33.732452 ], [ -118.242187, 33.732483 ], [ -118.241997, 33.732807 ], [ -118.241943, 33.732891 ], [ -118.241943, 33.733055000000149 ], [ -118.241722, 33.733353000000136 ], [ -118.241631, 33.733597 ], [ -118.241592, 33.733688000000143 ], [ -118.241386, 33.733891 ], [ -118.241394, 33.735474000000124 ], [ -118.242172, 33.736668000000122 ], [ -118.241982, 33.736855000000162 ], [ -118.241928, 33.736912 ], [ -118.241668999999888, 33.737221 ], [ -118.241539, 33.737095000000124 ], [ -118.24144, 33.737 ], [ -118.241402, 33.736938 ], [ -118.241386, 33.736668000000122 ], [ -118.241080999999895, 33.736408 ], [ -118.241089, 33.736336 ], [ -118.241112, 33.736111 ], [ -118.240952, 33.735947000000181 ], [ -118.240905999999882, 33.735809000000131 ], [ -118.240814, 33.735561000000189 ], [ -118.240753, 33.735500000000116 ], [ -118.240341, 33.734997 ], [ -118.24029499999989, 33.733887 ], [ -118.239731, 33.733322 ], [ -118.239723, 33.733055000000149 ], [ -118.239456, 33.732792 ], [ -118.239403, 33.732258000000115 ], [ -118.238594, 33.731400000000178 ], [ -118.238609, 33.731110000000172 ], [ -118.238448999999832, 33.73094900000018 ], [ -118.238334999999893, 33.730835000000127 ], [ -118.238334999999893, 33.7303730000001 ], [ -118.238334999999893, 33.730103000000156 ], [ -118.238281, 33.730045000000132 ], [ -118.237792999999897, 33.729492 ], [ -118.237778, 33.728889 ], [ -118.23761, 33.728718000000129 ], [ -118.23750299999989, 33.728611000000171 ], [ -118.23750299999989, 33.7280540000001 ], [ -118.237671, 33.727886 ], [ -118.237708999999882, 33.727760000000103 ], [ -118.237792999999897, 33.72747800000019 ], [ -118.238334999999893, 33.726944 ], [ -118.239165999999898, 33.726944 ], [ -118.239441, 33.726665 ], [ -118.240013, 33.726711000000137 ], [ -118.240067, 33.72664600000013 ], [ -118.24028, 33.726387000000159 ], [ -118.241668999999888, 33.726387000000159 ], [ -118.241776, 33.726276 ], [ -118.241943, 33.726112000000171 ], [ -118.242949999999894, 33.726112000000171 ], [ -118.243057, 33.726097000000152 ], [ -118.243331999999896, 33.725834 ], [ -118.243629, 33.72585700000019 ], [ -118.243889, 33.725555 ], [ -118.245003, 33.725555 ], [ -118.245277, 33.725277000000176 ], [ -118.245605, 33.725281000000166 ], [ -118.245833999999888, 33.724998 ], [ -118.246704, 33.724915 ], [ -118.246948, 33.724724 ], [ -118.247497999999894, 33.724724 ], [ -118.24778, 33.724445 ], [ -118.24807, 33.724476000000152 ], [ -118.248337, 33.724167000000136 ], [ -118.248634, 33.724228 ], [ -118.251235999999835, 33.723381000000131 ], [ -118.251389, 33.723331 ], [ -118.251114, 33.723057000000153 ], [ -118.250107, 33.722050000000138 ], [ -118.249999999999886, 33.721924 ], [ -118.250519, 33.721355000000187 ], [ -118.250557, 33.721111 ], [ -118.250984, 33.720680000000129 ], [ -118.251099, 33.720520000000192 ], [ -118.251114, 33.720276 ], [ -118.250487999999848, 33.719727000000148 ], [ -118.249999999999886, 33.719727000000148 ], [ -118.249725, 33.71944400000018 ], [ -118.249168, 33.71944400000018 ], [ -118.248886, 33.719166 ], [ -118.248077, 33.719166 ], [ -118.247971, 33.719067 ], [ -118.247748999999885, 33.718929 ], [ -118.246399, 33.718079 ], [ -118.246391, 33.716946 ], [ -118.246109, 33.716667 ], [ -118.245483, 33.716675 ], [ -118.244995, 33.716125 ], [ -118.246063, 33.714958 ], [ -118.246109, 33.714722000000108 ], [ -118.246803, 33.714035 ], [ -118.246902, 33.71394 ], [ -118.247497999999894, 33.713890000000163 ], [ -118.247497999999894, 33.714169 ], [ -118.248611, 33.71527900000018 ], [ -118.250487999999848, 33.715271 ], [ -118.25116, 33.715775000000178 ], [ -118.25135, 33.715782 ], [ -118.251747, 33.715481000000182 ], [ -118.252014, 33.715271 ], [ -118.25222, 33.71527900000018 ], [ -118.25248, 33.715595 ], [ -118.252777, 33.715561 ], [ -118.253113, 33.715271 ], [ -118.253334, 33.71527900000018 ], [ -118.253319, 33.71583900000013 ], [ -118.253609, 33.716125 ], [ -118.254723, 33.716125 ], [ -118.254996999999889, 33.715832 ], [ -118.255279999999857, 33.715832 ], [ -118.255614999999864, 33.716125 ], [ -118.255836, 33.716110000000185 ], [ -118.256111, 33.716389000000163 ], [ -118.256943, 33.716389000000163 ], [ -118.257201999999893, 33.716736000000139 ], [ -118.2575, 33.716667 ], [ -118.257843, 33.716946 ], [ -118.258057, 33.716946 ], [ -118.258614, 33.717499 ], [ -118.258606, 33.717712 ], [ -118.259406999999896, 33.718643000000156 ], [ -118.259444999999857, 33.719723000000158 ], [ -118.259262, 33.719944000000169 ], [ -118.259209, 33.720005 ], [ -118.259094, 33.72113 ], [ -118.259705, 33.721680000000106 ], [ -118.259705, 33.7222900000001 ], [ -118.260277, 33.722778000000176 ], [ -118.260323, 33.723305 ], [ -118.260521, 33.723633 ], [ -118.260559, 33.723694 ], [ -118.260559, 33.724167000000136 ], [ -118.260315, 33.724487000000181 ], [ -118.260277, 33.724548 ], [ -118.260277, 33.724724 ], [ -118.25999499999989, 33.725010000000111 ], [ -118.259444999999857, 33.725555 ], [ -118.259444999999857, 33.725891000000161 ], [ -118.259444999999857, 33.726112000000171 ], [ -118.259201, 33.726402000000178 ], [ -118.259162999999887, 33.726501 ], [ -118.259162999999887, 33.727222000000154 ], [ -118.258942, 33.727509000000111 ], [ -118.258910999999898, 33.727722000000142 ], [ -118.258614, 33.7280540000001 ], [ -118.258423, 33.728088 ], [ -118.258331, 33.7280540000001 ], [ -118.2575, 33.728889 ], [ -118.256897, 33.728882 ], [ -118.256622, 33.729118 ], [ -118.256568999999843, 33.729168 ], [ -118.256386, 33.729168 ], [ -118.255798, 33.7296750000001 ], [ -118.255798, 33.731388 ], [ -118.256668, 33.731388 ], [ -118.256935, 33.731628 ], [ -118.257225, 33.731388 ], [ -118.257553, 33.731388 ], [ -118.257774, 33.731388 ], [ -118.257996, 33.731079 ], [ -118.260277, 33.731110000000172 ], [ -118.260559, 33.730835000000127 ], [ -118.260849, 33.730835000000127 ], [ -118.261108, 33.730835000000127 ], [ -118.261246, 33.730698000000189 ], [ -118.261391, 33.730556000000149 ], [ -118.262497, 33.730556000000149 ], [ -118.262779, 33.730278 ], [ -118.263054, 33.730530000000101 ], [ -118.264403999999899, 33.730530000000101 ], [ -118.265274, 33.731388 ], [ -118.264999, 33.731392 ], [ -118.264403999999899, 33.731873 ], [ -118.264442, 33.732224000000144 ], [ -118.264221, 33.732483 ], [ -118.263908, 33.732796 ], [ -118.264725, 33.733612 ], [ -118.264999, 33.733612 ], [ -118.265274, 33.733891 ], [ -118.265556, 33.733891 ], [ -118.265846, 33.733624000000134 ], [ -118.266327, 33.73312 ], [ -118.266357, 33.73304400000012 ], [ -118.266388, 33.732777 ], [ -118.266541, 33.732628000000147 ], [ -118.266602, 33.732483 ], [ -118.266754, 33.731899 ], [ -118.266898999999853, 33.731640000000141 ], [ -118.266945, 33.731388 ], [ -118.267166, 33.731167 ], [ -118.267212, 33.731079 ], [ -118.26722, 33.730556000000149 ], [ -118.266914, 33.730293 ], [ -118.266945, 33.730000000000132 ], [ -118.266632, 33.729740000000106 ], [ -118.266655, 33.728088 ], [ -118.26667, 33.726944 ], [ -118.266388, 33.726665 ], [ -118.266143999999827, 33.726467 ], [ -118.266068, 33.726410000000101 ], [ -118.266113, 33.725834 ], [ -118.265656, 33.725372 ], [ -118.265625, 33.725281000000166 ], [ -118.265831, 33.724998 ], [ -118.265319999999861, 33.724491000000171 ], [ -118.265556, 33.724167000000136 ], [ -118.265556, 33.723118 ], [ -118.265647999999885, 33.722736 ], [ -118.265831, 33.7225 ], [ -118.265831, 33.722221000000104 ], [ -118.265625, 33.722015000000113 ], [ -118.265625, 33.721924 ], [ -118.265831, 33.721668000000136 ], [ -118.266113, 33.721939000000191 ], [ -118.266296, 33.721943000000181 ], [ -118.266388, 33.721943000000181 ], [ -118.26667, 33.721668000000136 ], [ -118.266937, 33.721886 ], [ -118.267006, 33.721943000000181 ], [ -118.267502, 33.721943000000181 ], [ -118.267624, 33.722061000000167 ], [ -118.268059, 33.7225 ], [ -118.268333, 33.722778000000176 ], [ -118.268799, 33.723328 ], [ -118.26889, 33.723888000000159 ], [ -118.269165, 33.724167000000136 ], [ -118.269119, 33.724472000000162 ], [ -118.269447, 33.724724 ], [ -118.269722, 33.724724 ], [ -118.269997, 33.724998 ], [ -118.27002, 33.725281000000166 ], [ -118.270034999999893, 33.725475000000188 ], [ -118.270172, 33.726292000000115 ], [ -118.270325, 33.726929 ], [ -118.270522999999855, 33.727364000000193 ], [ -118.270569, 33.727463 ], [ -118.270836, 33.728611000000171 ], [ -118.270836, 33.728745 ], [ -118.270781999999883, 33.728901000000178 ], [ -118.270836, 33.729168 ], [ -118.271111, 33.729443 ], [ -118.271118, 33.7296750000001 ], [ -118.271186999999884, 33.729801 ], [ -118.271667, 33.730278 ], [ -118.271605999999849, 33.730530000000101 ], [ -118.272780999999895, 33.731667 ], [ -118.272728, 33.731987 ], [ -118.272858, 33.732079 ], [ -118.273055999999826, 33.732224000000144 ], [ -118.273055999999826, 33.732777 ], [ -118.273331, 33.733055000000149 ], [ -118.273314999999855, 33.733887 ], [ -118.273612999999898, 33.734165000000132 ], [ -118.273621, 33.734497 ], [ -118.274474999999882, 33.735291 ], [ -118.274445, 33.736389000000145 ], [ -118.274582, 33.73653 ], [ -118.274719, 33.736668000000122 ], [ -118.274764999999832, 33.7369920000001 ], [ -118.275002, 33.737221 ], [ -118.27504, 33.737476000000186 ], [ -118.275131, 33.737629 ], [ -118.275276, 33.737778000000105 ], [ -118.275276, 33.738888000000145 ], [ -118.275124, 33.739101000000176 ], [ -118.275063, 33.739178000000152 ], [ -118.275002, 33.739513000000159 ], [ -118.275002, 33.740276 ], [ -118.274810999999886, 33.740505000000155 ], [ -118.274764999999832, 33.740562 ], [ -118.274719, 33.740879 ], [ -118.274719, 33.74139 ], [ -118.274628, 33.741478 ], [ -118.274445, 33.741665 ], [ -118.274445, 33.743057000000135 ], [ -118.274635, 33.743248000000108 ], [ -118.274719, 33.743332000000123 ], [ -118.274208, 33.74384700000013 ], [ -118.273331, 33.74472 ], [ -118.273376, 33.745029 ], [ -118.273293, 33.745075 ], [ -118.273033, 33.745224000000178 ], [ -118.272827, 33.7453 ], [ -118.272224, 33.745834 ], [ -118.272193999999899, 33.746147000000178 ], [ -118.271942, 33.746387000000141 ], [ -118.272025999999869, 33.746471000000156 ], [ -118.272224, 33.746666000000118 ], [ -118.272224, 33.746944 ], [ -118.270203, 33.748901000000103 ], [ -118.268607999999858, 33.750278 ], [ -118.268303, 33.750309 ], [ -118.268059, 33.750557000000185 ], [ -118.267754, 33.750584000000117 ], [ -118.26722, 33.75111 ], [ -118.26722, 33.751282000000117 ], [ -118.26722, 33.751389 ], [ -118.265197999999884, 33.752502000000163 ], [ -118.264999, 33.752777 ], [ -118.264885, 33.752777 ], [ -118.264725, 33.752777 ], [ -118.262817, 33.754765000000191 ], [ -118.262779, 33.755001000000163 ], [ -118.261948, 33.755833000000109 ], [ -118.261711, 33.755875000000174 ], [ -118.261665, 33.756111 ], [ -118.260323, 33.757538000000125 ], [ -118.260277, 33.757778 ], [ -118.259162999999887, 33.758888 ], [ -118.258910999999898, 33.758911 ], [ -118.258301, 33.758911 ], [ -118.256943, 33.760277 ], [ -118.256714, 33.760315 ], [ -118.256401, 33.760574000000133 ], [ -118.256111, 33.760555000000181 ], [ -118.255836, 33.760834000000159 ], [ -118.255279999999857, 33.760834000000159 ], [ -118.255005, 33.761135 ], [ -118.254447999999854, 33.761112 ], [ -118.254211, 33.761292 ], [ -118.254135, 33.761333 ], [ -118.253609, 33.761391 ], [ -118.253417999999897, 33.761719 ], [ -118.252808, 33.761719 ], [ -118.252441, 33.761997000000122 ], [ -118.252196999999853, 33.762188 ], [ -118.251945, 33.762222 ], [ -118.251389, 33.762779000000137 ], [ -118.251114, 33.762779000000137 ], [ -118.251099, 33.763672000000156 ], [ -118.251633, 33.764202000000125 ], [ -118.251945, 33.764168000000154 ], [ -118.253052, 33.765278000000137 ], [ -118.253035999999895, 33.765507 ], [ -118.253334, 33.765835 ], [ -118.253387, 33.766071 ], [ -118.253609, 33.766109 ], [ -118.253883, 33.7663960000001 ], [ -118.254166, 33.766388000000177 ], [ -118.254517, 33.766113000000132 ], [ -118.254707, 33.766056 ], [ -118.254996999999889, 33.765835 ], [ -118.255257, 33.765812 ], [ -118.255753, 33.765358 ], [ -118.255820999999855, 33.765266 ], [ -118.255836, 33.764999000000159 ], [ -118.256386, 33.764446 ], [ -118.256386, 33.764168000000154 ], [ -118.257201999999893, 33.763355 ], [ -118.257774, 33.762779000000137 ], [ -118.257774, 33.762562000000116 ], [ -118.258003, 33.762192 ], [ -118.258057, 33.761665000000164 ], [ -118.258331, 33.761391 ], [ -118.258614, 33.761665000000164 ], [ -118.260277, 33.761665000000164 ], [ -118.260559, 33.761944 ], [ -118.260559, 33.763332000000105 ], [ -118.260307, 33.763615 ], [ -118.260277, 33.763985000000105 ], [ -118.260277, 33.764999000000159 ], [ -118.260559, 33.765556 ], [ -118.261391, 33.765835 ], [ -118.261635, 33.765797000000134 ], [ -118.262107999999841, 33.765388 ], [ -118.262649999999894, 33.764847 ], [ -118.262779, 33.764721 ], [ -118.262779, 33.764168000000154 ], [ -118.262450999999885, 33.763905 ], [ -118.262497, 33.763611 ], [ -118.262299, 33.763409 ], [ -118.262268, 33.763317 ], [ -118.262253, 33.763119 ], [ -118.262222, 33.762779000000137 ], [ -118.26190199999985, 33.762512 ], [ -118.261948, 33.762222 ], [ -118.261292, 33.76157000000012 ], [ -118.261153999999863, 33.76136 ], [ -118.261391, 33.761112 ], [ -118.261391, 33.759823 ], [ -118.261414, 33.759705000000167 ], [ -118.261971, 33.759197 ], [ -118.262222, 33.759167000000105 ], [ -118.262153999999896, 33.758869000000118 ], [ -118.262497, 33.75861 ], [ -118.262497, 33.757740000000126 ], [ -118.262497, 33.757500000000164 ], [ -118.264442, 33.755554 ], [ -118.264725, 33.755554 ], [ -118.266579, 33.7537 ], [ -118.26722, 33.753056000000186 ], [ -118.267502, 33.753334000000109 ], [ -118.268005, 33.753906 ], [ -118.268059, 33.755833000000109 ], [ -118.267822, 33.756104000000107 ], [ -118.267845, 33.756382 ], [ -118.267852999999832, 33.756462000000113 ], [ -118.268059, 33.756668000000104 ], [ -118.268059, 33.756943 ], [ -118.268333, 33.757221000000186 ], [ -118.268311, 33.757507 ], [ -118.26889, 33.758118000000138 ], [ -118.269455, 33.758064000000104 ], [ -118.269958, 33.757469 ], [ -118.269997, 33.757221000000186 ], [ -118.270065, 33.757156000000123 ], [ -118.270279, 33.756943 ], [ -118.27002, 33.756714000000159 ], [ -118.269997, 33.755833000000109 ], [ -118.270110999999872, 33.755718000000172 ], [ -118.270279, 33.755554 ], [ -118.270279, 33.755051 ], [ -118.27079, 33.754494000000136 ], [ -118.271942, 33.754444 ], [ -118.272125, 33.754673 ], [ -118.272202, 33.754761 ], [ -118.272499, 33.754723 ], [ -118.272780999999895, 33.755001000000163 ], [ -118.273055999999826, 33.755001000000163 ], [ -118.273612999999898, 33.755554 ], [ -118.273605, 33.755840000000148 ], [ -118.273689, 33.755913000000135 ], [ -118.273888, 33.756111 ], [ -118.273872, 33.756672 ], [ -118.27417, 33.756943 ], [ -118.27417, 33.759167000000105 ], [ -118.273888, 33.759445 ], [ -118.273888, 33.759521 ], [ -118.273888, 33.759739000000138 ], [ -118.273888, 33.760555000000181 ], [ -118.273712, 33.760731000000192 ], [ -118.273612999999898, 33.760834000000159 ], [ -118.273575, 33.761429000000192 ], [ -118.272522, 33.762512 ], [ -118.272499, 33.762589 ], [ -118.272499, 33.763054000000182 ], [ -118.272278, 33.763306 ], [ -118.272224, 33.763428 ], [ -118.272224, 33.763611 ], [ -118.272087, 33.763744 ], [ -118.271942, 33.763889000000177 ], [ -118.271935, 33.764099000000101 ], [ -118.271912, 33.764999000000159 ], [ -118.272224, 33.765278000000137 ], [ -118.272179, 33.765858 ], [ -118.272499, 33.765835 ], [ -118.272827, 33.766113000000132 ], [ -118.273055999999826, 33.766109 ], [ -118.273331, 33.766388000000177 ], [ -118.273651, 33.766388000000177 ], [ -118.273888, 33.766388000000177 ], [ -118.274108999999896, 33.766113000000132 ], [ -118.276917, 33.766113000000132 ], [ -118.277778999999896, 33.765278000000137 ], [ -118.277778999999896, 33.765076000000136 ], [ -118.277778999999896, 33.764721 ], [ -118.277313, 33.764259 ], [ -118.277222, 33.764099000000101 ], [ -118.277222, 33.763889000000177 ], [ -118.276085, 33.762794000000156 ], [ -118.276108, 33.762501 ], [ -118.275948, 33.762337000000173 ], [ -118.275833, 33.762222 ], [ -118.275833, 33.7615780000001 ], [ -118.275833, 33.761475 ], [ -118.275871, 33.76141 ], [ -118.276108, 33.761112 ], [ -118.276108, 33.760956000000135 ], [ -118.276108, 33.760555000000181 ], [ -118.276283, 33.76038 ], [ -118.276329, 33.760254000000145 ], [ -118.276421, 33.760010000000193 ], [ -118.276665, 33.759724000000176 ], [ -118.276665, 33.759521 ], [ -118.276688, 33.759453000000121 ], [ -118.276946999999893, 33.759167000000105 ], [ -118.276946999999893, 33.75872800000019 ], [ -118.276946999999893, 33.75861 ], [ -118.277946, 33.75761 ], [ -118.278046, 33.757496 ], [ -118.278053, 33.757221000000186 ], [ -118.278259, 33.757019000000184 ], [ -118.278274999999894, 33.756931000000179 ], [ -118.278319999999894, 33.756714000000159 ], [ -118.278853999999853, 33.756149000000107 ], [ -118.281105, 33.756100000000174 ], [ -118.281242, 33.755978 ], [ -118.281303, 33.755913000000135 ], [ -118.281386999999825, 33.755833000000109 ], [ -118.282821999999896, 33.755875000000174 ], [ -118.282913, 33.755966 ], [ -118.283058, 33.756111 ], [ -118.283333, 33.756111 ], [ -118.283607, 33.755833000000109 ], [ -118.284447, 33.755833000000109 ], [ -118.284721, 33.755554 ], [ -118.285277999999892, 33.755554 ], [ -118.285553, 33.75528 ], [ -118.285706, 33.75528 ], [ -118.285835, 33.75528 ], [ -118.286109999999894, 33.755001000000163 ], [ -118.286339, 33.754955000000109 ], [ -118.286941999999897, 33.754444 ], [ -118.286941999999897, 33.754272 ], [ -118.286941999999897, 33.753887000000191 ], [ -118.286392, 33.753334000000109 ], [ -118.286109999999894, 33.753613 ], [ -118.285004, 33.753613 ], [ -118.284904, 33.753716 ], [ -118.283958, 33.754658 ], [ -118.28389, 33.754723 ], [ -118.28302, 33.75464200000016 ], [ -118.28083, 33.754444 ], [ -118.278053, 33.754723 ], [ -118.277222, 33.754723 ], [ -118.276779, 33.754284 ], [ -118.276108, 33.753677 ], [ -118.274445, 33.753613 ], [ -118.273314999999855, 33.752502000000163 ], [ -118.273293, 33.750874000000124 ], [ -118.272758, 33.75025200000016 ], [ -118.272780999999895, 33.750000000000114 ], [ -118.274391, 33.748390000000143 ], [ -118.274445, 33.748333 ], [ -118.274146999999857, 33.748043000000166 ], [ -118.27417, 33.747776000000101 ], [ -118.274474999999882, 33.747498 ], [ -118.274445, 33.74722300000019 ], [ -118.274611999999877, 33.747055000000159 ], [ -118.274650999999892, 33.746925 ], [ -118.274681, 33.7467 ], [ -118.274719, 33.746387000000141 ], [ -118.275261, 33.74585 ], [ -118.27552, 33.745525 ], [ -118.275558, 33.745277000000101 ], [ -118.276779, 33.744057 ], [ -118.276917, 33.743896 ], [ -118.277184, 33.742908 ], [ -118.277252, 33.742802000000154 ], [ -118.277732999999898, 33.742188000000169 ], [ -118.277778999999896, 33.742126000000155 ], [ -118.277770999999859, 33.741943000000106 ], [ -118.278053, 33.741665 ], [ -118.27755, 33.737118 ], [ -118.277527, 33.73669400000017 ], [ -118.277778999999896, 33.736389000000145 ], [ -118.277778999999896, 33.735901 ], [ -118.277778999999896, 33.735279000000105 ], [ -118.277596, 33.7351 ], [ -118.277496, 33.735001 ], [ -118.277496, 33.734314 ], [ -118.277496, 33.734165000000132 ], [ -118.277222, 33.733891 ], [ -118.277222, 33.733612 ], [ -118.276917, 33.73327600000016 ], [ -118.276946999999893, 33.733055000000149 ], [ -118.27639, 33.732498 ], [ -118.276199, 33.732498 ], [ -118.274901999999884, 33.731297000000154 ], [ -118.274445, 33.730835000000127 ], [ -118.274474999999882, 33.7296750000001 ], [ -118.273888, 33.729168 ], [ -118.273888, 33.728611000000171 ], [ -118.273705, 33.728481 ], [ -118.27356, 33.728374 ], [ -118.273612999999898, 33.7280540000001 ], [ -118.273331, 33.727779 ], [ -118.273331, 33.727501000000132 ], [ -118.27301, 33.727222000000154 ], [ -118.273048, 33.726505000000145 ], [ -118.273055999999826, 33.726387000000159 ], [ -118.272758, 33.726128 ], [ -118.272567999999865, 33.72590600000018 ], [ -118.272490999999889, 33.725849 ], [ -118.272499, 33.725555 ], [ -118.272224, 33.725277000000176 ], [ -118.271942, 33.725277000000176 ], [ -118.271698, 33.725033 ], [ -118.271667, 33.723057000000153 ], [ -118.271393, 33.72279 ], [ -118.271385, 33.722221000000104 ], [ -118.271202, 33.722034 ], [ -118.271179, 33.721928000000162 ], [ -118.271149, 33.721676000000116 ], [ -118.271111, 33.72139 ], [ -118.271407999999894, 33.721409 ], [ -118.271912, 33.720886000000121 ], [ -118.271935, 33.720276 ], [ -118.271927, 33.720001 ], [ -118.272224, 33.719723000000158 ], [ -118.272025999999869, 33.719528 ], [ -118.271942, 33.71944400000018 ], [ -118.271942, 33.719166 ], [ -118.272522, 33.718689 ], [ -118.272499, 33.718056000000104 ], [ -118.272591, 33.717964000000109 ], [ -118.272780999999895, 33.717777 ], [ -118.272780999999895, 33.715496 ], [ -118.27282, 33.715004000000135 ], [ -118.272873, 33.714943 ], [ -118.273079, 33.714745 ], [ -118.273055999999826, 33.714443000000131 ], [ -118.273888, 33.713612 ], [ -118.27417, 33.713890000000163 ], [ -118.274445, 33.713890000000163 ], [ -118.274628, 33.714081000000192 ], [ -118.274719, 33.714172 ], [ -118.275276, 33.714169 ], [ -118.275558, 33.714443000000131 ], [ -118.275833, 33.714443000000131 ], [ -118.276114999999891, 33.7147030000001 ], [ -118.27639, 33.714722000000108 ], [ -118.27639, 33.715 ], [ -118.276665, 33.71527900000018 ], [ -118.276946999999893, 33.715557000000103 ], [ -118.276946999999893, 33.715942000000155 ], [ -118.276946999999893, 33.716110000000185 ], [ -118.277184, 33.716408000000172 ], [ -118.277222, 33.716492000000187 ], [ -118.277275, 33.718613000000175 ], [ -118.277496, 33.718887000000109 ], [ -118.277496, 33.719723000000158 ], [ -118.277778999999896, 33.720001 ], [ -118.27771, 33.720276 ], [ -118.278053, 33.720554000000163 ], [ -118.278053, 33.720886000000121 ], [ -118.278053, 33.721111 ], [ -118.278175, 33.721233 ], [ -118.278336, 33.72139 ], [ -118.278305, 33.721676000000116 ], [ -118.27861, 33.721943000000181 ], [ -118.278625, 33.723083 ], [ -118.278893, 33.723331 ], [ -118.278893, 33.72361 ], [ -118.279167, 33.72361 ], [ -118.279495, 33.723888000000159 ], [ -118.279724, 33.723888000000159 ], [ -118.279999, 33.724167000000136 ], [ -118.281357, 33.725590000000125 ], [ -118.281647, 33.725559 ], [ -118.281921, 33.725281000000166 ], [ -118.281943999999896, 33.724998 ], [ -118.281715, 33.724773 ], [ -118.2817, 33.724667000000125 ], [ -118.28167, 33.724445 ], [ -118.281386999999825, 33.724167000000136 ], [ -118.281112999999891, 33.723888000000159 ], [ -118.281112999999891, 33.72361 ], [ -118.280807, 33.723343 ], [ -118.28083, 33.723057000000153 ], [ -118.280548, 33.722782000000166 ], [ -118.280556, 33.7225 ], [ -118.280281, 33.722221000000104 ], [ -118.280281, 33.721668000000136 ], [ -118.279999, 33.72139 ], [ -118.279999, 33.721111 ], [ -118.27977, 33.720879 ], [ -118.279732, 33.720093 ], [ -118.279685999999856, 33.720028000000184 ], [ -118.279457, 33.719711 ], [ -118.279442, 33.71944400000018 ], [ -118.279144, 33.719177000000116 ], [ -118.279167, 33.718887000000109 ], [ -118.278853999999853, 33.718632000000127 ], [ -118.278893, 33.718334 ], [ -118.278687, 33.718132000000139 ], [ -118.27861, 33.718056000000104 ], [ -118.27861, 33.717224000000158 ], [ -118.278687, 33.717148000000122 ], [ -118.278908, 33.716965 ], [ -118.279442, 33.716389000000163 ], [ -118.279724, 33.716389000000163 ], [ -118.279724, 33.715881 ], [ -118.280327, 33.715332000000103 ], [ -118.280403, 33.715313000000151 ], [ -118.280556, 33.71527900000018 ], [ -118.280785, 33.715611000000138 ], [ -118.281112999999891, 33.715557000000103 ], [ -118.281677, 33.716125 ], [ -118.283058, 33.716125 ], [ -118.283333, 33.715832 ], [ -118.283791, 33.715374 ], [ -118.283875, 33.715271 ], [ -118.28389, 33.714443000000131 ], [ -118.283607, 33.714169 ], [ -118.283607, 33.713890000000163 ], [ -118.283325, 33.713928000000124 ], [ -118.283058, 33.713612 ], [ -118.283058, 33.713051 ], [ -118.283058, 33.712502 ], [ -118.282951, 33.712395000000129 ], [ -118.282775999999899, 33.712223000000108 ], [ -118.282775999999899, 33.711945000000185 ], [ -118.283058, 33.711666 ], [ -118.283325, 33.711399000000142 ], [ -118.283607, 33.711113 ], [ -118.28347, 33.71097600000013 ], [ -118.283333, 33.710835 ], [ -118.283333, 33.710556 ], [ -118.282775999999899, 33.710556 ], [ -118.282501, 33.71027800000013 ], [ -118.282218999999827, 33.71027800000013 ], [ -118.281943999999896, 33.709999 ], [ -118.280579, 33.710083000000111 ], [ -118.280281, 33.709721 ], [ -118.279999, 33.709446000000185 ], [ -118.279442, 33.709167 ], [ -118.278336, 33.709167 ], [ -118.276665, 33.708332 ], [ -118.27639, 33.708057 ], [ -118.275276, 33.708057 ], [ -118.275002, 33.70777900000013 ], [ -118.274704, 33.707798 ], [ -118.274611999999877, 33.707691000000125 ], [ -118.274445, 33.7075 ], [ -118.27417, 33.7075 ], [ -118.273888, 33.707222 ], [ -118.272522, 33.706482000000108 ], [ -118.271667, 33.705555000000118 ], [ -118.271385, 33.705555000000118 ], [ -118.271111, 33.70527600000014 ], [ -118.270508, 33.705322 ], [ -118.268607999999858, 33.704445000000135 ], [ -118.265831, 33.704445000000135 ], [ -118.265625, 33.704712 ], [ -118.264725, 33.704723 ], [ -118.264526, 33.704895 ], [ -118.26442, 33.704941000000133 ], [ -118.263885, 33.705002 ], [ -118.263610999999855, 33.70527600000014 ], [ -118.263382, 33.705322 ], [ -118.2631, 33.705605000000162 ], [ -118.262222, 33.705555000000118 ], [ -118.262023999999883, 33.705872 ], [ -118.261108, 33.705833 ], [ -118.260925, 33.706116000000179 ], [ -118.260277, 33.706116000000179 ], [ -118.260192999999845, 33.706116000000179 ], [ -118.259964, 33.706348 ], [ -118.25972, 33.706390000000113 ], [ -118.259444999999857, 33.706669 ], [ -118.259162999999887, 33.7066650000001 ], [ -118.258888, 33.706944000000135 ], [ -118.258789, 33.706944000000135 ], [ -118.257774, 33.706944000000135 ], [ -118.2575, 33.707222 ], [ -118.256943, 33.707222 ], [ -118.256714, 33.707520000000159 ], [ -118.255798, 33.707520000000159 ], [ -118.255577, 33.707798 ], [ -118.255279999999857, 33.70777900000013 ], [ -118.254996999999889, 33.708057 ], [ -118.254723, 33.708057 ], [ -118.254517, 33.708313 ], [ -118.254166, 33.70861100000019 ], [ -118.254089, 33.708679000000132 ], [ -118.253334, 33.708664000000169 ], [ -118.252777, 33.709167 ], [ -118.25222, 33.709167 ], [ -118.252144, 33.709240000000193 ], [ -118.251655999999855, 33.709717 ], [ -118.251488, 33.70985 ], [ -118.251372999999887, 33.709938 ], [ -118.251129, 33.709999 ], [ -118.250831999999889, 33.709999 ], [ -118.250275, 33.709446000000185 ], [ -118.250275, 33.709167 ], [ -118.25013, 33.709023000000172 ], [ -118.250075999999865, 33.708969000000138 ], [ -118.249999999999886, 33.708889000000113 ], [ -118.250275, 33.70861100000019 ], [ -118.250831999999889, 33.708057 ], [ -118.251114, 33.70777900000013 ], [ -118.251389, 33.70777900000013 ], [ -118.251616999999897, 33.70755 ], [ -118.253601, 33.707275000000152 ], [ -118.254211, 33.707275000000152 ], [ -118.254447999999854, 33.706944000000135 ], [ -118.254684, 33.706894 ], [ -118.255188, 33.706486 ], [ -118.255302, 33.706451000000186 ], [ -118.257675, 33.705635 ], [ -118.257805, 33.705589 ], [ -118.258118, 33.705322 ], [ -118.258331, 33.70527600000014 ], [ -118.258583, 33.705605000000162 ], [ -118.258896, 33.705563 ], [ -118.259216, 33.705322 ], [ -118.259415, 33.705223 ], [ -118.259674, 33.705036000000177 ], [ -118.260498, 33.705017 ], [ -118.260574, 33.705017 ], [ -118.260933, 33.704750000000104 ], [ -118.261086, 33.704678 ], [ -118.261208, 33.70462 ], [ -118.261391, 33.704445000000135 ], [ -118.263054, 33.704445000000135 ], [ -118.263336, 33.7041660000001 ], [ -118.263610999999855, 33.7041660000001 ], [ -118.263885, 33.703949000000136 ], [ -118.264725, 33.703922 ], [ -118.264999, 33.703609 ], [ -118.265236, 33.703571000000125 ], [ -118.265503, 33.703308 ], [ -118.266113, 33.703335 ], [ -118.266388, 33.703056000000117 ], [ -118.26722, 33.703056000000117 ], [ -118.267502, 33.702778 ], [ -118.267775999999856, 33.702778 ], [ -118.268059, 33.703056000000117 ], [ -118.268607999999858, 33.703056000000117 ], [ -118.26889, 33.703327000000172 ], [ -118.268974, 33.703335 ], [ -118.269997, 33.703335 ], [ -118.270126, 33.703438000000119 ], [ -118.270294, 33.703575 ], [ -118.270386, 33.703609 ], [ -118.271111, 33.703609 ], [ -118.271385, 33.703888 ], [ -118.271667, 33.7041660000001 ], [ -118.272224, 33.7041660000001 ], [ -118.272842, 33.704723 ], [ -118.273055999999826, 33.704723 ], [ -118.273331, 33.705002 ], [ -118.273612999999898, 33.70527600000014 ], [ -118.273888, 33.70527600000014 ], [ -118.27446, 33.705803 ], [ -118.274597, 33.705833 ], [ -118.274688999999853, 33.705887 ], [ -118.275017, 33.706078 ], [ -118.275085, 33.706112000000189 ], [ -118.275276, 33.706112000000189 ], [ -118.275558, 33.706390000000113 ], [ -118.275833, 33.706390000000113 ], [ -118.276108, 33.7066650000001 ], [ -118.27639, 33.706944000000135 ], [ -118.276610999999889, 33.707275000000152 ], [ -118.276932, 33.707176000000118 ], [ -118.277015999999833, 33.707153000000176 ], [ -118.277222, 33.706944000000135 ], [ -118.277694999999881, 33.706470000000138 ], [ -118.277794, 33.706421 ], [ -118.278053, 33.706112000000189 ], [ -118.278336, 33.705833 ], [ -118.27861, 33.705833 ], [ -118.278893, 33.706112000000189 ], [ -118.279175, 33.706482000000108 ], [ -118.279724, 33.706944000000135 ], [ -118.279724, 33.707275000000152 ], [ -118.279724, 33.7075 ], [ -118.279853999999887, 33.707626 ], [ -118.279999, 33.70777900000013 ], [ -118.280281, 33.708057 ], [ -118.280556, 33.708332 ], [ -118.281112999999891, 33.708332 ], [ -118.281386999999825, 33.708057 ], [ -118.281943999999896, 33.708057 ], [ -118.282142999999849, 33.708279 ], [ -118.282211, 33.708355000000154 ], [ -118.282501, 33.708332 ], [ -118.282784, 33.708584 ], [ -118.282852, 33.70861100000019 ], [ -118.28302, 33.70861100000019 ], [ -118.28315, 33.70861100000019 ], [ -118.283333, 33.70861100000019 ], [ -118.283554, 33.708389000000125 ], [ -118.283691, 33.708347 ], [ -118.283875, 33.708282000000167 ], [ -118.283973999999887, 33.708244 ], [ -118.284164, 33.708057 ], [ -118.284485, 33.707802 ], [ -118.284676, 33.707474000000104 ], [ -118.284721, 33.707222 ], [ -118.285004, 33.706944000000135 ], [ -118.285851, 33.706959 ], [ -118.286339, 33.706448000000137 ], [ -118.286407, 33.706413 ], [ -118.286986999999897, 33.706116000000179 ], [ -118.287475999999856, 33.705872 ], [ -118.287551999999835, 33.705830000000162 ], [ -118.288086, 33.705505 ], [ -118.288551, 33.705128000000116 ], [ -118.288634999999829, 33.70509 ], [ -118.288887, 33.704723 ], [ -118.289169, 33.704723 ], [ -118.289444, 33.704445000000135 ], [ -118.289719, 33.704445000000135 ], [ -118.290001, 33.704723 ], [ -118.290275999999892, 33.704723 ], [ -118.290557999999862, 33.704445000000135 ], [ -118.291946, 33.704445000000135 ], [ -118.292503, 33.705006 ], [ -118.292747, 33.704967000000124 ], [ -118.292984, 33.704788 ], [ -118.293090999999833, 33.704712 ], [ -118.293335, 33.704445000000135 ], [ -118.29361, 33.7041660000001 ], [ -118.293892, 33.7041660000001 ], [ -118.294167, 33.704445000000135 ], [ -118.294998, 33.704723 ], [ -118.295029, 33.704884 ], [ -118.29528, 33.70527600000014 ], [ -118.29541, 33.70527600000014 ], [ -118.295555, 33.70527600000014 ], [ -118.29583, 33.705555000000118 ], [ -118.296112, 33.705833 ], [ -118.295876, 33.706116000000179 ], [ -118.29583, 33.7066650000001 ], [ -118.296112, 33.706944000000135 ], [ -118.296143, 33.707268000000113 ], [ -118.296165, 33.707478 ], [ -118.296234, 33.707626 ], [ -118.296387, 33.70777900000013 ], [ -118.296417, 33.708042 ], [ -118.296470999999883, 33.708160000000191 ], [ -118.296669, 33.708389000000125 ], [ -118.296669, 33.70861100000019 ], [ -118.296997, 33.708923 ], [ -118.297226, 33.708889000000113 ], [ -118.297501, 33.708889000000113 ], [ -118.297775, 33.709167 ], [ -118.298332, 33.709167 ], [ -118.298607, 33.709503 ], [ -118.300003, 33.709446000000185 ], [ -118.300278, 33.709732 ], [ -118.301392, 33.709721 ], [ -118.301552, 33.709854000000178 ], [ -118.30172, 33.709999 ], [ -118.301941, 33.709999 ], [ -118.302238, 33.710243 ], [ -118.302306999999871, 33.71027800000013 ], [ -118.302498, 33.71027800000013 ], [ -118.302742, 33.710606 ], [ -118.303055, 33.710556 ], [ -118.303336999999829, 33.710835 ], [ -118.303885999999864, 33.710835 ], [ -118.304199, 33.711121 ], [ -118.304443, 33.711113 ], [ -118.304703, 33.711422 ], [ -118.305038, 33.711361000000181 ], [ -118.305298, 33.711395000000152 ], [ -118.305565, 33.71143 ], [ -118.305771, 33.711613 ], [ -118.306091, 33.711731 ], [ -118.306350999999893, 33.711666 ], [ -118.306648, 33.711685000000159 ], [ -118.306915, 33.711781000000144 ], [ -118.307129, 33.711914 ], [ -118.307442, 33.711998000000108 ], [ -118.307762, 33.711945000000185 ], [ -118.308043999999882, 33.711979000000156 ], [ -118.308273, 33.712139 ], [ -118.308509999999899, 33.712215000000128 ], [ -118.308891, 33.712223000000108 ], [ -118.308891, 33.712502 ], [ -118.309227, 33.71277600000019 ], [ -118.309998, 33.71277600000019 ], [ -118.310265, 33.713108000000148 ], [ -118.311111, 33.713055 ], [ -118.311386, 33.713333 ], [ -118.311699, 33.713634000000127 ], [ -118.311943, 33.713612 ], [ -118.312195, 33.713928000000124 ], [ -118.313598999999897, 33.713928000000124 ], [ -118.313881, 33.714172 ], [ -118.314156, 33.714165 ], [ -118.314392, 33.713928000000124 ], [ -118.315613, 33.713928000000124 ], [ -118.315872, 33.71365 ], [ -118.316406, 33.713074000000177 ], [ -118.316948, 33.713612 ], [ -118.318611, 33.71527900000018 ], [ -118.32019, 33.715271 ], [ -118.320557, 33.715557000000103 ], [ -118.320778, 33.715878 ], [ -118.320992, 33.716225000000122 ], [ -118.321335, 33.716446 ], [ -118.321670999999867, 33.716675 ], [ -118.321968, 33.716938000000141 ], [ -118.322249999999883, 33.717197 ], [ -118.322525, 33.717442 ], [ -118.322784, 33.717667 ], [ -118.323051, 33.717869 ], [ -118.323265, 33.718124 ], [ -118.323608, 33.718323000000169 ], [ -118.323883, 33.71833 ], [ -118.324203, 33.718403 ], [ -118.324454999999887, 33.718575 ], [ -118.324996999999883, 33.718613000000175 ], [ -118.325553999999897, 33.718613000000175 ], [ -118.325835999999867, 33.718887000000109 ], [ -118.325943, 33.718887000000109 ], [ -118.326111, 33.718887000000109 ], [ -118.326385, 33.719166 ], [ -118.326942, 33.719166 ], [ -118.327225, 33.71944400000018 ], [ -118.327774, 33.71944400000018 ], [ -118.328056, 33.719727000000148 ], [ -118.328613, 33.719727000000148 ], [ -118.328888, 33.71944400000018 ], [ -118.32917, 33.71944400000018 ], [ -118.329407, 33.719727000000148 ], [ -118.32972, 33.720001 ], [ -118.329987, 33.720337 ], [ -118.330833, 33.720276 ], [ -118.330811, 33.720520000000192 ], [ -118.331421, 33.72113 ], [ -118.331665, 33.720833 ], [ -118.332222, 33.720833 ], [ -118.332497, 33.721111 ], [ -118.332779, 33.721111 ], [ -118.333336, 33.721668000000136 ], [ -118.333611, 33.721668000000136 ], [ -118.333878, 33.722 ], [ -118.334442, 33.721943000000181 ], [ -118.334755, 33.722221000000104 ], [ -118.335556, 33.722221000000104 ], [ -118.335831, 33.72247300000015 ], [ -118.336609, 33.72247300000015 ], [ -118.336899, 33.722816000000137 ], [ -118.338058, 33.722778000000176 ], [ -118.338463, 33.723186000000169 ], [ -118.338631, 33.723293000000126 ], [ -118.338692, 33.723331 ], [ -118.33889, 33.723331 ], [ -118.339164999999866, 33.72361 ], [ -118.339446999999836, 33.72361 ], [ -118.339722, 33.723888000000159 ], [ -118.339798, 33.723888000000159 ], [ -118.339996, 33.723888000000159 ], [ -118.340279, 33.724167000000136 ], [ -118.340836, 33.724167000000136 ], [ -118.34111, 33.724445 ], [ -118.341393, 33.724445 ], [ -118.34228499999989, 33.725281000000166 ], [ -118.342499, 33.725277000000176 ], [ -118.342780999999889, 33.725555 ], [ -118.343329999999867, 33.725555 ], [ -118.343612999999834, 33.725834 ], [ -118.344719, 33.725834 ], [ -118.344925, 33.726059000000191 ], [ -118.344994, 33.726128 ], [ -118.345276, 33.726112000000171 ], [ -118.345558, 33.726387000000159 ], [ -118.346664, 33.726387000000159 ], [ -118.346924, 33.726501 ], [ -118.347167999999897, 33.72659300000015 ], [ -118.34745, 33.72659700000014 ], [ -118.347717, 33.72662 ], [ -118.348053, 33.72654 ], [ -118.34819, 33.726467 ], [ -118.348411999999882, 33.726353000000188 ], [ -118.348877, 33.726685000000145 ], [ -118.351387, 33.726665 ], [ -118.351624, 33.726929 ], [ -118.351943999999889, 33.726944 ], [ -118.352203, 33.727245 ], [ -118.352286999999876, 33.727238 ], [ -118.352501, 33.727222000000154 ], [ -118.352783, 33.72747800000019 ], [ -118.352837, 33.727768 ], [ -118.352859, 33.727863 ], [ -118.353058, 33.7280540000001 ], [ -118.353058, 33.728783000000192 ], [ -118.353058, 33.729168 ], [ -118.353165, 33.729271 ], [ -118.353333, 33.729443 ], [ -118.353615, 33.729443 ], [ -118.353882, 33.7296750000001 ], [ -118.354126, 33.73002600000018 ], [ -118.354445999999882, 33.730278 ], [ -118.354439, 33.730560000000139 ], [ -118.354721, 33.730835000000127 ], [ -118.354675, 33.731079 ], [ -118.355003, 33.731388 ], [ -118.355003, 33.731728000000146 ], [ -118.355003, 33.731945000000167 ], [ -118.355331, 33.732269000000144 ], [ -118.355835, 33.732777 ], [ -118.356689, 33.733658000000105 ], [ -118.35833, 33.733612 ], [ -118.358322, 33.733707 ], [ -118.358276, 33.734165000000132 ], [ -118.358887, 33.734680000000139 ], [ -118.359154, 33.735012 ], [ -118.359352, 33.735260000000153 ], [ -118.359413, 33.735344000000168 ], [ -118.359946999999863, 33.735435 ], [ -118.360320999999885, 33.735737 ], [ -118.360725, 33.736012000000187 ], [ -118.361137, 33.736298 ], [ -118.361557, 33.736565000000155 ], [ -118.361983999999893, 33.736832 ], [ -118.36245, 33.737049 ], [ -118.362869, 33.737354 ], [ -118.363121, 33.737438 ], [ -118.36335, 33.73756 ], [ -118.363708, 33.737663 ], [ -118.363846, 33.737720000000138 ], [ -118.364418, 33.737774000000172 ], [ -118.365013, 33.737782 ], [ -118.365607999999895, 33.737785 ], [ -118.366203, 33.737782 ], [ -118.366508, 33.737766000000192 ], [ -118.366782999999884, 33.737755000000163 ], [ -118.367104, 33.737671000000148 ], [ -118.36731, 33.737671000000148 ], [ -118.367714, 33.737293000000136 ], [ -118.367851, 33.737164000000121 ], [ -118.368034, 33.736893 ], [ -118.368324, 33.736542 ], [ -118.368752, 33.736198000000115 ], [ -118.368903999999873, 33.736095000000148 ], [ -118.369125, 33.73595 ], [ -118.369492, 33.736115 ], [ -118.369576, 33.736149000000182 ], [ -118.370003, 33.736526 ], [ -118.370422, 33.736935000000187 ], [ -118.370789, 33.737305 ], [ -118.371292, 33.737637000000177 ], [ -118.371452, 33.737663 ], [ -118.371803, 33.737717 ], [ -118.371994, 33.737633 ], [ -118.372284, 33.737503000000117 ], [ -118.372658, 33.737274000000184 ], [ -118.372725999999886, 33.737209000000121 ], [ -118.373177, 33.736938 ], [ -118.373405, 33.736767000000157 ], [ -118.373581, 33.736633 ], [ -118.374023, 33.736328 ], [ -118.374489, 33.736046000000158 ], [ -118.374603, 33.735973000000172 ], [ -118.375266999999837, 33.736008 ], [ -118.375702, 33.73647700000015 ], [ -118.37580899999989, 33.737228 ], [ -118.375832, 33.737305 ], [ -118.375832, 33.737778000000105 ], [ -118.375609999999881, 33.73809800000015 ], [ -118.374695, 33.738892000000135 ], [ -118.375793, 33.738892000000135 ], [ -118.377807999999845, 33.740906000000109 ], [ -118.378052, 33.740833000000123 ], [ -118.37860099999989, 33.741096 ], [ -118.378746, 33.741188000000193 ], [ -118.379211, 33.741394000000184 ], [ -118.379775999999879, 33.741627000000108 ], [ -118.380409, 33.741734 ], [ -118.381004, 33.741905 ], [ -118.381622, 33.741943000000106 ], [ -118.382256, 33.741928000000144 ], [ -118.382507, 33.741947 ], [ -118.382881, 33.741947 ], [ -118.383499, 33.741901 ], [ -118.383736, 33.741806000000167 ], [ -118.384079, 33.741669 ], [ -118.38456699999989, 33.74148600000018 ], [ -118.384681999999884, 33.741444 ], [ -118.385246, 33.74115 ], [ -118.385857, 33.740929 ], [ -118.386481999999887, 33.740734 ], [ -118.387099999999862, 33.740547000000106 ], [ -118.387573, 33.740192 ], [ -118.388077, 33.739815 ], [ -118.388504, 33.739529 ], [ -118.38858, 33.73950200000013 ], [ -118.389091, 33.739174000000162 ], [ -118.389549, 33.738926000000106 ], [ -118.389626, 33.738892000000135 ], [ -118.390059999999892, 33.738682000000153 ], [ -118.39019, 33.738621 ], [ -118.390625, 33.738281 ], [ -118.391113, 33.73809800000015 ], [ -118.391387999999893, 33.737778000000105 ], [ -118.39167, 33.737778000000105 ], [ -118.391945, 33.73809800000015 ], [ -118.392822, 33.73809800000015 ], [ -118.393059, 33.737778000000105 ], [ -118.393638999999894, 33.737690000000157 ], [ -118.394188, 33.737545 ], [ -118.394608, 33.737232 ], [ -118.395027, 33.7369920000001 ], [ -118.395447, 33.736771000000147 ], [ -118.395721, 33.736607 ], [ -118.395813, 33.736511000000121 ], [ -118.396217, 33.736359000000164 ], [ -118.396262999999863, 33.736298 ], [ -118.396545, 33.736050000000148 ], [ -118.396782, 33.735695 ], [ -118.397017999999889, 33.735336 ], [ -118.397301, 33.735050000000172 ], [ -118.397499, 33.735001 ], [ -118.397781, 33.735279000000105 ], [ -118.397957, 33.735455000000115 ], [ -118.398055999999883, 33.73555400000015 ], [ -118.398185999999896, 33.735424 ], [ -118.398331, 33.735279000000105 ], [ -118.398848999999871, 33.735329 ], [ -118.399315, 33.73571 ], [ -118.399757, 33.736065000000167 ], [ -118.400002, 33.736111 ], [ -118.400513, 33.73669400000017 ], [ -118.400833, 33.736668000000122 ], [ -118.401123, 33.736877 ], [ -118.401169, 33.737774000000172 ], [ -118.401389999999878, 33.738056 ], [ -118.402222, 33.738892000000135 ], [ -118.403052999999886, 33.738056 ], [ -118.403198, 33.738056 ], [ -118.403336, 33.738056 ], [ -118.403893, 33.738609000000167 ], [ -118.403930999999886, 33.739285000000109 ], [ -118.404174999999896, 33.739929000000132 ], [ -118.40448, 33.740479000000164 ], [ -118.40506, 33.740829000000133 ], [ -118.405631999999855, 33.741058 ], [ -118.406067, 33.741089000000159 ], [ -118.406326, 33.741077 ], [ -118.406386999999881, 33.740978 ], [ -118.406386999999881, 33.740833000000123 ], [ -118.406585999999834, 33.740639 ], [ -118.406676999999888, 33.74054 ], [ -118.407211, 33.740490000000193 ], [ -118.407295, 33.740482 ], [ -118.407501, 33.740276 ], [ -118.408463, 33.741245000000106 ], [ -118.408607, 33.74139 ], [ -118.40889, 33.741108000000168 ], [ -118.409393, 33.740513000000135 ], [ -118.409447, 33.740276 ], [ -118.411011, 33.740276 ], [ -118.411064, 33.740326 ], [ -118.411926, 33.741089000000159 ], [ -118.411942, 33.741943000000106 ], [ -118.411781, 33.742104000000154 ], [ -118.411667, 33.74222200000014 ], [ -118.411682, 33.743286 ], [ -118.411949, 33.743633000000159 ], [ -118.412537, 33.744267 ], [ -118.413025, 33.744759 ], [ -118.413132, 33.744846000000166 ], [ -118.413513, 33.745483 ], [ -118.413742, 33.745941000000187 ], [ -118.413833999999838, 33.746113 ], [ -118.414306999999894, 33.746704 ], [ -118.413887, 33.74722300000019 ], [ -118.414047, 33.747379000000137 ], [ -118.414168999999845, 33.747501000000113 ], [ -118.41394, 33.74778700000013 ], [ -118.413878999999895, 33.748108 ], [ -118.413612, 33.748375000000124 ], [ -118.413612, 33.74889 ], [ -118.413399, 33.749104 ], [ -118.41333, 33.749168000000168 ], [ -118.413452, 33.749290000000144 ], [ -118.413612, 33.749443 ], [ -118.413582, 33.749702000000127 ], [ -118.414718999999877, 33.750832 ], [ -118.415283, 33.751282000000117 ], [ -118.415283, 33.751892000000169 ], [ -118.414794999999856, 33.752075 ], [ -118.414192, 33.752865 ], [ -118.414429, 33.753479 ], [ -118.414993, 33.75378 ], [ -118.415237, 33.753845 ], [ -118.415482, 33.753906 ], [ -118.415894, 33.753906 ], [ -118.416389, 33.754078 ], [ -118.416466, 33.754120000000114 ], [ -118.416427999999883, 33.754559 ], [ -118.416389, 33.755001000000163 ], [ -118.416481, 33.755096 ], [ -118.416664, 33.75528 ], [ -118.416817, 33.75573 ], [ -118.416946, 33.755833000000109 ], [ -118.417221, 33.756111 ], [ -118.417229, 33.756283 ], [ -118.417236, 33.756374000000108 ], [ -118.417313, 33.756477 ], [ -118.417778, 33.756943 ], [ -118.418053, 33.757221000000186 ], [ -118.418236, 33.757778 ], [ -118.418114, 33.758125000000177 ], [ -118.418068, 33.758244000000104 ], [ -118.417938, 33.759087000000193 ], [ -118.418053, 33.759403 ], [ -118.418396, 33.759705000000167 ], [ -118.418732, 33.759483000000102 ], [ -118.418938, 33.759293000000184 ], [ -118.419166999999845, 33.759445 ], [ -118.419724, 33.75999800000011 ], [ -118.419678, 33.760315 ], [ -118.419777, 33.760555000000181 ], [ -118.419669999999883, 33.760799000000134 ], [ -118.419548, 33.760891 ], [ -118.41935, 33.761036000000161 ], [ -118.418823, 33.761292 ], [ -118.418495, 33.761597 ], [ -118.418503, 33.761749000000179 ], [ -118.418518, 33.76202 ], [ -118.418823, 33.762329 ], [ -118.419495, 33.762512 ], [ -118.419731, 33.762424 ], [ -118.419983, 33.762329 ], [ -118.420776, 33.762329 ], [ -118.421188, 33.762478000000101 ], [ -118.421538999999882, 33.762604 ], [ -118.421944, 33.762779000000137 ], [ -118.422226, 33.763054000000182 ], [ -118.422500999999897, 33.763332000000105 ], [ -118.422301999999888, 33.763535000000161 ], [ -118.422226, 33.763611 ], [ -118.422301999999888, 33.763687000000118 ], [ -118.422500999999897, 33.763889000000177 ], [ -118.422775, 33.764168000000154 ], [ -118.423058, 33.764168000000154 ], [ -118.422775, 33.764721 ], [ -118.42218, 33.76532 ], [ -118.422797999999887, 33.765835 ], [ -118.423058, 33.765835 ], [ -118.423836, 33.76585 ], [ -118.424163999999848, 33.765793000000144 ], [ -118.424377, 33.765686000000187 ], [ -118.424721, 33.765839 ], [ -118.42500299999989, 33.765835 ], [ -118.425034, 33.76609000000019 ], [ -118.425246999999843, 33.766411000000119 ], [ -118.425292999999897, 33.766479 ], [ -118.425292999999897, 33.766945 ], [ -118.424721, 33.766945 ], [ -118.424125999999887, 33.767445 ], [ -118.424010999999894, 33.767517000000112 ], [ -118.423615, 33.76750200000015 ], [ -118.423409, 33.767704000000151 ], [ -118.423331999999846, 33.767776 ], [ -118.422500999999897, 33.768612000000132 ], [ -118.422226, 33.76889 ], [ -118.422164999999893, 33.76915 ], [ -118.422142, 33.769253 ], [ -118.421944, 33.769444 ], [ -118.422004999999899, 33.769722000000172 ], [ -118.422226, 33.769722000000172 ], [ -118.422500999999897, 33.77 ], [ -118.422485, 33.770325000000128 ], [ -118.422775, 33.77055700000011 ], [ -118.422562, 33.770821000000126 ], [ -118.422577, 33.770908 ], [ -118.422668, 33.771004000000175 ], [ -118.423058, 33.771389 ], [ -118.423615, 33.771389 ], [ -118.423889, 33.77166700000015 ], [ -118.424163999999848, 33.77166700000015 ], [ -118.424446, 33.771946000000128 ], [ -118.424721, 33.771946000000128 ], [ -118.424988, 33.772278 ], [ -118.425552, 33.772278 ], [ -118.425834999999893, 33.771946000000128 ], [ -118.42614, 33.771988 ], [ -118.426392, 33.77166700000015 ], [ -118.426514, 33.77166700000015 ], [ -118.426665999999898, 33.77166700000015 ], [ -118.428405999999825, 33.773335000000145 ], [ -118.428612, 33.773335000000145 ], [ -118.428574, 33.774204000000111 ], [ -118.428055, 33.774723 ], [ -118.428055, 33.775002 ], [ -118.427933, 33.775143000000128 ], [ -118.42778, 33.775330000000167 ], [ -118.426941, 33.775337 ], [ -118.426392, 33.775879000000145 ], [ -118.426131999999882, 33.776138 ], [ -118.425941, 33.776333000000193 ], [ -118.425888, 33.776398 ], [ -118.425781, 33.777214 ], [ -118.424721, 33.778332 ], [ -118.424683, 33.779724000000101 ], [ -118.424637, 33.779808000000116 ], [ -118.424446, 33.779999000000146 ], [ -118.424377, 33.780273 ], [ -118.424194, 33.780575000000169 ], [ -118.424163999999848, 33.780834000000141 ], [ -118.423988, 33.781013 ], [ -118.423889, 33.781113000000119 ], [ -118.423912, 33.781391 ], [ -118.423851, 33.781452000000115 ], [ -118.423331999999846, 33.781944000000124 ], [ -118.423331999999846, 33.782104 ], [ -118.423279, 33.782181 ], [ -118.423004, 33.782551 ], [ -118.422775, 33.782776 ], [ -118.422713999999871, 33.783016 ], [ -118.422554, 33.783276 ], [ -118.422531, 33.783344000000113 ], [ -118.422447, 33.783577 ], [ -118.422287, 33.783829000000139 ], [ -118.421944, 33.784168 ], [ -118.421906, 33.784416000000192 ], [ -118.421836999999869, 33.784519 ], [ -118.42162299999984, 33.784676 ], [ -118.421341, 33.784954000000141 ], [ -118.421112, 33.785 ], [ -118.420937, 33.785175 ], [ -118.420807, 33.785213 ], [ -118.420592999999883, 33.785278000000119 ], [ -118.420463999999868, 33.785366000000124 ], [ -118.419998, 33.785831 ], [ -118.419799999999896, 33.785831 ], [ -118.419417999999894, 33.786049000000105 ], [ -118.419273, 33.78611 ], [ -118.419166999999845, 33.78611 ], [ -118.418892, 33.786388000000102 ], [ -118.418732, 33.78654500000016 ], [ -118.41861, 33.786667 ], [ -118.418335, 33.786667 ], [ -118.41803, 33.786903000000109 ], [ -118.417915, 33.786972000000105 ], [ -118.417816, 33.786995 ], [ -118.41745799999984, 33.78727 ], [ -118.417404, 33.787323000000185 ], [ -118.417221, 33.787498000000141 ], [ -118.416992, 33.787476 ], [ -118.416664, 33.787777000000119 ], [ -118.416389, 33.787777000000119 ], [ -118.416115, 33.788055 ], [ -118.415558, 33.788055 ], [ -118.415276, 33.788349 ], [ -118.414444, 33.788334000000191 ], [ -118.414284, 33.788494000000128 ], [ -118.414168999999845, 33.788612000000114 ], [ -118.414207, 33.789169000000186 ], [ -118.413887, 33.789444000000174 ], [ -118.413612, 33.789658000000145 ], [ -118.413085999999851, 33.789673000000107 ], [ -118.412781, 33.790001 ], [ -118.412498, 33.790001 ], [ -118.412209, 33.790218 ], [ -118.411987, 33.790283000000159 ], [ -118.411376999999845, 33.789673000000107 ], [ -118.410835, 33.789722 ], [ -118.410003999999844, 33.790554 ], [ -118.409720999999877, 33.790833000000191 ], [ -118.409431, 33.790844 ], [ -118.408897, 33.791397000000131 ], [ -118.408829, 33.791454 ], [ -118.408714, 33.791565000000162 ], [ -118.408585, 33.791611000000103 ], [ -118.408333, 33.791389 ], [ -118.407738, 33.791908000000149 ], [ -118.407227, 33.79248 ], [ -118.407227, 33.793091000000118 ], [ -118.407738, 33.793648 ], [ -118.407844999999895, 33.794155 ], [ -118.40786, 33.79425 ], [ -118.408058, 33.79444500000011 ], [ -118.408058, 33.795834 ], [ -118.40799, 33.795902000000183 ], [ -118.407776, 33.796112000000164 ], [ -118.40802, 33.796391000000142 ], [ -118.408058, 33.797222 ], [ -118.408333, 33.797501000000182 ], [ -118.408081, 33.797729 ], [ -118.407562, 33.798088 ], [ -118.407288, 33.798279 ], [ -118.407166, 33.7983890000001 ], [ -118.406769, 33.798626000000183 ], [ -118.406379999999842, 33.798862000000156 ], [ -118.406311, 33.798889 ], [ -118.40551, 33.79996100000011 ], [ -118.405281, 33.799999 ], [ -118.401389999999878, 33.80194500000016 ], [ -118.401199, 33.802135 ], [ -118.401108, 33.802223 ], [ -118.399718999999891, 33.802307 ], [ -118.399445, 33.80194500000016 ], [ -118.399177999999893, 33.801929 ], [ -118.398887999999886, 33.802223 ], [ -118.398766, 33.802223 ], [ -118.398613, 33.802223 ], [ -118.398117, 33.802715 ], [ -118.397499, 33.803333 ], [ -118.397278, 33.803326 ], [ -118.396904, 33.803551 ], [ -118.396804999999858, 33.803612 ], [ -118.396667, 33.803612 ], [ -118.396446, 33.803860000000157 ], [ -118.396392999999875, 33.803917 ], [ -118.395836, 33.803890000000138 ], [ -118.395638, 33.8040850000001 ], [ -118.39555399999989, 33.804165000000182 ], [ -118.39502, 33.804077000000177 ], [ -118.394721999999888, 33.803890000000138 ], [ -118.394447, 33.804165000000182 ], [ -118.394447, 33.80432100000013 ], [ -118.394447, 33.804443 ], [ -118.393889999999885, 33.805012 ], [ -118.393889999999885, 33.805279000000155 ], [ -118.393654, 33.805561 ], [ -118.3936, 33.806118 ], [ -118.393333, 33.806389000000138 ], [ -118.393295, 33.806648000000109 ], [ -118.39315, 33.806904000000145 ], [ -118.393059, 33.807159 ], [ -118.393059, 33.807777 ], [ -118.392822, 33.808105000000182 ], [ -118.392776, 33.808254 ], [ -118.392776, 33.80861300000015 ], [ -118.392578, 33.808899000000167 ], [ -118.392525, 33.809723000000133 ], [ -118.392219999999895, 33.810001 ], [ -118.392226999999878, 33.81028 ], [ -118.392059, 33.810505 ], [ -118.392014, 33.81057 ], [ -118.391945, 33.810909 ], [ -118.391945, 33.811943000000156 ], [ -118.391684999999882, 33.812225 ], [ -118.39167, 33.812317000000178 ], [ -118.39167, 33.812511 ], [ -118.39167, 33.813057000000128 ], [ -118.391449, 33.81332 ], [ -118.391387999999893, 33.813389 ], [ -118.391387999999893, 33.813889 ], [ -118.391135999999847, 33.81419 ], [ -118.391387999999893, 33.814445 ], [ -118.391387999999893, 33.814999 ], [ -118.391113, 33.815308 ], [ -118.391113, 33.815834 ], [ -118.390808, 33.816101000000117 ], [ -118.390831, 33.816387000000134 ], [ -118.39055599999989, 33.816711000000112 ], [ -118.39055599999989, 33.817108000000133 ], [ -118.39055599999989, 33.818333 ], [ -118.390297, 33.818615 ], [ -118.390274, 33.818726 ], [ -118.39032, 33.821434000000124 ], [ -118.39055599999989, 33.821667 ], [ -118.39055599999989, 33.822224000000119 ], [ -118.39032, 33.822510000000136 ], [ -118.39032, 33.822823 ], [ -118.39055599999989, 33.823055000000124 ], [ -118.390549, 33.824169 ], [ -118.390831, 33.824444 ], [ -118.390831, 33.825279 ], [ -118.390625, 33.825554000000125 ], [ -118.390625, 33.826668 ], [ -118.390831, 33.826946000000191 ], [ -118.390831, 33.827778 ], [ -118.391113, 33.828056000000174 ], [ -118.391113, 33.828609 ], [ -118.390808, 33.828918000000101 ], [ -118.3908, 33.831142 ], [ -118.39055599999989, 33.831390000000169 ], [ -118.390686, 33.83152 ], [ -118.390831, 33.831665 ], [ -118.390831, 33.832779000000187 ], [ -118.390564, 33.833057 ], [ -118.390564, 33.83313800000019 ], [ -118.390625, 33.833611 ], [ -118.390831, 33.83388900000017 ], [ -118.390808, 33.834717000000126 ], [ -118.391387999999893, 33.835278000000187 ], [ -118.391387999999893, 33.83638800000017 ], [ -118.391143999999883, 33.83667 ], [ -118.391113, 33.836914 ], [ -118.39126599999986, 33.837563 ], [ -118.391335, 33.837875000000111 ], [ -118.391403, 33.838039 ], [ -118.391663, 33.838413 ], [ -118.391747, 33.838463000000104 ], [ -118.392067, 33.838654 ], [ -118.392441, 33.83893600000016 ], [ -118.392792, 33.839230000000157 ], [ -118.393166, 33.83945800000015 ], [ -118.393173, 33.840271 ], [ -118.393173, 33.840347000000179 ], [ -118.393082, 33.840858 ], [ -118.393005, 33.841747 ], [ -118.393050999999843, 33.841904 ], [ -118.393112, 33.842087000000106 ], [ -118.39341, 33.842564 ], [ -118.393867, 33.842972000000145 ], [ -118.39422599999989, 33.843079000000102 ], [ -118.394447, 33.843056000000161 ], [ -118.394791, 33.843334 ], [ -118.394997, 33.843334 ], [ -118.395279, 33.843613 ], [ -118.395477, 33.843815 ], [ -118.39555399999989, 33.843887000000166 ], [ -118.395721, 33.843723 ], [ -118.395836, 33.843662 ], [ -118.396667, 33.843613 ], [ -118.397499, 33.844444 ], [ -118.397507, 33.844719 ], [ -118.397551999999848, 33.844776 ], [ -118.398055999999883, 33.845276000000183 ], [ -118.398009999999886, 33.84552 ], [ -118.398331, 33.845833 ], [ -118.398613, 33.846111000000121 ], [ -118.398613, 33.846390000000156 ], [ -118.398887999999886, 33.846668 ], [ -118.398903, 33.846928 ], [ -118.399254, 33.847309000000166 ], [ -118.400574, 33.84862900000013 ], [ -118.400879, 33.848328 ], [ -118.401108, 33.848331000000144 ], [ -118.401108, 33.847500000000139 ], [ -118.400772, 33.847248 ], [ -118.400833, 33.846668 ], [ -118.400557999999876, 33.846390000000156 ], [ -118.400557999999876, 33.846111000000121 ], [ -118.40033, 33.845886000000178 ], [ -118.400291, 33.845825000000104 ], [ -118.400276, 33.845554 ], [ -118.399872, 33.84515 ], [ -118.39975, 33.844906 ], [ -118.399718999999891, 33.844723 ], [ -118.39917, 33.844166000000143 ], [ -118.39917, 33.843887000000166 ], [ -118.398887999999886, 33.843887000000166 ], [ -118.398331, 33.843334 ], [ -118.398055999999883, 33.843334 ], [ -118.397781, 33.843056000000161 ], [ -118.397513999999887, 33.843056000000161 ], [ -118.396384999999896, 33.841946000000121 ], [ -118.39621, 33.841946000000121 ], [ -118.396111, 33.841946000000121 ], [ -118.395836, 33.841667000000143 ], [ -118.395531, 33.841728 ], [ -118.395279, 33.841389 ], [ -118.394997, 33.84111 ], [ -118.394997, 33.840832000000148 ], [ -118.395279, 33.84055700000016 ], [ -118.39555399999989, 33.840279 ], [ -118.395836, 33.840546000000131 ], [ -118.39592, 33.84055700000016 ], [ -118.396942, 33.84055700000016 ], [ -118.397751, 33.841423 ], [ -118.398055999999883, 33.841389 ], [ -118.398505999999884, 33.841843000000154 ], [ -118.398635999999897, 33.841908 ], [ -118.398712, 33.841946000000121 ], [ -118.398887999999886, 33.841946000000121 ], [ -118.39917, 33.842224 ], [ -118.399445, 33.842224 ], [ -118.399718999999891, 33.842529 ], [ -118.399764999999888, 33.843098 ], [ -118.400002, 33.843334 ], [ -118.400557999999876, 33.843887000000166 ], [ -118.400513, 33.844116 ], [ -118.400833, 33.844444 ], [ -118.400802999999883, 33.844738 ], [ -118.401108, 33.845001000000138 ], [ -118.401077, 33.845562 ], [ -118.401169, 33.845661 ], [ -118.401611, 33.84613000000013 ], [ -118.401611, 33.846390000000156 ], [ -118.401947, 33.846668 ], [ -118.401947, 33.847221000000161 ], [ -118.402222, 33.847500000000139 ], [ -118.402222, 33.847778 ], [ -118.402496, 33.848057 ], [ -118.402496, 33.848610000000122 ], [ -118.402283, 33.848877 ], [ -118.402046, 33.849068 ], [ -118.400833, 33.850277 ], [ -118.400513, 33.850281 ], [ -118.400054999999895, 33.850876 ], [ -118.399718999999891, 33.851112 ], [ -118.399718999999891, 33.851318 ], [ -118.399567, 33.851540000000114 ], [ -118.398331, 33.852779000000112 ], [ -118.39856, 33.853001000000177 ], [ -118.398613, 33.853054000000157 ], [ -118.398659, 33.853298 ], [ -118.399109, 33.853882 ], [ -118.399109, 33.854443000000117 ], [ -118.399445, 33.854721 ], [ -118.399445, 33.855 ], [ -118.399718999999891, 33.855278000000112 ], [ -118.399712, 33.855568000000119 ], [ -118.399818, 33.855686000000105 ], [ -118.399956, 33.855881000000124 ], [ -118.400818, 33.856689000000188 ], [ -118.400871, 33.859486000000118 ], [ -118.401108, 33.859722 ], [ -118.401108, 33.860283000000152 ], [ -118.401665, 33.86083200000013 ], [ -118.401611, 33.861084000000176 ], [ -118.401894, 33.861431 ], [ -118.402222, 33.861668000000179 ], [ -118.402145, 33.861744000000101 ], [ -118.402077, 33.861816 ], [ -118.401947, 33.861946000000103 ], [ -118.401947, 33.862488 ], [ -118.401947, 33.862778 ], [ -118.40206099999989, 33.862892 ], [ -118.402222, 33.863056 ], [ -118.402496, 33.86333500000012 ], [ -118.402534, 33.86385700000011 ], [ -118.402908, 33.864300000000185 ], [ -118.403336, 33.864723 ], [ -118.403342999999893, 33.864929000000188 ], [ -118.403366, 33.865868 ], [ -118.40361, 33.866112 ], [ -118.40364099999988, 33.866974 ], [ -118.403893, 33.867222 ], [ -118.403893, 33.867779 ], [ -118.404167, 33.868057000000192 ], [ -118.404174999999896, 33.868286000000126 ], [ -118.404228, 33.868389 ], [ -118.404442, 33.868610000000103 ], [ -118.404488, 33.868935000000192 ], [ -118.404724, 33.869167000000175 ], [ -118.404686, 33.869728 ], [ -118.404999, 33.869999000000121 ], [ -118.404945, 33.870319000000109 ], [ -118.405281, 33.870556000000192 ], [ -118.405281, 33.870728 ], [ -118.405281, 33.870834 ], [ -118.405555999999876, 33.871113 ], [ -118.405555999999876, 33.871277000000134 ], [ -118.405609, 33.871349 ], [ -118.406052, 33.871983000000114 ], [ -118.406113, 33.87207 ], [ -118.406113, 33.872223 ], [ -118.406334, 33.87244 ], [ -118.40667, 33.872776 ], [ -118.40667, 33.873055000000193 ], [ -118.407218999999884, 33.873611000000153 ], [ -118.407227, 33.873882 ], [ -118.407295, 33.873966 ], [ -118.407501, 33.874168 ], [ -118.407501, 33.874443 ], [ -118.407776, 33.874722 ], [ -118.407761, 33.87501500000019 ], [ -118.408081, 33.875305 ], [ -118.408058, 33.875557 ], [ -118.408203, 33.87570200000016 ], [ -118.408333, 33.875832 ], [ -118.408607, 33.876110000000153 ], [ -118.408653, 33.877491 ], [ -118.40889, 33.877777 ], [ -118.408881999999892, 33.878338000000156 ], [ -118.409164, 33.878613000000144 ], [ -118.409157, 33.878895 ], [ -118.409683, 33.87947800000012 ], [ -118.409729, 33.88031 ], [ -118.410003999999844, 33.880554000000188 ], [ -118.410003999999844, 33.880833000000166 ], [ -118.410278, 33.881111 ], [ -118.41030099999989, 33.88128300000011 ], [ -118.410316, 33.881371 ], [ -118.410378, 33.881493 ], [ -118.410835, 33.881943000000149 ], [ -118.410835, 33.882221 ], [ -118.41111, 33.8825 ], [ -118.411064, 33.882805 ], [ -118.411392, 33.883057000000122 ], [ -118.411369, 33.883305 ], [ -118.411613, 33.883648 ], [ -118.411942, 33.883888000000127 ], [ -118.412224, 33.884167000000161 ], [ -118.412773, 33.884731000000102 ], [ -118.412498, 33.884998000000166 ], [ -118.412651, 33.885147 ], [ -118.412781, 33.885277000000144 ], [ -118.412841999999898, 33.885807000000113 ], [ -118.413001999999892, 33.886139 ], [ -118.413071, 33.88628800000015 ], [ -118.413085999999851, 33.886421 ], [ -118.413612, 33.886944 ], [ -118.413612, 33.887222000000122 ], [ -118.414168999999845, 33.887779 ], [ -118.414192, 33.888119000000131 ], [ -118.4142, 33.888321000000133 ], [ -118.41423, 33.888390000000129 ], [ -118.414444, 33.888611000000139 ], [ -118.414429, 33.888916000000165 ], [ -118.414718999999877, 33.889168 ], [ -118.41468, 33.889465 ], [ -118.415000999999847, 33.889721000000122 ], [ -118.414955, 33.890022000000158 ], [ -118.415276, 33.890278 ], [ -118.415237, 33.890575000000126 ], [ -118.415558, 33.890835 ], [ -118.415833, 33.891109 ], [ -118.415833, 33.891388 ], [ -118.416115, 33.891666000000157 ], [ -118.416091999999878, 33.891972 ], [ -118.416687, 33.892517 ], [ -118.416664, 33.89277600000014 ], [ -118.416756, 33.892868000000135 ], [ -118.416946, 33.893055000000118 ], [ -118.416908, 33.893349000000114 ], [ -118.417221, 33.893612000000189 ], [ -118.417174999999872, 33.893921 ], [ -118.417502999999897, 33.894165000000157 ], [ -118.41748, 33.894470000000126 ], [ -118.418335, 33.89527900000013 ], [ -118.418335, 33.895878 ], [ -118.418335, 33.896389000000113 ], [ -118.41848, 33.896534 ], [ -118.41861, 33.896667 ], [ -118.418564, 33.896919 ], [ -118.418892, 33.897221 ], [ -118.418883999999878, 33.897522 ], [ -118.419166999999845, 33.89777800000013 ], [ -118.419197, 33.898071000000186 ], [ -118.419228, 33.898327 ], [ -118.419235, 33.898407000000134 ], [ -118.419441, 33.898613000000125 ], [ -118.419441, 33.898888000000113 ], [ -118.419724, 33.899166 ], [ -118.420288, 33.899719000000118 ], [ -118.420036, 33.900032 ], [ -118.419991, 33.900089 ], [ -118.419968, 33.900558000000103 ], [ -118.42028, 33.900833 ], [ -118.420555, 33.901112000000126 ], [ -118.420555, 33.90139 ], [ -118.42083, 33.901669 ], [ -118.420776, 33.901917 ], [ -118.421112, 33.902222000000108 ], [ -118.421081999999842, 33.902527000000134 ], [ -118.421387, 33.90277900000018 ], [ -118.421371, 33.903065 ], [ -118.421668999999895, 33.903332 ], [ -118.421668999999895, 33.903671 ], [ -118.421668999999895, 33.903889 ], [ -118.421852, 33.904076 ], [ -118.421944, 33.904167 ], [ -118.421966999999881, 33.905304 ], [ -118.422226, 33.905556000000104 ], [ -118.422737, 33.906155 ], [ -118.422919999999863, 33.906307 ], [ -118.423004, 33.906429 ], [ -118.423331999999846, 33.906666 ], [ -118.423615, 33.90694400000018 ], [ -118.423583999999892, 33.907471000000101 ], [ -118.423889, 33.907776000000126 ], [ -118.424163999999848, 33.908054 ], [ -118.424721, 33.908611 ], [ -118.424721, 33.90889 ], [ -118.42500299999989, 33.909168000000193 ], [ -118.425476, 33.909729 ], [ -118.42556, 33.910011000000111 ], [ -118.425834999999893, 33.910278000000176 ], [ -118.425834999999893, 33.910557000000153 ], [ -118.426109, 33.910831 ], [ -118.426125, 33.911373 ], [ -118.426353, 33.911694 ], [ -118.426665999999898, 33.911945 ], [ -118.426704, 33.912197000000162 ], [ -118.426865, 33.912426 ], [ -118.426871999999889, 33.912506000000121 ], [ -118.426941, 33.913059 ], [ -118.427223, 33.913334 ], [ -118.427216, 33.913891000000149 ], [ -118.427498, 33.914165 ], [ -118.427536, 33.914989 ], [ -118.42778, 33.915279 ], [ -118.42778, 33.916668 ], [ -118.428589, 33.917480000000126 ], [ -118.429168999999888, 33.918056000000149 ], [ -118.429168999999888, 33.918888 ], [ -118.429443, 33.919167 ], [ -118.42939, 33.919472 ], [ -118.429726, 33.919724000000144 ], [ -118.429733, 33.920471000000134 ], [ -118.429733, 33.920563000000129 ], [ -118.429999999999893, 33.920834000000127 ], [ -118.429993, 33.921082 ], [ -118.430229, 33.921421 ], [ -118.430275, 33.921486 ], [ -118.430275, 33.921665000000132 ], [ -118.430449999999837, 33.921841000000143 ], [ -118.430557, 33.921944000000167 ], [ -118.430541999999889, 33.922226000000194 ], [ -118.430831999999896, 33.922501 ], [ -118.431389, 33.92305400000015 ], [ -118.431396, 33.923279 ], [ -118.431892, 33.923927000000106 ], [ -118.432037, 33.924034 ], [ -118.432175, 33.924202 ], [ -118.433333999999888, 33.925278000000162 ], [ -118.433326999999849, 33.925564000000179 ], [ -118.433899, 33.926086 ], [ -118.433952, 33.926376 ], [ -118.433975, 33.92647600000015 ], [ -118.434165999999891, 33.926666 ], [ -118.434685, 33.927273000000184 ], [ -118.434723, 33.928055 ], [ -118.434501999999895, 33.928337000000113 ], [ -118.434433, 33.929077 ], [ -118.434433, 33.929173000000162 ], [ -118.434723, 33.929443000000163 ], [ -118.434692, 33.929688000000169 ], [ -118.434997999999894, 33.93 ], [ -118.434997999999894, 33.930298000000164 ], [ -118.434997999999894, 33.930557000000135 ], [ -118.436111, 33.931667000000118 ], [ -118.436218, 33.931667000000118 ], [ -118.436386, 33.931667000000118 ], [ -118.437499999999886, 33.932777000000101 ], [ -118.438041999999882, 33.933357000000171 ], [ -118.438148, 33.933430000000158 ], [ -118.438293, 33.933640000000139 ], [ -118.438614, 33.933887000000141 ], [ -118.438889, 33.934166000000118 ], [ -118.438889, 33.934444 ], [ -118.438705, 33.934444 ], [ -118.438614, 33.934444 ], [ -118.438331999999889, 33.93472300000019 ], [ -118.438316, 33.934986 ], [ -118.438049, 33.935272000000168 ], [ -118.437827999999854, 33.935513000000185 ], [ -118.438293, 33.936096000000134 ], [ -118.43837, 33.936428 ], [ -118.438614, 33.936668 ], [ -118.438614, 33.936943 ], [ -118.438889, 33.93722200000019 ], [ -118.438911, 33.937481000000162 ], [ -118.439049, 33.93766 ], [ -118.439162999999894, 33.937778 ], [ -118.439162999999894, 33.938332 ], [ -118.440277, 33.939445 ], [ -118.440552, 33.939724 ], [ -118.440529, 33.940838 ], [ -118.440833999999882, 33.941113 ], [ -118.440833999999882, 33.941387000000191 ], [ -118.441635, 33.942253000000107 ], [ -118.441948, 33.942223 ], [ -118.4422, 33.942505000000153 ], [ -118.442496999999889, 33.94278 ], [ -118.44278, 33.943054000000132 ], [ -118.443054, 33.943054000000132 ], [ -118.443054, 33.945000000000164 ], [ -118.44281, 33.945313000000169 ], [ -118.443291, 33.94587300000012 ], [ -118.443336, 33.946426 ], [ -118.443886, 33.946945 ], [ -118.444397, 33.947510000000193 ], [ -118.444466, 33.947796 ], [ -118.444725, 33.948055000000181 ], [ -118.444725, 33.948334000000159 ], [ -118.445, 33.948612 ], [ -118.445007, 33.948914 ], [ -118.445274, 33.949165000000164 ], [ -118.445274, 33.949444 ], [ -118.445830999999885, 33.9500010000001 ], [ -118.446113999999852, 33.950279000000137 ], [ -118.446388, 33.950554000000182 ], [ -118.446388, 33.950928 ], [ -118.446448999999859, 33.951084000000151 ], [ -118.44651, 33.951233 ], [ -118.446662999999887, 33.951389000000177 ], [ -118.446648, 33.951675000000193 ], [ -118.446945, 33.951946 ], [ -118.44751, 33.952515 ], [ -118.44751, 33.953064 ], [ -118.447777, 33.953335 ], [ -118.448059, 33.953609 ], [ -118.448334, 33.953888000000177 ], [ -118.448608, 33.9541660000001 ], [ -118.448891, 33.9541660000001 ], [ -118.449722, 33.95500200000015 ], [ -118.449707, 33.955322000000137 ], [ -118.449996999999883, 33.955555 ], [ -118.450012, 33.95587200000017 ], [ -118.450278999999853, 33.956112000000132 ], [ -118.450286999999889, 33.957226000000105 ], [ -118.450554, 33.9575 ], [ -118.450516, 33.957825000000128 ], [ -118.451721, 33.958923 ], [ -118.451942, 33.958889 ], [ -118.453613, 33.960556000000167 ], [ -118.453613, 33.960876000000155 ], [ -118.453888, 33.961113 ], [ -118.453888, 33.96166600000015 ], [ -118.45440699999989, 33.962280000000135 ], [ -118.454444999999851, 33.963055000000168 ], [ -118.454285, 33.963318 ], [ -118.453941, 33.963505 ], [ -118.453613, 33.963684000000114 ], [ -118.45328499999988, 33.963913000000105 ], [ -118.452812, 33.96399700000012 ], [ -118.452354, 33.964180000000169 ], [ -118.451889, 33.964417 ], [ -118.451416, 33.964722 ], [ -118.450935, 33.964981000000137 ], [ -118.450378, 33.965271 ], [ -118.450272, 33.965363000000139 ], [ -118.449898, 33.965572 ], [ -118.449402, 33.965881 ], [ -118.448875, 33.966274 ], [ -118.448807, 33.9663240000001 ], [ -118.448303, 33.96667500000018 ], [ -118.447875999999894, 33.967102000000125 ], [ -118.44751, 33.967529000000127 ], [ -118.447083, 33.968079000000159 ], [ -118.446892, 33.968666 ], [ -118.446716, 33.969299 ], [ -118.446716, 33.969975 ], [ -118.446716, 33.97009300000019 ], [ -118.446831, 33.970695 ], [ -118.446899, 33.971313 ], [ -118.44693, 33.972015 ], [ -118.44693, 33.972111000000154 ], [ -118.446860999999842, 33.972706000000187 ], [ -118.446709, 33.973366000000112 ], [ -118.446693, 33.973511 ], [ -118.446662999999887, 33.974056000000189 ], [ -118.446654999999851, 33.974129000000175 ], [ -118.446602, 33.974670000000174 ], [ -118.446594, 33.97474300000016 ], [ -118.446578999999872, 33.975407 ], [ -118.446578999999872, 33.975525 ], [ -118.446662999999887, 33.976082000000133 ], [ -118.446709, 33.976685 ], [ -118.446716, 33.976768 ], [ -118.446716, 33.977478000000133 ], [ -118.446754, 33.978188000000102 ], [ -118.44696, 33.978859 ], [ -118.447182, 33.979401000000109 ], [ -118.447327, 33.979675 ], [ -118.447448999999892, 33.979923 ], [ -118.447899, 33.980289 ], [ -118.448311, 33.980473000000131 ], [ -118.448753, 33.980350000000101 ], [ -118.449066, 33.979889000000128 ], [ -118.449173, 33.97939300000013 ], [ -118.449219, 33.979309000000114 ], [ -118.449379, 33.97869500000013 ], [ -118.449379, 33.978619 ], [ -118.449402, 33.977905000000135 ], [ -118.44944, 33.977299 ], [ -118.449432, 33.977184000000136 ], [ -118.449402, 33.976501000000155 ], [ -118.449402, 33.975708 ], [ -118.449432, 33.975098 ], [ -118.449425, 33.974983000000123 ], [ -118.449402, 33.974304 ], [ -118.449234, 33.97369 ], [ -118.449219, 33.973606 ], [ -118.449097, 33.9729 ], [ -118.449157999999898, 33.972294 ], [ -118.449165, 33.972176 ], [ -118.449219, 33.97149700000017 ], [ -118.449448, 33.970825000000161 ], [ -118.449707, 33.970276 ], [ -118.449744999999893, 33.970207000000187 ], [ -118.450035, 33.96974200000011 ], [ -118.450111, 33.969639 ], [ -118.4505, 33.969116000000156 ], [ -118.451004, 33.968609000000129 ], [ -118.451477, 33.968079000000159 ], [ -118.45192, 33.967728 ], [ -118.451981, 33.967674 ], [ -118.452438, 33.967342 ], [ -118.45285, 33.966934 ], [ -118.4533, 33.966667 ], [ -118.453368999999896, 33.966629 ], [ -118.453918, 33.966309 ], [ -118.45459, 33.965996000000132 ], [ -118.455315, 33.96574800000019 ], [ -118.455939999999885, 33.96574 ], [ -118.4561, 33.965668000000164 ], [ -118.456398, 33.965603000000101 ], [ -118.456665, 33.965279000000123 ], [ -118.456947, 33.965279000000123 ], [ -118.456947, 33.965557 ], [ -118.457222, 33.965832 ], [ -118.457214, 33.966125000000147 ], [ -118.457497, 33.966389000000106 ], [ -118.457542, 33.966713000000141 ], [ -118.458054, 33.967224000000101 ], [ -118.458015, 33.967522 ], [ -118.458336, 33.967777 ], [ -118.458801, 33.968323000000112 ], [ -118.45887, 33.968616000000168 ], [ -118.459167, 33.968887 ], [ -118.459167, 33.969166 ], [ -118.459441999999854, 33.969444000000124 ], [ -118.459724, 33.969723000000101 ], [ -118.459724, 33.970001 ], [ -118.459999, 33.970276 ], [ -118.460280999999895, 33.970554000000106 ], [ -118.460326999999893, 33.970886 ], [ -118.460556, 33.971115000000168 ], [ -118.461121, 33.97168 ], [ -118.461945, 33.9725 ], [ -118.461914, 33.972717 ], [ -118.462189, 33.973022 ], [ -118.464722, 33.975555 ], [ -118.464722, 33.975838000000181 ], [ -118.464774999999861, 33.975899 ], [ -118.464958, 33.976139 ], [ -118.465278999999896, 33.976387000000102 ], [ -118.465836, 33.976944 ], [ -118.465865999999892, 33.977104000000111 ], [ -118.465881, 33.977184000000136 ], [ -118.466255, 33.977642 ], [ -118.466942, 33.978333000000191 ], [ -118.466965, 33.978512 ], [ -118.466972, 33.978584000000183 ], [ -118.467734999999891, 33.979485000000125 ], [ -118.468056, 33.979675 ], [ -118.469177, 33.979675 ], [ -118.469414, 33.980019 ], [ -118.469719, 33.980278000000169 ], [ -118.469719, 33.980419000000154 ], [ -118.469719, 33.980556 ], [ -118.471068999999886, 33.981976 ], [ -118.47139, 33.98194500000011 ], [ -118.47171, 33.982269 ], [ -118.473396, 33.983891 ], [ -118.473609999999894, 33.983891 ], [ -118.473892, 33.984165 ], [ -118.474724, 33.984165 ], [ -118.474998, 33.98444400000011 ], [ -118.47583, 33.98444400000011 ], [ -118.476111999999887, 33.984722 ], [ -118.475524999999891, 33.985291000000188 ], [ -118.475570999999888, 33.9858440000001 ], [ -118.47583, 33.986111000000164 ], [ -118.476387, 33.986668 ], [ -118.476387, 33.98694600000016 ], [ -118.476273, 33.987057000000107 ], [ -118.476044, 33.987286 ], [ -118.47583, 33.987499 ], [ -118.475677, 33.987656000000129 ], [ -118.475555, 33.987778000000105 ], [ -118.475586, 33.988098 ], [ -118.475792, 33.988365000000158 ], [ -118.476111999999887, 33.98860900000011 ], [ -118.476387, 33.988888 ], [ -118.476943999999889, 33.98944500000016 ], [ -118.477219, 33.989723 ], [ -118.477501, 33.990002 ], [ -118.477325, 33.99017 ], [ -118.477219, 33.990276000000165 ], [ -118.477553999999827, 33.990524000000107 ], [ -118.477745, 33.990852 ], [ -118.477783, 33.991398000000117 ], [ -118.478606999999897, 33.992229000000123 ], [ -118.478889, 33.992222 ], [ -118.478737, 33.992378 ], [ -118.478615, 33.992500000000177 ], [ -118.478951, 33.992779000000155 ], [ -118.479164, 33.992779000000155 ], [ -118.479446, 33.993057 ], [ -118.479721, 33.993332 ], [ -118.479721, 33.993481000000145 ], [ -118.479721, 33.99361000000016 ], [ -118.479965, 33.99366 ], [ -118.480286, 33.993900000000167 ], [ -118.480835, 33.994507000000112 ], [ -118.481384, 33.994507000000112 ], [ -118.481667, 33.99472 ], [ -118.481667, 33.994999000000178 ], [ -118.481940999999892, 33.995277 ], [ -118.481940999999892, 33.995556 ], [ -118.482224, 33.995834000000173 ], [ -118.482262, 33.996147000000121 ], [ -118.48278, 33.996666 ], [ -118.48288, 33.996563 ], [ -118.483055, 33.996387 ], [ -118.48333, 33.996666 ], [ -118.484191999999894, 33.997498000000178 ], [ -118.484268, 33.997604 ], [ -118.485001, 33.998333000000173 ], [ -118.485274999999888, 33.998611 ], [ -118.486946, 33.998611 ], [ -118.486930999999856, 33.998928 ], [ -118.487022, 33.99896200000012 ], [ -118.487221, 33.999168000000111 ], [ -118.487564, 33.999722000000133 ], [ -118.487289, 33.99984400000011 ], [ -118.486946, 34.0 ], [ -118.487411, 33.999943000000144 ], [ -118.487778, 34.000278000000151 ], [ -118.48797599999989, 34.000305 ], [ -118.488335, 34.000278000000151 ], [ -118.488892, 34.000832000000173 ], [ -118.489166, 34.00111 ], [ -118.489441, 34.001389 ], [ -118.489722999999856, 34.001667000000111 ], [ -118.489998, 34.001667000000111 ], [ -118.49028, 34.001945 ], [ -118.490837, 34.002224 ], [ -118.491112, 34.002499 ], [ -118.492226, 34.004166000000112 ], [ -118.49231, 34.004269000000136 ], [ -118.492476999999894, 34.004463 ], [ -118.493332, 34.005280000000141 ], [ -118.493614, 34.005554 ], [ -118.494164, 34.005833 ], [ -118.494148, 34.006107000000156 ], [ -118.4944, 34.006268000000148 ], [ -118.495002999999826, 34.006668 ], [ -118.495177999999896, 34.006668 ], [ -118.495552, 34.006668 ], [ -118.496666, 34.006943 ], [ -118.496948, 34.007221000000129 ], [ -118.497223, 34.007221000000129 ], [ -118.497505, 34.007469 ], [ -118.497680999999886, 34.007507 ], [ -118.49778, 34.007507 ], [ -118.498055, 34.007507 ], [ -118.498337, 34.007507 ], [ -118.498413, 34.007507 ], [ -118.498604, 34.007465 ], [ -118.499167999999827, 34.007221000000129 ], [ -118.499443, 34.007221000000129 ], [ -118.5, 34.007778 ], [ -118.499969, 34.007862 ], [ -118.499770999999896, 34.008358 ], [ -118.499664, 34.008579 ], [ -118.499588, 34.008743 ], [ -118.499511999999868, 34.008911000000182 ], [ -118.499167999999827, 34.009998 ], [ -118.499343999999894, 34.010178 ], [ -118.499443, 34.010277 ], [ -118.499724999999899, 34.010277 ], [ -118.5, 34.010555000000124 ], [ -118.500275, 34.010555000000124 ], [ -118.500557, 34.010834000000102 ], [ -118.501114, 34.011112 ], [ -118.501274, 34.011135000000138 ], [ -118.501366, 34.011150000000157 ], [ -118.501663, 34.011112 ], [ -118.501923, 34.011429000000135 ], [ -118.502007, 34.011417 ], [ -118.50222, 34.011391000000174 ], [ -118.502502, 34.011665000000107 ], [ -118.502655, 34.011883 ], [ -118.502731, 34.011997 ], [ -118.503906, 34.013039000000106 ], [ -118.504234, 34.013332 ], [ -118.504448, 34.013332 ], [ -118.5047, 34.013916 ], [ -118.504997, 34.014168 ], [ -118.50528, 34.014446000000191 ], [ -118.505554, 34.014721 ], [ -118.505836, 34.014999000000103 ], [ -118.506111, 34.015278 ], [ -118.506386, 34.015556000000174 ], [ -118.506943, 34.015835 ], [ -118.507224999999892, 34.016109000000142 ], [ -118.5075, 34.01638800000012 ], [ -118.507774, 34.016666 ], [ -118.508056999999894, 34.016945000000192 ], [ -118.508056999999894, 34.017223000000115 ], [ -118.508330999999828, 34.017502 ], [ -118.508369, 34.017738 ], [ -118.510315, 34.01947 ], [ -118.510559, 34.019444000000192 ], [ -118.510834, 34.019444000000192 ], [ -118.511108, 34.019722000000115 ], [ -118.511391, 34.019722000000115 ], [ -118.511665, 34.02 ], [ -118.511948, 34.020279000000187 ], [ -118.512512, 34.020874 ], [ -118.513, 34.021118000000115 ], [ -118.513611, 34.02138900000017 ], [ -118.513885, 34.02138900000017 ], [ -118.514168, 34.021667 ], [ -118.514442, 34.021946 ], [ -118.514725, 34.022221000000116 ], [ -118.514999, 34.022499 ], [ -118.515274, 34.022778000000187 ], [ -118.515228, 34.023102000000165 ], [ -118.516113, 34.023926000000131 ], [ -118.516387999999893, 34.02388800000017 ], [ -118.516669999999863, 34.024166 ], [ -118.516945, 34.024445 ], [ -118.517219999999895, 34.024445 ], [ -118.517502, 34.024723000000165 ], [ -118.517616, 34.024868 ], [ -118.517754, 34.025032000000181 ], [ -118.51889, 34.025555000000111 ], [ -118.519165, 34.025833 ], [ -118.520835999999861, 34.026104 ], [ -118.520996, 34.026123 ], [ -118.521088, 34.026161000000116 ], [ -118.521384999999896, 34.026112000000182 ], [ -118.521942, 34.02639 ], [ -118.522224, 34.026669 ], [ -118.522499, 34.026943000000188 ], [ -118.522446, 34.027248 ], [ -118.522781, 34.0275 ], [ -118.522781, 34.027779 ], [ -118.522750999999857, 34.028069 ], [ -118.523056, 34.028332 ], [ -118.523331, 34.02861 ], [ -118.523613, 34.028889 ], [ -118.523888, 34.029167000000143 ], [ -118.524445, 34.029446000000178 ], [ -118.524719, 34.029724 ], [ -118.525329999999883, 34.029724 ], [ -118.525558, 34.029724 ], [ -118.526108, 34.029999 ], [ -118.527229, 34.030281000000116 ], [ -118.527496, 34.030556000000161 ], [ -118.527779, 34.030834 ], [ -118.528075999999885, 34.031128 ], [ -118.529167, 34.031387000000166 ], [ -118.52935, 34.031635000000108 ], [ -118.529419, 34.031727 ], [ -118.5299, 34.031933 ], [ -118.529976, 34.031975000000159 ], [ -118.530579, 34.032471000000157 ], [ -118.532219, 34.033058 ], [ -118.532288, 34.033081 ], [ -118.532501, 34.033054 ], [ -118.532776, 34.033333 ], [ -118.53418, 34.033840000000112 ], [ -118.534302, 34.033882000000176 ], [ -118.53444699999983, 34.033875000000137 ], [ -118.535278, 34.033875000000137 ], [ -118.535393, 34.033928000000117 ], [ -118.53611, 34.034168 ], [ -118.536392, 34.034168 ], [ -118.536667, 34.034168 ], [ -118.537780999999882, 34.035000000000139 ], [ -118.53861199999983, 34.035278 ], [ -118.538887, 34.035557 ], [ -118.539146, 34.035862 ], [ -118.53936, 34.036022000000173 ], [ -118.539443999999833, 34.036110000000178 ], [ -118.539719, 34.036388 ], [ -118.539948, 34.036705 ], [ -118.540276, 34.036945000000117 ], [ -118.540534999999863, 34.037254000000132 ], [ -118.540756, 34.037426000000153 ], [ -118.540817, 34.037510000000168 ], [ -118.541115, 34.037777 ], [ -118.541389, 34.038055000000156 ], [ -118.541664, 34.038334000000134 ], [ -118.541992, 34.038696 ], [ -118.542221, 34.038612 ], [ -118.542785999999865, 34.038837000000171 ], [ -118.543053, 34.038887 ], [ -118.543335, 34.038879000000122 ], [ -118.543609999999831, 34.038612 ], [ -118.545555, 34.038612 ], [ -118.54583, 34.038879000000122 ], [ -118.546387, 34.038883000000112 ], [ -118.546509, 34.038883000000112 ], [ -118.546669, 34.038879000000122 ], [ -118.546943999999883, 34.038879000000122 ], [ -118.547226, 34.038879000000122 ], [ -118.548058, 34.038879000000122 ], [ -118.548279, 34.038879000000122 ], [ -118.548615, 34.038887 ], [ -118.548889, 34.039165000000139 ], [ -118.549164, 34.039165000000139 ], [ -118.549446, 34.039165000000139 ], [ -118.549721, 34.039165000000139 ], [ -118.550003, 34.039165000000139 ], [ -118.550278, 34.038887 ], [ -118.550406999999893, 34.038887 ], [ -118.550529, 34.038834000000122 ], [ -118.551665999999898, 34.038334000000134 ], [ -118.551940999999886, 34.038334000000134 ], [ -118.552223, 34.038334000000134 ], [ -118.552307, 34.038334000000134 ], [ -118.552498, 34.038334000000134 ], [ -118.552979, 34.038094000000171 ], [ -118.553039999999896, 34.038040000000137 ], [ -118.553612, 34.037224000000151 ], [ -118.553886, 34.037224000000151 ], [ -118.554382, 34.036926000000165 ], [ -118.555557, 34.037224000000151 ], [ -118.555756, 34.037445000000105 ], [ -118.555824, 34.037521 ], [ -118.556113999999866, 34.037498 ], [ -118.556945999999868, 34.037777 ], [ -118.55722, 34.038078 ], [ -118.557777, 34.038055000000156 ], [ -118.558594, 34.038330000000144 ], [ -118.559998, 34.038612 ], [ -118.56028, 34.038887 ], [ -118.560555, 34.039165000000139 ], [ -118.560837, 34.039444000000117 ], [ -118.561081, 34.039772 ], [ -118.561943, 34.040279000000112 ], [ -118.562149, 34.040348000000165 ], [ -118.56279, 34.040504000000112 ], [ -118.562988, 34.040554000000157 ], [ -118.56308, 34.040554000000157 ], [ -118.563332, 34.040554000000157 ], [ -118.563895999999886, 34.040802 ], [ -118.564209, 34.040894 ], [ -118.564445, 34.040894 ], [ -118.56472, 34.040894 ], [ -118.565002, 34.040894 ], [ -118.565125, 34.040894 ], [ -118.565276999999867, 34.040833000000134 ], [ -118.565834, 34.040833000000134 ], [ -118.566108999999869, 34.041077 ], [ -118.566391, 34.041077 ], [ -118.566711, 34.041077 ], [ -118.566925, 34.041161000000102 ], [ -118.567223, 34.041111 ], [ -118.56778, 34.041389000000152 ], [ -118.568054, 34.041389000000152 ], [ -118.568336, 34.041389000000152 ], [ -118.568611, 34.041389000000152 ], [ -118.568886, 34.041389000000152 ], [ -118.569443, 34.041672000000119 ], [ -118.569518999999843, 34.041687 ], [ -118.569724999999835, 34.041687 ], [ -118.57, 34.041687 ], [ -118.570311999999888, 34.041687 ], [ -118.570556999999837, 34.041687 ], [ -118.570831, 34.041687 ], [ -118.571114, 34.041687 ], [ -118.571227999999849, 34.041687 ], [ -118.571388, 34.041668000000129 ], [ -118.57222, 34.041389000000152 ], [ -118.572502, 34.041389000000152 ], [ -118.572815, 34.041077 ], [ -118.573058999999887, 34.041111 ], [ -118.57389099999989, 34.040554000000157 ], [ -118.574371, 34.04007300000012 ], [ -118.574455, 34.04002 ], [ -118.575012, 34.039673000000107 ], [ -118.575279, 34.039444000000117 ], [ -118.575859, 34.039249000000154 ], [ -118.576111, 34.039124000000129 ], [ -118.576363, 34.039219000000173 ], [ -118.576668, 34.039165000000139 ], [ -118.577224999999885, 34.039165000000139 ], [ -118.577499, 34.03949 ], [ -118.577774, 34.03949 ], [ -118.57805599999989, 34.03949 ], [ -118.578308, 34.03949 ], [ -118.578613, 34.03949 ], [ -118.579445, 34.03949 ], [ -118.579712, 34.03949 ], [ -118.579994, 34.039425000000165 ], [ -118.580078, 34.039406 ], [ -118.580559, 34.039165000000139 ], [ -118.581177, 34.038879000000122 ], [ -118.581389999999885, 34.038887 ], [ -118.581734, 34.038544000000115 ], [ -118.581985, 34.038395 ], [ -118.582054, 34.038300000000163 ], [ -118.582221999999888, 34.038055000000156 ], [ -118.582497, 34.038055000000156 ], [ -118.58305399999989, 34.037777 ], [ -118.583336, 34.037777 ], [ -118.583884999999839, 34.037777 ], [ -118.584724, 34.037777 ], [ -118.584999, 34.037777 ], [ -118.585555999999883, 34.038059000000146 ], [ -118.585693, 34.038086 ], [ -118.585831, 34.038055000000156 ], [ -118.586311, 34.038311000000192 ], [ -118.586387999999886, 34.038349000000153 ], [ -118.587502, 34.038616 ], [ -118.58783, 34.038696 ], [ -118.588058, 34.038612 ], [ -118.588333, 34.038612 ], [ -118.58889, 34.038887 ], [ -118.589165, 34.038883000000112 ], [ -118.589722, 34.038887 ], [ -118.589996, 34.038887 ], [ -118.590279, 34.038887 ], [ -118.590392999999892, 34.038902 ], [ -118.590538, 34.038925000000177 ], [ -118.591667, 34.039165000000139 ], [ -118.591965, 34.039207 ], [ -118.592223999999874, 34.038887 ], [ -118.592529, 34.038879000000122 ], [ -118.592781, 34.038612 ], [ -118.593056, 34.038612 ], [ -118.59333, 34.038612 ], [ -118.593886999999881, 34.039165000000139 ], [ -118.594718999999884, 34.039165000000139 ], [ -118.595001, 34.039165000000139 ], [ -118.595276, 34.039165000000139 ], [ -118.595558, 34.039165000000139 ], [ -118.595833, 34.039165000000139 ], [ -118.596107, 34.039165000000139 ], [ -118.596389999999872, 34.039165000000139 ], [ -118.596664, 34.039165000000139 ], [ -118.596962, 34.039192 ], [ -118.597144999999898, 34.039066000000105 ], [ -118.597435, 34.038921 ], [ -118.597510999999884, 34.038906 ], [ -118.598335, 34.038612 ], [ -118.59861, 34.038612 ], [ -118.598892, 34.038612 ], [ -118.599167, 34.038612 ], [ -118.599442, 34.038612 ], [ -118.599724, 34.038612 ], [ -118.600288, 34.038841000000161 ], [ -118.600554999999872, 34.038887 ], [ -118.60083, 34.038879000000122 ], [ -118.601112, 34.038883000000112 ], [ -118.601386999999875, 34.038883000000112 ], [ -118.601669, 34.038887 ], [ -118.601944, 34.038887 ], [ -118.602219, 34.038887 ], [ -118.602295, 34.038887 ], [ -118.602501, 34.038887 ], [ -118.602776, 34.038883000000112 ], [ -118.603058, 34.038887 ], [ -118.603325, 34.038841000000161 ], [ -118.604446, 34.038612 ], [ -118.604721, 34.038612 ], [ -118.60500299999984, 34.038334000000134 ], [ -118.605216999999868, 34.038334000000134 ], [ -118.605552999999873, 34.038334000000134 ], [ -118.605896, 34.038162000000113 ], [ -118.606201, 34.038086 ], [ -118.606392, 34.037777 ], [ -118.606627999999887, 34.037655 ], [ -118.606941, 34.037498 ], [ -118.607475, 34.037170000000117 ], [ -118.60759, 34.037086000000102 ], [ -118.607802999999876, 34.036991 ], [ -118.609726, 34.036106000000188 ], [ -118.609801999999888, 34.036114000000111 ], [ -118.609993, 34.03612900000013 ], [ -118.610558, 34.036110000000178 ], [ -118.610839999999882, 34.036373 ], [ -118.611389, 34.036388 ], [ -118.612511, 34.036667 ], [ -118.61261, 34.036671 ], [ -118.612778, 34.036682 ], [ -118.613052, 34.036682 ], [ -118.613281, 34.036682 ], [ -118.614723, 34.036682 ], [ -118.614807, 34.036682 ], [ -118.614997999999844, 34.036667 ], [ -118.61528, 34.036667 ], [ -118.615555, 34.036945000000117 ], [ -118.615836999999885, 34.036934000000144 ], [ -118.616112, 34.036945000000117 ], [ -118.616668999999888, 34.036945000000117 ], [ -118.616943, 34.036945000000117 ], [ -118.617042999999853, 34.036945000000117 ], [ -118.617226, 34.036945000000117 ], [ -118.617516, 34.037193 ], [ -118.617622, 34.037251 ], [ -118.617783, 34.037281 ], [ -118.618331999999896, 34.037243000000103 ], [ -118.618415999999854, 34.037239000000113 ], [ -118.618621999999846, 34.037273 ], [ -118.618889, 34.037251 ], [ -118.619202, 34.037224000000151 ], [ -118.619446, 34.037224000000151 ], [ -118.61972, 34.037224000000151 ], [ -118.620483, 34.036926000000165 ], [ -118.620833999999888, 34.037224000000151 ], [ -118.620911, 34.037292 ], [ -118.621109, 34.037292 ], [ -118.622009, 34.037292 ], [ -118.622223, 34.037224000000151 ], [ -118.622497999999894, 34.037224000000151 ], [ -118.622719, 34.037437000000182 ], [ -118.62278, 34.037498 ], [ -118.623055, 34.037483 ], [ -118.623336999999879, 34.037491 ], [ -118.623413, 34.037495 ], [ -118.623611, 34.037483 ], [ -118.623886, 34.037491 ], [ -118.624167999999884, 34.037498 ], [ -118.624443, 34.037487 ], [ -118.624725, 34.037498 ], [ -118.624999999999886, 34.037498 ], [ -118.625275, 34.037224000000151 ], [ -118.625541999999882, 34.037209000000132 ], [ -118.625792999999874, 34.036926000000165 ], [ -118.626404, 34.036720000000173 ], [ -118.626526, 34.036694000000182 ], [ -118.626662999999894, 34.036667 ], [ -118.626945, 34.036945000000117 ], [ -118.62722, 34.036934000000144 ], [ -118.627501999999879, 34.036942 ], [ -118.627686, 34.036945000000117 ], [ -118.627777, 34.036945000000117 ], [ -118.628052, 34.036934000000144 ], [ -118.628333999999882, 34.036942 ], [ -118.628417999999897, 34.036942 ], [ -118.628609, 34.036930000000154 ], [ -118.628891, 34.036938 ], [ -118.629165999999884, 34.036945000000117 ], [ -118.629448, 34.036930000000154 ], [ -118.629723, 34.036938 ], [ -118.629996999999889, 34.036942 ], [ -118.63028, 34.036945000000117 ], [ -118.630554, 34.036945000000117 ], [ -118.630836, 34.036945000000117 ], [ -118.631111, 34.036949000000106 ], [ -118.631226, 34.036953 ], [ -118.631378, 34.036961 ], [ -118.631667999999877, 34.036945000000117 ], [ -118.631943, 34.036945000000117 ], [ -118.632225, 34.036945000000117 ], [ -118.633117999999854, 34.036682 ], [ -118.633330999999885, 34.036682 ], [ -118.633614, 34.036682 ], [ -118.633728, 34.036682 ], [ -118.633858, 34.03661000000011 ], [ -118.63472, 34.036388 ], [ -118.63472, 34.03613300000012 ], [ -118.634804, 34.036049000000105 ], [ -118.635002, 34.035831000000144 ], [ -118.635277, 34.035557 ], [ -118.635277, 34.035278 ], [ -118.635834, 34.035278 ], [ -118.635925, 34.035278 ], [ -118.636108, 34.035278 ], [ -118.636391, 34.035557 ], [ -118.636902, 34.035889000000168 ], [ -118.637496999999883, 34.036110000000178 ], [ -118.637764, 34.036423000000127 ], [ -118.638336, 34.036663 ], [ -118.63842, 34.036697 ], [ -118.638962, 34.036877 ], [ -118.639168, 34.036945000000117 ], [ -118.639725, 34.036667 ], [ -118.640197999999884, 34.036922000000175 ], [ -118.640266, 34.036957 ], [ -118.641112999999848, 34.037292 ], [ -118.641388, 34.037224000000151 ], [ -118.642517, 34.037476 ], [ -118.643311, 34.037823000000117 ], [ -118.643608, 34.037777 ], [ -118.64389, 34.037777 ], [ -118.644165, 34.037777 ], [ -118.644447, 34.037777 ], [ -118.645554, 34.037777 ], [ -118.645836, 34.037777 ], [ -118.646667, 34.038052 ], [ -118.646912, 34.038086 ], [ -118.647217, 34.038017 ], [ -118.647377, 34.037979 ], [ -118.647780999999895, 34.037777 ], [ -118.648360999999852, 34.037552000000119 ], [ -118.648506, 34.037521 ], [ -118.648612999999898, 34.037518000000148 ], [ -118.648888, 34.037510000000168 ], [ -118.64917, 34.037498 ], [ -118.649445, 34.037479 ], [ -118.649719, 34.037483 ], [ -118.649901999999884, 34.037487 ], [ -118.650002, 34.037479 ], [ -118.650275999999849, 34.037487 ], [ -118.650558, 34.037498 ], [ -118.650833, 34.037476 ], [ -118.651123, 34.037476 ], [ -118.651207, 34.037548000000129 ], [ -118.651665, 34.037777 ], [ -118.651946999999893, 34.037777 ], [ -118.652222, 34.037777 ], [ -118.652496, 34.037777 ], [ -118.653358, 34.038277 ], [ -118.653503, 34.038330000000144 ], [ -118.65361, 34.038330000000144 ], [ -118.653893, 34.038334000000134 ], [ -118.654167, 34.038334000000134 ], [ -118.654297, 34.038334000000134 ], [ -118.654441999999847, 34.038330000000144 ], [ -118.654724, 34.038330000000144 ], [ -118.654907, 34.038330000000144 ], [ -118.654999, 34.038330000000144 ], [ -118.655280999999889, 34.038334000000134 ], [ -118.655556, 34.038334000000134 ], [ -118.65583, 34.038334000000134 ], [ -118.656112999999891, 34.038334000000134 ], [ -118.656387, 34.038334000000134 ], [ -118.656677, 34.038330000000144 ], [ -118.657227, 34.038696 ], [ -118.657775999999899, 34.038612 ], [ -118.658058, 34.038612 ], [ -118.658333, 34.038612 ], [ -118.658606999999847, 34.038612 ], [ -118.65889, 34.038612 ], [ -118.660004, 34.038612 ], [ -118.660277999999892, 34.038612 ], [ -118.660835, 34.038612 ], [ -118.661109999999894, 34.038612 ], [ -118.661392, 34.038612 ], [ -118.661667, 34.038612 ], [ -118.661941999999897, 34.038612 ], [ -118.662224, 34.038612 ], [ -118.662498, 34.038612 ], [ -118.662780999999882, 34.038612 ], [ -118.663055, 34.038612 ], [ -118.663887, 34.038612 ], [ -118.664169, 34.038612 ], [ -118.664443999999889, 34.038612 ], [ -118.664719, 34.038612 ], [ -118.665001, 34.038612 ], [ -118.665833, 34.038612 ], [ -118.666115, 34.038612 ], [ -118.666389, 34.038887 ], [ -118.666945999999882, 34.038887 ], [ -118.667221, 34.038879000000122 ], [ -118.667503, 34.038883000000112 ], [ -118.667777999999885, 34.038887 ], [ -118.668053, 34.038883000000112 ], [ -118.668335, 34.038887 ], [ -118.668609999999887, 34.038883000000112 ], [ -118.668892, 34.038887 ], [ -118.669006, 34.038887 ], [ -118.669159, 34.038864000000103 ], [ -118.669998, 34.038612 ], [ -118.67028, 34.038612 ], [ -118.670555, 34.038612 ], [ -118.67083, 34.038612 ], [ -118.671387, 34.038696 ], [ -118.671669, 34.038334000000134 ], [ -118.671805999999833, 34.038334000000134 ], [ -118.671936, 34.038300000000163 ], [ -118.672774999999888, 34.038055000000156 ], [ -118.673332, 34.037777 ], [ -118.674164, 34.037777 ], [ -118.674454, 34.037785 ], [ -118.674811999999861, 34.037521 ], [ -118.675003, 34.037498 ], [ -118.675278, 34.037498 ], [ -118.675415, 34.037498 ], [ -118.675552, 34.037498 ], [ -118.676108999999883, 34.037224000000151 ], [ -118.676216, 34.037117 ], [ -118.676391999999851, 34.036945000000117 ], [ -118.677307, 34.036682 ], [ -118.677551, 34.036438 ], [ -118.677826, 34.03616 ], [ -118.677894999999864, 34.036057 ], [ -118.678016999999898, 34.035812000000192 ], [ -118.678055, 34.035557 ], [ -118.678229999999871, 34.035381 ], [ -118.678284, 34.035278 ], [ -118.678284, 34.034721000000161 ], [ -118.678284, 34.034485000000188 ], [ -118.678589, 34.033875000000137 ], [ -118.678589, 34.033611000000178 ], [ -118.678589, 34.033325000000104 ], [ -118.679169, 34.032501000000138 ], [ -118.679443, 34.031944 ], [ -118.679443, 34.031666000000143 ], [ -118.68, 34.031113 ], [ -118.680298, 34.031113 ], [ -118.680542, 34.031052000000159 ], [ -118.681129, 34.030876000000148 ], [ -118.681221, 34.030846000000167 ], [ -118.681388999999854, 34.030865000000119 ], [ -118.681664, 34.030834 ], [ -118.682503, 34.030556000000161 ], [ -118.682777, 34.030556000000161 ], [ -118.683052, 34.030556000000161 ], [ -118.683334, 34.030556000000161 ], [ -118.683609, 34.030556000000161 ], [ -118.683899, 34.030884000000128 ], [ -118.684448, 34.030834 ], [ -118.684723, 34.031128 ], [ -118.684998, 34.031128 ], [ -118.685303, 34.031128 ], [ -118.685837, 34.031128 ], [ -118.685913, 34.031128 ], [ -118.686111, 34.031124 ], [ -118.686386, 34.031116000000111 ], [ -118.686523, 34.031113 ], [ -118.686638, 34.031170000000145 ], [ -118.687202, 34.031441 ], [ -118.6875, 34.031387000000166 ], [ -118.688057, 34.031387000000166 ], [ -118.688316, 34.031734 ], [ -118.688904, 34.031898000000183 ], [ -118.689087, 34.031952 ], [ -118.689445, 34.031944 ], [ -118.689719999999852, 34.031944 ], [ -118.690002, 34.032288000000108 ], [ -118.690277, 34.032288000000108 ], [ -118.690613, 34.032288000000108 ], [ -118.690834, 34.032223 ], [ -118.691109, 34.032223 ], [ -118.691390999999896, 34.032223 ], [ -118.691666, 34.032501000000138 ], [ -118.691948, 34.032501000000138 ], [ -118.692222999999899, 34.032501000000138 ], [ -118.692497, 34.032513 ], [ -118.692619, 34.032520000000147 ], [ -118.692763999999897, 34.032539 ], [ -118.693054, 34.032501000000138 ], [ -118.693336, 34.032501000000138 ], [ -118.693649, 34.032501000000138 ], [ -118.693726, 34.032501000000138 ], [ -118.693886, 34.032501000000138 ], [ -118.694168, 34.032501000000138 ], [ -118.694443, 34.032494 ], [ -118.694519, 34.032494 ], [ -118.694724999999892, 34.032478 ], [ -118.695, 34.032490000000109 ], [ -118.695274, 34.032501000000138 ], [ -118.695541, 34.03244 ], [ -118.695831, 34.032501000000138 ], [ -118.695999, 34.032333000000108 ], [ -118.696136, 34.032276 ], [ -118.696236, 34.032234 ], [ -118.696396, 34.032249 ], [ -118.69651, 34.032223 ], [ -118.696655, 34.03218800000019 ], [ -118.696945, 34.031944 ], [ -118.69722, 34.031944 ], [ -118.69751, 34.031921000000125 ], [ -118.697777, 34.031666000000143 ], [ -118.69812, 34.031677000000172 ], [ -118.698334, 34.031677000000172 ], [ -118.698608, 34.031677000000172 ], [ -118.69889099999989, 34.031387000000166 ], [ -118.699173, 34.031395000000146 ], [ -118.699486, 34.031158 ], [ -118.699692, 34.031052000000159 ], [ -118.699882999999886, 34.030952 ], [ -118.700012, 34.030884000000128 ], [ -118.700279, 34.030884000000128 ], [ -118.700623, 34.030884000000128 ], [ -118.700829, 34.030807000000152 ], [ -118.701111, 34.030556000000161 ], [ -118.701385, 34.030556000000161 ], [ -118.701668, 34.030556000000161 ], [ -118.701942, 34.030556000000161 ], [ -118.702225, 34.030556000000161 ], [ -118.702538, 34.030617 ], [ -118.702736, 34.030499 ], [ -118.702964999999892, 34.030365000000188 ], [ -118.703124999999829, 34.030273000000193 ], [ -118.703331, 34.030277000000183 ], [ -118.703460999999891, 34.030148000000167 ], [ -118.703568, 34.030045000000143 ], [ -118.703887999999893, 34.029999 ], [ -118.704117, 34.029778 ], [ -118.704223999999897, 34.029724 ], [ -118.704445, 34.029724 ], [ -118.704719999999895, 34.029724 ], [ -118.705002, 34.029446000000178 ], [ -118.705276, 34.029446000000178 ], [ -118.705627, 34.029480000000149 ], [ -118.705833, 34.029480000000149 ], [ -118.706177, 34.029480000000149 ], [ -118.70639, 34.029446000000178 ], [ -118.706665, 34.029446000000178 ], [ -118.706947, 34.029724 ], [ -118.707221999999888, 34.029724 ], [ -118.70752, 34.029724 ], [ -118.707779, 34.029724 ], [ -118.70805399999989, 34.029724 ], [ -118.708313, 34.029724 ], [ -118.708611, 34.029724 ], [ -118.708908, 34.029999 ], [ -118.709167, 34.029999 ], [ -118.709442, 34.029999 ], [ -118.709724, 34.029999 ], [ -118.710007, 34.030235 ], [ -118.710281, 34.030277000000183 ], [ -118.710556, 34.030273000000193 ], [ -118.710831, 34.030277000000183 ], [ -118.711113, 34.030277000000183 ], [ -118.711304, 34.030300000000125 ], [ -118.711669999999856, 34.030277000000183 ], [ -118.711922, 34.030605000000151 ], [ -118.712218999999891, 34.030556000000161 ], [ -118.712501999999859, 34.030556000000161 ], [ -118.712829999999883, 34.030884000000128 ], [ -118.713058, 34.030834 ], [ -118.713333, 34.030834 ], [ -118.713623, 34.031059 ], [ -118.713927999999896, 34.031128 ], [ -118.714165, 34.031113 ], [ -118.714462, 34.031357000000185 ], [ -118.714531, 34.031387000000166 ], [ -118.714722, 34.031387000000166 ], [ -118.714996, 34.031387000000166 ], [ -118.715279, 34.031387000000166 ], [ -118.715553, 34.031387000000166 ], [ -118.715836, 34.031113 ], [ -118.716002999999887, 34.031120000000101 ], [ -118.71611, 34.031128 ], [ -118.716393, 34.031128 ], [ -118.716666999999859, 34.031128 ], [ -118.71698, 34.031128 ], [ -118.717224, 34.031128 ], [ -118.717499, 34.031128 ], [ -118.71759, 34.031128 ], [ -118.717781, 34.031128 ], [ -118.718056, 34.031128 ], [ -118.718384, 34.031128 ], [ -118.718613, 34.031128 ], [ -118.718887, 34.031128 ], [ -118.71917, 34.031128 ], [ -118.719482, 34.031128 ], [ -118.719719, 34.031128 ], [ -118.720001, 34.031128 ], [ -118.720276, 34.031128 ], [ -118.72052, 34.031128 ], [ -118.720832999999857, 34.031128 ], [ -118.721107, 34.031128 ], [ -118.721191, 34.031128 ], [ -118.72139, 34.031128 ], [ -118.721664, 34.031128 ], [ -118.721985, 34.031128 ], [ -118.722221, 34.031128 ], [ -118.722504, 34.031128 ], [ -118.722778, 34.031128 ], [ -118.723892, 34.031128 ], [ -118.724120999999855, 34.031128 ], [ -118.724442, 34.031128 ], [ -118.724791999999866, 34.031128 ], [ -118.724997999999857, 34.031113 ], [ -118.725266, 34.031410000000108 ], [ -118.725555, 34.031387000000166 ], [ -118.725891, 34.031677000000172 ], [ -118.726112, 34.031666000000143 ], [ -118.726241999999843, 34.031799000000149 ], [ -118.726387, 34.031944 ], [ -118.726669, 34.031944 ], [ -118.726944, 34.03194 ], [ -118.727287, 34.03196000000014 ], [ -118.72747, 34.03200500000014 ], [ -118.727631, 34.032078000000126 ], [ -118.727806, 34.032158 ], [ -118.728088, 34.032288000000108 ], [ -118.728333, 34.032223 ], [ -118.728615, 34.032223 ], [ -118.728897, 34.032448 ], [ -118.729164, 34.032501000000138 ], [ -118.729445999999825, 34.032501000000138 ], [ -118.729721, 34.032501000000138 ], [ -118.729797, 34.032501000000138 ], [ -118.730002999999897, 34.032501000000138 ], [ -118.730277999999828, 34.032520000000147 ], [ -118.730392, 34.032528 ], [ -118.730507, 34.032555000000173 ], [ -118.730804, 34.032814 ], [ -118.73111, 34.032776000000183 ], [ -118.731392, 34.032776000000183 ], [ -118.731667, 34.032776000000183 ], [ -118.731941, 34.032776000000183 ], [ -118.732224, 34.033058 ], [ -118.7323, 34.033081 ], [ -118.732498, 34.033081 ], [ -118.73278, 34.033081 ], [ -118.733093, 34.033081 ], [ -118.73333, 34.033081 ], [ -118.733612, 34.033081 ], [ -118.733887, 34.033081 ], [ -118.734009, 34.033081 ], [ -118.734168999999895, 34.033081 ], [ -118.734443999999826, 34.033081 ], [ -118.734726, 34.033081 ], [ -118.734802, 34.033081 ], [ -118.735000999999897, 34.033081 ], [ -118.735275, 34.033081 ], [ -118.735596, 34.033081 ], [ -118.735832, 34.033081 ], [ -118.736115, 34.033081 ], [ -118.736389, 34.033081 ], [ -118.736693999999829, 34.033081 ], [ -118.736946, 34.033081 ], [ -118.737221, 34.033081 ], [ -118.737503, 34.033081 ], [ -118.73761, 34.033081 ], [ -118.737778, 34.033081 ], [ -118.738052, 34.033081 ], [ -118.738402999999835, 34.033081 ], [ -118.738608999999826, 34.033081 ], [ -118.738892, 34.033081 ], [ -118.739075, 34.033081 ], [ -118.739165999999898, 34.033081 ], [ -118.739440999999829, 34.033081 ], [ -118.739723, 34.033081 ], [ -118.739807, 34.033081 ], [ -118.739998, 34.033081 ], [ -118.74028, 34.033081 ], [ -118.740555, 34.032776000000183 ], [ -118.740837, 34.032776000000183 ], [ -118.741669, 34.032776000000183 ], [ -118.741776, 34.032669 ], [ -118.741943, 34.032501000000138 ], [ -118.742240999999865, 34.032566 ], [ -118.742538, 34.032501000000138 ], [ -118.742676, 34.032501000000138 ], [ -118.742775, 34.032497 ], [ -118.743057, 34.032494 ], [ -118.743331999999896, 34.032486000000176 ], [ -118.743408, 34.032486000000176 ], [ -118.743606999999827, 34.032452 ], [ -118.743889, 34.032501000000138 ], [ -118.743965, 34.032421000000113 ], [ -118.744163999999898, 34.032223 ], [ -118.744446, 34.032223 ], [ -118.744697999999858, 34.03218500000014 ], [ -118.744835, 34.032108000000164 ], [ -118.745032999999864, 34.03200100000015 ], [ -118.745186, 34.031963 ], [ -118.74527, 34.031929 ], [ -118.745552, 34.031666000000143 ], [ -118.745911, 34.031677000000172 ], [ -118.746109, 34.031677000000172 ], [ -118.746391, 34.031677000000172 ], [ -118.746704, 34.031677000000172 ], [ -118.746941, 34.031631000000118 ], [ -118.747223, 34.031666000000143 ], [ -118.74733, 34.031559000000186 ], [ -118.747497999999894, 34.031387000000166 ], [ -118.747779999999864, 34.031387000000166 ], [ -118.748055, 34.031387000000166 ], [ -118.748375, 34.031433 ], [ -118.748611, 34.031113 ], [ -118.748778999999899, 34.031120000000101 ], [ -118.748886, 34.031128 ], [ -118.749168, 34.031128 ], [ -118.749512, 34.031128 ], [ -118.749725, 34.030834 ], [ -118.75, 34.030834 ], [ -118.750275, 34.030556000000161 ], [ -118.750595, 34.030594000000121 ], [ -118.75087, 34.030319 ], [ -118.751114, 34.029999 ], [ -118.751389, 34.029724 ], [ -118.751525999999899, 34.029724 ], [ -118.751633, 34.029671000000121 ], [ -118.751801, 34.029587000000106 ], [ -118.751976, 34.029499000000101 ], [ -118.75222, 34.029491000000121 ], [ -118.752502, 34.029484 ], [ -118.752777, 34.029167000000143 ], [ -118.753052, 34.028889 ], [ -118.753334, 34.02861 ], [ -118.753609, 34.028332 ], [ -118.753769, 34.028332 ], [ -118.753853, 34.028275 ], [ -118.754166, 34.02805700000016 ], [ -118.754363999999896, 34.027863 ], [ -118.754456, 34.027794 ], [ -118.754723, 34.0275 ], [ -118.755035, 34.027256000000136 ], [ -118.75531, 34.02691700000014 ], [ -118.755568999999866, 34.026688 ], [ -118.755768, 34.026463 ], [ -118.755844, 34.026405 ], [ -118.756110999999862, 34.026112000000182 ], [ -118.756386, 34.025833 ], [ -118.756706, 34.025589 ], [ -118.756767, 34.02550900000017 ], [ -118.756942999999865, 34.025276 ], [ -118.757225, 34.025276 ], [ -118.7575, 34.025276 ], [ -118.757689999999855, 34.025314 ], [ -118.757774, 34.02533000000011 ], [ -118.758057, 34.02533000000011 ], [ -118.758331, 34.02533000000011 ], [ -118.758606, 34.02533000000011 ], [ -118.758888, 34.02533000000011 ], [ -118.759163, 34.02533000000011 ], [ -118.759445, 34.02533000000011 ], [ -118.759705, 34.02533000000011 ], [ -118.760002, 34.02533000000011 ], [ -118.760277, 34.02533000000011 ], [ -118.76062, 34.02533000000011 ], [ -118.760834, 34.02533000000011 ], [ -118.761107999999865, 34.02533000000011 ], [ -118.761292, 34.02533000000011 ], [ -118.761390999999833, 34.02533000000011 ], [ -118.761665, 34.02533000000011 ], [ -118.761948, 34.02533000000011 ], [ -118.762207, 34.02533000000011 ], [ -118.762497, 34.02533000000011 ], [ -118.762779, 34.02533000000011 ], [ -118.763123, 34.02533000000011 ], [ -118.763228999999853, 34.025276 ], [ -118.763313, 34.025234000000182 ], [ -118.763572999999894, 34.025032000000181 ], [ -118.765273999999863, 34.025002000000143 ], [ -118.765555999999833, 34.025002000000143 ], [ -118.765808, 34.02533000000011 ], [ -118.766113, 34.025261000000114 ], [ -118.766243, 34.025230000000192 ], [ -118.766884, 34.025021000000152 ], [ -118.76722, 34.024723000000165 ], [ -118.767387, 34.024723000000165 ], [ -118.767502, 34.024723000000165 ], [ -118.767776, 34.024723000000165 ], [ -118.768059, 34.024723000000165 ], [ -118.768333, 34.024719000000175 ], [ -118.768608, 34.024723000000165 ], [ -118.768799, 34.024723000000165 ], [ -118.768883, 34.0247 ], [ -118.769165, 34.024723000000165 ], [ -118.769547, 34.024532000000193 ], [ -118.769721999999831, 34.024445 ], [ -118.769997, 34.02445200000011 ], [ -118.770553999999834, 34.024471000000119 ], [ -118.77063, 34.024475 ], [ -118.770836, 34.024475 ], [ -118.771179, 34.024475 ], [ -118.771385, 34.024166 ], [ -118.771667, 34.024166 ], [ -118.771942, 34.024166 ], [ -118.772224, 34.024166 ], [ -118.772499, 34.024166 ], [ -118.772781, 34.024166 ], [ -118.773055999999883, 34.024166 ], [ -118.773331, 34.024166 ], [ -118.773598, 34.024143000000151 ], [ -118.773705, 34.024075 ], [ -118.773926, 34.023926000000131 ], [ -118.77417, 34.023926000000131 ], [ -118.774474999999882, 34.023926000000131 ], [ -118.774718999999834, 34.023613000000182 ], [ -118.775017, 34.023647000000153 ], [ -118.775085, 34.023613000000182 ], [ -118.775276, 34.023613000000182 ], [ -118.775513, 34.023315 ], [ -118.775833, 34.023319000000185 ], [ -118.776108, 34.023319000000185 ], [ -118.776306, 34.023308000000156 ], [ -118.776382, 34.023296 ], [ -118.776665, 34.023335 ], [ -118.776809999999898, 34.02319000000017 ], [ -118.776947, 34.023056000000111 ], [ -118.777283, 34.023071 ], [ -118.777496, 34.023037000000102 ], [ -118.777771, 34.022991 ], [ -118.777854999999875, 34.022976 ], [ -118.778052999999886, 34.022778000000187 ], [ -118.778336, 34.022778000000187 ], [ -118.77861, 34.022778000000187 ], [ -118.778892999999869, 34.022778000000187 ], [ -118.779167, 34.022778000000187 ], [ -118.779449, 34.022797000000139 ], [ -118.779724, 34.022499 ], [ -118.779907, 34.022499 ], [ -118.779999, 34.022499 ], [ -118.780266, 34.022434000000146 ], [ -118.780556, 34.022221000000116 ], [ -118.780884, 34.022278 ], [ -118.781113, 34.022278 ], [ -118.781386999999881, 34.022278 ], [ -118.78167, 34.022278 ], [ -118.781982, 34.022278 ], [ -118.782218999999884, 34.022224000000165 ], [ -118.782501, 34.021946 ], [ -118.782775999999899, 34.021946 ], [ -118.783050999999887, 34.021931000000109 ], [ -118.783385999999894, 34.021729 ], [ -118.783607, 34.021729 ], [ -118.78389, 34.021729 ], [ -118.784119, 34.021729 ], [ -118.784431, 34.021618000000103 ], [ -118.784538, 34.021576 ], [ -118.784721, 34.02138900000017 ], [ -118.784882, 34.02138900000017 ], [ -118.785004, 34.02138900000017 ], [ -118.785278, 34.021111 ], [ -118.785278, 34.020996 ], [ -118.785278, 34.020832 ], [ -118.785484, 34.02063 ], [ -118.785514999999862, 34.020546 ], [ -118.785583, 34.020325 ], [ -118.785873, 34.020035 ], [ -118.786148, 34.01976 ], [ -118.786377, 34.019676 ], [ -118.78647599999988, 34.0196380000001 ], [ -118.786667, 34.019444000000192 ], [ -118.786926, 34.01947 ], [ -118.787254, 34.019203000000118 ], [ -118.787498, 34.018890000000169 ], [ -118.787781, 34.018612 ], [ -118.788055, 34.018333 ], [ -118.78833, 34.018055000000174 ], [ -118.788612, 34.017776 ], [ -118.788887, 34.017502 ], [ -118.789207, 34.01725800000014 ], [ -118.78949, 34.016907 ], [ -118.789687999999899, 34.016644000000156 ], [ -118.790001, 34.01638800000012 ], [ -118.790001, 34.016239 ], [ -118.790001, 34.016109000000142 ], [ -118.790268, 34.015846 ], [ -118.790276, 34.015556000000174 ], [ -118.790588, 34.01532 ], [ -118.790497, 34.015018000000111 ], [ -118.790535, 34.014660000000106 ], [ -118.790665, 34.01461 ], [ -118.790833, 34.014446000000191 ], [ -118.791153, 34.014198 ], [ -118.791381999999885, 34.013916 ], [ -118.791388999999867, 34.013611 ], [ -118.791687, 34.013344000000131 ], [ -118.791855, 34.013161 ], [ -118.791946, 34.013054000000125 ], [ -118.791946, 34.012779 ], [ -118.791946, 34.012501 ], [ -118.791946, 34.012352000000135 ], [ -118.792, 34.012257 ], [ -118.79213, 34.012039000000186 ], [ -118.792236, 34.011967 ], [ -118.792503, 34.011665000000107 ], [ -118.792831, 34.011433000000125 ], [ -118.79309099999989, 34.011108 ], [ -118.79332, 34.010822000000189 ], [ -118.793579, 34.010498 ], [ -118.793579, 34.010277 ], [ -118.793579, 34.009998 ], [ -118.793579, 34.009724000000119 ], [ -118.793602, 34.009525000000167 ], [ -118.793602, 34.009445000000142 ], [ -118.793586999999832, 34.009167 ], [ -118.793579, 34.008911000000182 ], [ -118.79361, 34.008610000000147 ], [ -118.793846, 34.008381 ], [ -118.793861, 34.008297 ], [ -118.793892, 34.008057 ], [ -118.794113, 34.007832 ], [ -118.794151, 34.007767000000172 ], [ -118.794159, 34.007687000000146 ], [ -118.794167, 34.007500000000107 ], [ -118.794441, 34.007221000000129 ], [ -118.794724, 34.006943 ], [ -118.795005999999887, 34.006958 ], [ -118.79528, 34.006668 ], [ -118.795418, 34.00669100000016 ], [ -118.795555, 34.006714000000102 ], [ -118.79583, 34.006714000000102 ], [ -118.796112, 34.006714000000102 ], [ -118.796204, 34.006714000000102 ], [ -118.796386999999868, 34.006714000000102 ], [ -118.796668999999838, 34.006714000000102 ], [ -118.797501, 34.006390000000124 ], [ -118.797775, 34.006390000000124 ], [ -118.798058, 34.006714000000102 ], [ -118.798401, 34.006714000000102 ], [ -118.798607, 34.006638 ], [ -118.798889, 34.006390000000124 ], [ -118.799446, 34.006390000000124 ], [ -118.799721, 34.006390000000124 ], [ -118.80000299999989, 34.006390000000124 ], [ -118.800278, 34.006111000000146 ], [ -118.800583, 34.006111000000146 ], [ -118.800827, 34.006062000000156 ], [ -118.801109, 34.006111000000146 ], [ -118.801247, 34.005974000000151 ], [ -118.801392, 34.005833 ], [ -118.801674, 34.00584 ], [ -118.801941, 34.005554 ], [ -118.802231, 34.005569 ], [ -118.80279499999989, 34.005310000000122 ], [ -118.80278, 34.005001000000107 ], [ -118.803101, 34.0047 ], [ -118.803345, 34.004456000000175 ], [ -118.803619, 34.004177000000141 ], [ -118.803703, 34.004086 ], [ -118.803878999999881, 34.00388 ], [ -118.804138, 34.003582000000108 ], [ -118.804428, 34.003349 ], [ -118.804413, 34.003056000000129 ], [ -118.804398, 34.002777000000151 ], [ -118.804389999999898, 34.002499 ], [ -118.80442, 34.002327 ], [ -118.804458999999838, 34.002228000000173 ], [ -118.804443, 34.001945 ], [ -118.804764, 34.001404 ], [ -118.804839999999899, 34.001308000000108 ], [ -118.804999999999836, 34.00111 ], [ -118.806023, 34.000603 ], [ -118.806107, 34.000549 ], [ -118.806213, 34.000553000000139 ], [ -118.806389, 34.000553000000139 ], [ -118.806664, 34.000557000000128 ], [ -118.806946, 34.000557000000128 ], [ -118.80722, 34.000557000000128 ], [ -118.807502999999883, 34.000488000000132 ], [ -118.807593999999881, 34.000534000000187 ], [ -118.807739, 34.000599 ], [ -118.808022, 34.000866000000144 ], [ -118.80825, 34.00108 ], [ -118.808311, 34.001152000000161 ], [ -118.808609, 34.00111 ], [ -118.808891, 34.001389 ], [ -118.809997999999837, 34.002224 ], [ -118.810555, 34.003056000000129 ], [ -118.810538999999835, 34.0033 ], [ -118.811943, 34.004444 ], [ -118.812499999999886, 34.005001000000107 ], [ -118.812775, 34.005280000000141 ], [ -118.812720999999897, 34.005600000000129 ], [ -118.813614, 34.006390000000124 ], [ -118.814392, 34.006714000000102 ], [ -118.814659, 34.007252 ], [ -118.81470499999989, 34.007317 ], [ -118.815277, 34.008057 ], [ -118.816109, 34.008610000000147 ], [ -118.816665999999884, 34.009167 ], [ -118.816665999999884, 34.009445000000142 ], [ -118.818054, 34.010834000000102 ], [ -118.818335999999874, 34.011112 ], [ -118.819168, 34.011391000000174 ], [ -118.819168, 34.011665000000107 ], [ -118.82, 34.012222 ], [ -118.819992, 34.012505 ], [ -118.820168, 34.012657000000161 ], [ -118.820282, 34.012768000000108 ], [ -118.821410999999841, 34.013306000000171 ], [ -118.82251, 34.014526 ], [ -118.824165, 34.015556000000174 ], [ -118.824448, 34.016109000000142 ], [ -118.82457, 34.016262000000154 ], [ -118.824692, 34.016426 ], [ -118.825279, 34.016666 ], [ -118.825523, 34.017002000000105 ], [ -118.826111, 34.017273000000159 ], [ -118.826942, 34.018055000000174 ], [ -118.827743999999882, 34.01836 ], [ -118.828308, 34.018921 ], [ -118.828872999999874, 34.019199000000185 ], [ -118.828964, 34.019245 ], [ -118.82940699999989, 34.019714000000135 ], [ -118.830048, 34.020039 ], [ -118.831108, 34.020832 ], [ -118.83123, 34.020954 ], [ -118.831664999999873, 34.02138900000017 ], [ -118.832191, 34.021702000000118 ], [ -118.83242, 34.021896 ], [ -118.832481, 34.021969 ], [ -118.833313, 34.022522000000151 ], [ -118.83386199999984, 34.023102000000165 ], [ -118.835022, 34.023682000000179 ], [ -118.836112999999841, 34.024166 ], [ -118.836388, 34.024445 ], [ -118.836944999999844, 34.024723000000165 ], [ -118.836944999999844, 34.024902 ], [ -118.83699, 34.024967000000117 ], [ -118.837448, 34.025589 ], [ -118.838333, 34.025833 ], [ -118.838608, 34.026112000000182 ], [ -118.839165, 34.02639 ], [ -118.839722, 34.02691700000014 ], [ -118.840819999999894, 34.027527000000191 ], [ -118.841309, 34.028076000000112 ], [ -118.842224, 34.028332 ], [ -118.842499, 34.02861 ], [ -118.842780999999889, 34.02861 ], [ -118.844727, 34.029724 ], [ -118.845283999999879, 34.030277000000183 ], [ -118.84639, 34.030556000000161 ], [ -118.846984999999847, 34.031128 ], [ -118.848335, 34.031387000000166 ], [ -118.848609999999894, 34.031666000000143 ], [ -118.85083, 34.032776000000183 ], [ -118.851685, 34.033081 ], [ -118.852219, 34.033333 ], [ -118.852516, 34.033550000000105 ], [ -118.854187, 34.033875000000137 ], [ -118.854294, 34.033936 ], [ -118.855003, 34.034168 ], [ -118.856109999999887, 34.034443 ], [ -118.856384, 34.034767 ], [ -118.857765, 34.035065 ], [ -118.857895, 34.03503400000011 ], [ -118.858047, 34.035049000000129 ], [ -118.85861199999988, 34.035000000000139 ], [ -118.859443999999883, 34.035278 ], [ -118.859711, 34.035217000000159 ], [ -118.860832, 34.035000000000139 ], [ -118.860832, 34.034912000000134 ], [ -118.860832, 34.034721000000161 ], [ -118.861115, 34.034443 ], [ -118.862183, 34.034485000000188 ], [ -118.863281, 34.034729 ], [ -118.864723, 34.035000000000139 ], [ -118.864998, 34.035278 ], [ -118.865555, 34.035557 ], [ -118.866928, 34.035896 ], [ -118.867972999999836, 34.036102 ], [ -118.86805, 34.036121 ], [ -118.868614, 34.036388 ], [ -118.870483, 34.036682 ], [ -118.871666, 34.036945000000117 ], [ -118.873055, 34.037224000000151 ], [ -118.873619, 34.037457 ], [ -118.873778999999899, 34.037495 ], [ -118.874168, 34.037491 ], [ -118.874756, 34.037510000000168 ], [ -118.875557, 34.037777 ], [ -118.877502, 34.037777 ], [ -118.87860099999989, 34.038086 ], [ -118.879722999999899, 34.037777 ], [ -118.880211, 34.038048000000117 ], [ -118.88028, 34.038086 ], [ -118.880798, 34.038086 ], [ -118.881591999999841, 34.038086 ], [ -118.881668, 34.038090000000182 ], [ -118.885834, 34.038334000000134 ], [ -118.888, 34.038330000000144 ], [ -118.892219999999895, 34.038612 ], [ -118.892212, 34.038879000000122 ], [ -118.897278, 34.03949 ], [ -118.897499, 34.039478 ], [ -118.898055999999883, 34.039444000000117 ], [ -118.898621, 34.039673000000107 ], [ -118.898758, 34.039772 ], [ -118.899445, 34.040001 ], [ -118.899704, 34.040337000000136 ], [ -118.900513, 34.040527 ], [ -118.901108, 34.040833000000134 ], [ -118.903076, 34.041077 ], [ -118.90358, 34.041431 ], [ -118.903893, 34.041389000000152 ], [ -118.904724, 34.041389000000152 ], [ -118.905556, 34.041389000000152 ], [ -118.907500999999854, 34.041389000000152 ], [ -118.908058, 34.041668000000129 ], [ -118.908394, 34.041718000000174 ], [ -118.910004, 34.041943000000117 ], [ -118.910278, 34.041943000000117 ], [ -118.911415, 34.041718000000174 ], [ -118.911666999999852, 34.041668000000129 ], [ -118.913025, 34.041687 ], [ -118.914429, 34.041687 ], [ -118.9151, 34.041668000000129 ], [ -118.916115, 34.041668000000129 ], [ -118.91624499999989, 34.04183600000016 ], [ -118.916359, 34.041985 ], [ -118.916946, 34.042221 ], [ -118.917502999999897, 34.042778000000112 ], [ -118.918578999999852, 34.043091000000118 ], [ -118.91922, 34.04364 ], [ -118.919678, 34.043884000000162 ], [ -118.921387, 34.044445 ], [ -118.921387, 34.044678000000147 ], [ -118.921814, 34.044807000000162 ], [ -118.922775, 34.044998000000135 ], [ -118.923332, 34.045277000000112 ], [ -118.923622, 34.045521 ], [ -118.92500299999989, 34.045834 ], [ -118.925116999999887, 34.04586 ], [ -118.925278, 34.045898000000193 ], [ -118.926941, 34.045898000000193 ], [ -118.928245999999888, 34.045670000000143 ], [ -118.928886, 34.045555 ], [ -118.929443, 34.045555 ], [ -118.929726, 34.045555 ], [ -118.931213, 34.04530700000015 ], [ -118.931389, 34.045277000000112 ], [ -118.93251, 34.044731 ], [ -118.932586999999899, 34.044651 ], [ -118.933333999999888, 34.043888000000152 ], [ -118.933891, 34.04361 ], [ -118.934692, 34.04351000000014 ], [ -118.936104, 34.043293000000119 ], [ -118.93618, 34.043228 ], [ -118.936386, 34.043056 ], [ -118.9375, 34.043056 ], [ -118.938049, 34.043377000000135 ], [ -118.939162999999894, 34.04361 ], [ -118.939445, 34.04361 ], [ -118.940269, 34.043911 ], [ -118.940360999999882, 34.04393 ], [ -118.940834, 34.04416700000013 ], [ -118.941643, 34.04451 ], [ -118.9422, 34.044678000000147 ], [ -118.942589, 34.044796000000133 ], [ -118.943611, 34.044998000000135 ], [ -118.944701999999893, 34.045288000000141 ], [ -118.945557, 34.045555 ], [ -118.945915, 34.045734 ], [ -118.941536, 34.073257 ], [ -118.941405999999859, 34.074051 ], [ -118.862251, 34.123650000000168 ], [ -118.860016, 34.125000000000114 ], [ -118.856667, 34.127251 ], [ -118.853882, 34.12875 ], [ -118.85321, 34.129089 ], [ -118.788582, 34.168659000000105 ], [ -118.788513, 34.168701000000169 ], [ -118.749694999999861, 34.168091000000175 ], [ -118.745964, 34.167934000000116 ], [ -118.745277, 34.167931 ], [ -118.730293, 34.168289000000186 ], [ -118.728621999999859, 34.168282000000147 ], [ -118.726874999999893, 34.168320000000108 ], [ -118.712524, 34.168701000000169 ], [ -118.70752, 34.168701000000169 ], [ -118.682938, 34.168419000000142 ], [ -118.670288, 34.168274 ], [ -118.669495, 34.240112 ], [ -118.664497, 34.240223000000185 ], [ -118.633987, 34.240906 ], [ -118.634247, 34.266232000000116 ], [ -118.633529999999837, 34.281681000000106 ], [ -118.637871, 34.2912520000001 ], [ -118.739853, 34.49687200000011 ], [ -118.745895, 34.509266000000139 ], [ -118.752990999999895, 34.523682 ], [ -118.756042, 34.529873 ], [ -118.760086, 34.537891000000172 ], [ -118.776519999999891, 34.569790000000182 ], [ -118.778717, 34.573429 ], [ -118.790741, 34.601219 ], [ -118.796227, 34.612152 ], [ -118.822571, 34.665001000000188 ], [ -118.833549, 34.688221000000112 ], [ -118.837936, 34.69733 ], [ -118.841239999999857, 34.70417 ], [ -118.881371, 34.788399 ], [ -118.882523127999946, 34.790981288000182 ], [ -118.894538879999914, 34.817989350000175 ], [ -118.894570327999929, 34.818063478000113 ], [ -118.894592, 34.818115 ] ] ] ] } }
]
}
