{
"type": "FeatureCollection",
"name": "LA_charging_location",
"crs": { "type": "name", "properties": { "name": "urn:ogc:def:crs:OGC:1.3:CRS84" } },
"features": [
{ "type": "Feature", "properties": { "country": "US", "state": "CA", "city": "Los Angeles", "zip": "90015", "GID_1": "USA.5_1", "GID_2": "USA.5.19_1", "NAME_1": "California", "NAME_2": "Los Angeles", "id": 1523, "ev_dc_fast_num": 0.0, "ev_level1_evse_num": 1.0, "ev_level2_evse_num": 2.0 }, "geometry": { "type": "Point", "coordinates": [ -118.2695539, 34.0401988 ] } },
{ "type": "Feature", "properties": { "country": "US", "state": "CA", "city": "Diamond Bar", "zip": "91765", "GID_1": "USA.5_1", "GID_2": "USA.5.19_1", "NAME_1": "California", "NAME_2": "Los Angeles", "id": 1524, "ev_dc_fast_num": 0.0, "ev_level1_evse_num": 14.0, "ev_level2_evse_num": 0.0 }, "geometry": { "type": "Point", "coordinates": [ -117.8290451, 34.002107 ] } },
{ "type": "Feature", "properties": { "country": "US", "state": "CA", "city": "Los Angeles", "zip": "90012", "GID_1": "USA.5_1", "GID_2": "USA.5.19_1", "NAME_1": "California", "NAME_2": "Los Angeles", "id": 1525, "ev_dc_fast_num": 0.0, "ev_level1_evse_num": 0.0, "ev_level2_evse_num": 51.0 }, "geometry": { "type": "Point", "coordinates": [ -118.248854, 34.057593 ] } },
{ "type": "Feature", "properties": { "country": "US", "state": "CA", "city": "Los Angeles", "zip": "90028", "GID_1": "USA.5_1", "GID_2": "USA.5.19_1", "NAME_1": "California", "NAME_2": "Los Angeles", "id": 1526, "ev_dc_fast_num": 0.0, "ev_level1_evse_num": 0.0, "ev_level2_evse_num": 4.0 }, "geometry": { "type": "Point", "coordinates": [ -118.3347468, 34.1022448 ] } },
{ "type": "Feature", "properties": { "country": "US", "state": "CA", "city": "Los Angeles", "zip": "90017", "GID_1": "USA.5_1", "GID_2": "USA.5.19_1", "NAME_1": "California", "NAME_2": "Los Angeles", "id": 1527, "ev_dc_fast_num": 0.0, "ev_level1_evse_num": 0.0, "ev_level2_evse_num": 4.0 }, "geometry": { "type": "Point", "coordinates": [ -118.261897, 34.047834 ] } },
{ "type": "Feature", "properties": { "country": "US", "state": "CA", "city": "El Monte", "zip": "91731", "GID_1": "USA.5_1", "GID_2": "USA.5.19_1", "NAME_1": "California", "NAME_2": "Los Angeles", "id": 1583, "ev_dc_fast_num": 0.0, "ev_level1_evse_num": 0.0, "ev_level2_evse_num": 4.0 }, "geometry": { "type": "Point", "coordinates": [ -118.064, 34.06872 ] } },
{ "type": "Feature", "properties": { "country": "US", "state": "CA", "city": "Santa Monica", "zip": "90401", "GID_1": "USA.5_1", "GID_2": "USA.5.19_1", "NAME_1": "California", "NAME_2": "Los Angeles", "id": 6377, "ev_dc_fast_num": 0.0, "ev_level1_evse_num": 0.0, "ev_level2_evse_num": 4.0 }, "geometry": { "type": "Point", "coordinates": [ -118.4936476, 34.0150669 ] } },
{ "type": "Feature", "properties": { "country": "US", "state": "CA", "city": "Sepulveda", "zip": "91343", "GID_1": "USA.5_1", "GID_2": "USA.5.19_1", "NAME_1": "California", "NAME_2": "Los Angeles", "id": 6405, "ev_dc_fast_num": 0.0, "ev_level1_evse_num": 0.0, "ev_level2_evse_num": 2.0 }, "geometry": { "type": "Point", "coordinates": [ -118.468523, 34.221913 ] } },
{ "type": "Feature", "properties": { "country": "US", "state": "CA", "city": "Pasadena", "zip": "91103", "GID_1": "USA.5_1", "GID_2": "USA.5.19_1", "NAME_1": "California", "NAME_2": "Los Angeles", "id": 6505, "ev_dc_fast_num": 0.0, "ev_level1_evse_num": 0.0, "ev_level2_evse_num": 8.0 }, "geometry": { "type": "Point", "coordinates": [ -118.147294, 34.147196 ] } },
{ "type": "Feature", "properties": { "country": "US", "state": "CA", "city": "Pasadena", "zip": "91105", "GID_1": "USA.5_1", "GID_2": "USA.5.19_1", "NAME_1": "California", "NAME_2": "Los Angeles", "id": 6506, "ev_dc_fast_num": 0.0, "ev_level1_evse_num": 0.0, "ev_level2_evse_num": 3.0 }, "geometry": { "type": "Point", "coordinates": [ -118.1522347, 34.1449545 ] } },
{ "type": "Feature", "properties": { "country": "US", "state": "CA", "city": "Pasadena", "zip": "91105", "GID_1": "USA.5_1", "GID_2": "USA.5.19_1", "NAME_1": "California", "NAME_2": "Los Angeles", "id": 6507, "ev_dc_fast_num": 0.0, "ev_level1_evse_num": 0.0, "ev_level2_evse_num": 3.0 }, "geometry": { "type": "Point", "coordinates": [ -118.1499088, 34.1446949 ] } },
{ "type": "Feature", "properties": { "country": "US", "state": "CA", "city": "Pasadena", "zip": "91101", "GID_1": "USA.5_1", "GID_2": "USA.5.19_1", "NAME_1": "California", "NAME_2": "Los Angeles", "id": 6508, "ev_dc_fast_num": 0.0, "ev_level1_evse_num": 0.0, "ev_level2_evse_num": 2.0 }, "geometry": { "type": "Point", "coordinates": [ -118.140308, 34.143124 ] } },
{ "type": "Feature", "properties": { "country": "US", "state": "CA", "city": "South Pasadena", "zip": "91030", "GID_1": "USA.5_1", "GID_2": "USA.5.19_1", "NAME_1": "California", "NAME_2": "Los Angeles", "id": 6509, "ev_dc_fast_num": 0.0, "ev_level1_evse_num": 0.0, "ev_level2_evse_num": 0.0 }, "geometry": { "type": "Point", "coordinates": [ -118.1500456, 34.1183488 ] } },
{ "type": "Feature", "properties": { "country": "US", "state": "CA", "city": "Irwindale", "zip": "91702", "GID_1": "USA.5_1", "GID_2": "USA.5.19_1", "NAME_1": "California", "NAME_2": "Los Angeles", "id": 7168, "ev_dc_fast_num": 0.0, "ev_level1_evse_num": 0.0, "ev_level2_evse_num": 0.0 }, "geometry": { "type": "Point", "coordinates": [ -117.9322433, 34.12443161 ] } },
{ "type": "Feature", "properties": { "country": "US", "state": "CA", "city": "Long Beach", "zip": "90802", "GID_1": "USA.5_1", "GID_2": "USA.5.19_1", "NAME_1": "California", "NAME_2": "Los Angeles", "id": 7172, "ev_dc_fast_num": 0.0, "ev_level1_evse_num": 0.0, "ev_level2_evse_num": 1.0 }, "geometry": { "type": "Point", "coordinates": [ -118.192, 33.7637 ] } },
{ "type": "Feature", "properties": { "country": "US", "state": "CA", "city": "Long Beach", "zip": "90834", "GID_1": "USA.5_1", "GID_2": "USA.5.19_1", "NAME_1": "California", "NAME_2": "Los Angeles", "id": 7174, "ev_dc_fast_num": 0.0, "ev_level1_evse_num": 0.0, "ev_level2_evse_num": 0.0 }, "geometry": { "type": "Point", "coordinates": [ -118.1993371, 33.7674107 ] } },
{ "type": "Feature", "properties": { "country": "US", "state": "CA", "city": "Los Angeles", "zip": "90067", "GID_1": "USA.5_1", "GID_2": "USA.5.19_1", "NAME_1": "California", "NAME_2": "Los Angeles", "id": 7177, "ev_dc_fast_num": 0.0, "ev_level1_evse_num": 4.0, "ev_level2_evse_num": 0.0 }, "geometry": { "type": "Point", "coordinates": [ -118.4186743, 34.0604643 ] } },
{ "type": "Feature", "properties": { "country": "US", "state": "CA", "city": "Los Angeles", "zip": "90045", "GID_1": "USA.5_1", "GID_2": "USA.5.19_1", "NAME_1": "California", "NAME_2": "Los Angeles", "id": 7180, "ev_dc_fast_num": 0.0, "ev_level1_evse_num": 0.0, "ev_level2_evse_num": 0.0 }, "geometry": { "type": "Point", "coordinates": [ -118.3816, 33.946207 ] } },
{ "type": "Feature", "properties": { "country": "US", "state": "CA", "city": "Los Angeles", "zip": "90045", "GID_1": "USA.5_1", "GID_2": "USA.5.19_1", "NAME_1": "California", "NAME_2": "Los Angeles", "id": 7184, "ev_dc_fast_num": 0.0, "ev_level1_evse_num": 0.0, "ev_level2_evse_num": 15.0 }, "geometry": { "type": "Point", "coordinates": [ -118.3982273, 33.9446599 ] } },
{ "type": "Feature", "properties": { "country": "US", "state": "CA", "city": "Northridge", "zip": "91324", "GID_1": "USA.5_1", "GID_2": "USA.5.19_1", "NAME_1": "California", "NAME_2": "Los Angeles", "id": 7192, "ev_dc_fast_num": 0.0, "ev_level1_evse_num": 0.0, "ev_level2_evse_num": 1.0 }, "geometry": { "type": "Point", "coordinates": [ -118.5536313, 34.2391367 ] } },
{ "type": "Feature", "properties": { "country": "US", "state": "CA", "city": "Santa Monica", "zip": "90405", "GID_1": "USA.5_1", "GID_2": "USA.5.19_1", "NAME_1": "California", "NAME_2": "Los Angeles", "id": 7229, "ev_dc_fast_num": 0.0, "ev_level1_evse_num": 0.0, "ev_level2_evse_num": 2.0 }, "geometry": { "type": "Point", "coordinates": [ -118.4487573, 34.020478 ] } },
{ "type": "Feature", "properties": { "country": "US", "state": "CA", "city": "Santa Monica", "zip": "90405", "GID_1": "USA.5_1", "GID_2": "USA.5.19_1", "NAME_1": "California", "NAME_2": "Los Angeles", "id": 7230, "ev_dc_fast_num": 0.0, "ev_level1_evse_num": 1.0, "ev_level2_evse_num": 3.0 }, "geometry": { "type": "Point", "coordinates": [ -118.4797343, 33.9986803 ] } },
{ "type": "Feature", "properties": { "country": "US", "state": "CA", "city": "Sherman Oaks", "zip": "91423", "GID_1": "USA.5_1", "GID_2": "USA.5.19_1", "NAME_1": "California", "NAME_2": "Los Angeles", "id": 7233, "ev_dc_fast_num": 0.0, "ev_level1_evse_num": 0.0, "ev_level2_evse_num": 0.0 }, "geometry": { "type": "Point", "coordinates": [ -118.432204, 34.156143 ] } },
{ "type": "Feature", "properties": { "country": "US", "state": "CA", "city": "Universal City", "zip": "91608", "GID_1": "USA.5_1", "GID_2": "USA.5.19_1", "NAME_1": "California", "NAME_2": "Los Angeles", "id": 7242, "ev_dc_fast_num": 0.0, "ev_level1_evse_num": 0.0, "ev_level2_evse_num": 1.0 }, "geometry": { "type": "Point", "coordinates": [ -118.3518, 34.1406014 ] } },
{ "type": "Feature", "properties": { "country": "US", "state": "CA", "city": "Van Nuys", "zip": "91405", "GID_1": "USA.5_1", "GID_2": "USA.5.19_1", "NAME_1": "California", "NAME_2": "Los Angeles", "id": 7245, "ev_dc_fast_num": 0.0, "ev_level1_evse_num": 0.0, "ev_level2_evse_num": 2.0 }, "geometry": { "type": "Point", "coordinates": [ -118.4486101, 34.2097895 ] } },
{ "type": "Feature", "properties": { "country": "US", "state": "CA", "city": "Los Angeles", "zip": "90036", "GID_1": "USA.5_1", "GID_2": "USA.5.19_1", "NAME_1": "California", "NAME_2": "Los Angeles", "id": 7249, "ev_dc_fast_num": 0.0, "ev_level1_evse_num": 0.0, "ev_level2_evse_num": 0.0 }, "geometry": { "type": "Point", "coordinates": [ -118.350951, 34.062928 ] } },
{ "type": "Feature", "properties": { "country": "US", "state": "CA", "city": "Downey", "zip": "90241", "GID_1": "USA.5_1", "GID_2": "USA.5.19_1", "NAME_1": "California", "NAME_2": "Los Angeles", "id": 7250, "ev_dc_fast_num": 0.0, "ev_level1_evse_num": 0.0, "ev_level2_evse_num": 1.0 }, "geometry": { "type": "Point", "coordinates": [ -118.1571511, 33.9484681 ] } },
{ "type": "Feature", "properties": { "country": "US", "state": "CA", "city": "Lancaster", "zip": "93534", "GID_1": "USA.5_1", "GID_2": "USA.5.19_1", "NAME_1": "California", "NAME_2": "Los Angeles", "id": 7275, "ev_dc_fast_num": 0.0, "ev_level1_evse_num": 0.0, "ev_level2_evse_num": 3.0 }, "geometry": { "type": "Point", "coordinates": [ -118.1447125, 34.6985964 ] } },
{ "type": "Feature", "properties": { "country": "US", "state": "CA", "city": "Lancaster", "zip": "93534", "GID_1": "USA.5_1", "GID_2": "USA.5.19_1", "NAME_1": "California", "NAME_2": "Los Angeles", "id": 7276, "ev_dc_fast_num": 0.0, "ev_level1_evse_num": 1.0, "ev_level2_evse_num": 4.0 }, "geometry": { "type": "Point", "coordinates": [ -118.1366666, 34.6967918 ] } },
{ "type": "Feature", "properties": { "country": "US", "state": "CA", "city": "Los Angeles", "zip": "90048", "GID_1": "USA.5_1", "GID_2": "USA.5.19_1", "NAME_1": "California", "NAME_2": "Los Angeles", "id": 21368, "ev_dc_fast_num": 0.0, "ev_level1_evse_num": 0.0, "ev_level2_evse_num": 2.0 }, "geometry": { "type": "Point", "coordinates": [ -118.377, 34.07631 ] } },
{ "type": "Feature", "properties": { "country": "US", "state": "CA", "city": "Los Angeles", "zip": "90048", "GID_1": "USA.5_1", "GID_2": "USA.5.19_1", "NAME_1": "California", "NAME_2": "Los Angeles", "id": 21369, "ev_dc_fast_num": 0.0, "ev_level1_evse_num": 0.0, "ev_level2_evse_num": 0.0 }, "geometry": { "type": "Point", "coordinates": [ -118.3767587, 34.0700473 ] } },
{ "type": "Feature", "properties": { "country": "US", "state": "CA", "city": "Los Angeles", "zip": "90012", "GID_1": "USA.5_1", "GID_2": "USA.5.19_1", "NAME_1": "California", "NAME_2": "Los Angeles", "id": 21374, "ev_dc_fast_num": 0.0, "ev_level1_evse_num": 0.0, "ev_level2_evse_num": 3.0 }, "geometry": { "type": "Point", "coordinates": [ -118.2477379, 34.0577972 ] } },
{ "type": "Feature", "properties": { "country": "US", "state": "CA", "city": "Encino", "zip": "91436", "GID_1": "USA.5_1", "GID_2": "USA.5.19_1", "NAME_1": "California", "NAME_2": "Los Angeles", "id": 21383, "ev_dc_fast_num": 0.0, "ev_level1_evse_num": 0.0, "ev_level2_evse_num": 2.0 }, "geometry": { "type": "Point", "coordinates": [ -118.498753, 34.174104 ] } },
{ "type": "Feature", "properties": { "country": "US", "state": "CA", "city": "Hollywood", "zip": "90028", "GID_1": "USA.5_1", "GID_2": "USA.5.19_1", "NAME_1": "California", "NAME_2": "Los Angeles", "id": 21388, "ev_dc_fast_num": 0.0, "ev_level1_evse_num": 0.0, "ev_level2_evse_num": 2.0 }, "geometry": { "type": "Point", "coordinates": [ -118.331, 34.097928 ] } },
{ "type": "Feature", "properties": { "country": "US", "state": "CA", "city": "Los Angeles", "zip": "90017", "GID_1": "USA.5_1", "GID_2": "USA.5.19_1", "NAME_1": "California", "NAME_2": "Los Angeles", "id": 21394, "ev_dc_fast_num": 0.0, "ev_level1_evse_num": 0.0, "ev_level2_evse_num": 2.0 }, "geometry": { "type": "Point", "coordinates": [ -118.295405, 34.098146 ] } },
{ "type": "Feature", "properties": { "country": "US", "state": "CA", "city": "Northridge", "zip": "91330", "GID_1": "USA.5_1", "GID_2": "USA.5.19_1", "NAME_1": "California", "NAME_2": "Los Angeles", "id": 21395, "ev_dc_fast_num": 0.0, "ev_level1_evse_num": 0.0, "ev_level2_evse_num": 2.0 }, "geometry": { "type": "Point", "coordinates": [ -118.524, 34.24876 ] } },
{ "type": "Feature", "properties": { "country": "US", "state": "CA", "city": "Northridge", "zip": "91330", "GID_1": "USA.5_1", "GID_2": "USA.5.19_1", "NAME_1": "California", "NAME_2": "Los Angeles", "id": 21396, "ev_dc_fast_num": 0.0, "ev_level1_evse_num": 0.0, "ev_level2_evse_num": 2.0 }, "geometry": { "type": "Point", "coordinates": [ -118.533, 34.23933 ] } },
{ "type": "Feature", "properties": { "country": "US", "state": "CA", "city": "Northridge", "zip": "91330", "GID_1": "USA.5_1", "GID_2": "USA.5.19_1", "NAME_1": "California", "NAME_2": "Los Angeles", "id": 21397, "ev_dc_fast_num": 0.0, "ev_level1_evse_num": 0.0, "ev_level2_evse_num": 2.0 }, "geometry": { "type": "Point", "coordinates": [ -118.524, 34.24601 ] } },
{ "type": "Feature", "properties": { "country": "US", "state": "CA", "city": "Northridge", "zip": "91324", "GID_1": "USA.5_1", "GID_2": "USA.5.19_1", "NAME_1": "California", "NAME_2": "Los Angeles", "id": 21398, "ev_dc_fast_num": 0.0, "ev_level1_evse_num": 0.0, "ev_level2_evse_num": 2.0 }, "geometry": { "type": "Point", "coordinates": [ -118.5448443, 34.2297918 ] } },
{ "type": "Feature", "properties": { "country": "US", "state": "CA", "city": "San Pedro", "zip": "90731", "GID_1": "USA.5_1", "GID_2": "USA.5.19_1", "NAME_1": "California", "NAME_2": "Los Angeles", "id": 21402, "ev_dc_fast_num": 0.0, "ev_level1_evse_num": 0.0, "ev_level2_evse_num": 4.0 }, "geometry": { "type": "Point", "coordinates": [ -118.2816326, 33.7404816 ] } },
{ "type": "Feature", "properties": { "country": "US", "state": "CA", "city": "Los Angeles", "zip": "90044", "GID_1": "USA.5_1", "GID_2": "USA.5.19_1", "NAME_1": "California", "NAME_2": "Los Angeles", "id": 21405, "ev_dc_fast_num": 0.0, "ev_level1_evse_num": 0.0, "ev_level2_evse_num": 0.0 }, "geometry": { "type": "Point", "coordinates": [ -118.2917688, 33.9610886 ] } },
{ "type": "Feature", "properties": { "country": "US", "state": "CA", "city": "Los Angeles", "zip": "90089", "GID_1": "USA.5_1", "GID_2": "USA.5.19_1", "NAME_1": "California", "NAME_2": "Los Angeles", "id": 21407, "ev_dc_fast_num": 0.0, "ev_level1_evse_num": 0.0, "ev_level2_evse_num": 2.0 }, "geometry": { "type": "Point", "coordinates": [ -118.2878389, 34.0234615 ] } },
{ "type": "Feature", "properties": { "country": "US", "state": "CA", "city": "San Fernando", "zip": "91342", "GID_1": "USA.5_1", "GID_2": "USA.5.19_1", "NAME_1": "California", "NAME_2": "Los Angeles", "id": 21414, "ev_dc_fast_num": 0.0, "ev_level1_evse_num": 0.0, "ev_level2_evse_num": 2.0 }, "geometry": { "type": "Point", "coordinates": [ -118.4482914, 34.2917388 ] } },
{ "type": "Feature", "properties": { "country": "US", "state": "CA", "city": "Los Angeles", "zip": "90049", "GID_1": "USA.5_1", "GID_2": "USA.5.19_1", "NAME_1": "California", "NAME_2": "Los Angeles", "id": 21419, "ev_dc_fast_num": 0.0, "ev_level1_evse_num": 2.0, "ev_level2_evse_num": 0.0 }, "geometry": { "type": "Point", "coordinates": [ -118.4750027, 34.0783652 ] } },
{ "type": "Feature", "properties": { "country": "US", "state": "CA", "city": "Arcadia", "zip": "91007", "GID_1": "USA.5_1", "GID_2": "USA.5.19_1", "NAME_1": "California", "NAME_2": "Los Angeles", "id": 21450, "ev_dc_fast_num": 0.0, "ev_level1_evse_num": 0.0, "ev_level2_evse_num": 3.0 }, "geometry": { "type": "Point", "coordinates": [ -118.05079, 34.1448511 ] } },
{ "type": "Feature", "properties": { "country": "US", "state": "CA", "city": "Carson", "zip": "90747", "GID_1": "USA.5_1", "GID_2": "USA.5.19_1", "NAME_1": "California", "NAME_2": "Los Angeles", "id": 21457, "ev_dc_fast_num": 0.0, "ev_level1_evse_num": 0.0, "ev_level2_evse_num": 1.0 }, "geometry": { "type": "Point", "coordinates": [ -118.2546498, 33.8672351 ] } },
{ "type": "Feature", "properties": { "country": "US", "state": "CA", "city": "Carson", "zip": "90747", "GID_1": "USA.5_1", "GID_2": "USA.5.19_1", "NAME_1": "California", "NAME_2": "Los Angeles", "id": 21459, "ev_dc_fast_num": 0.0, "ev_level1_evse_num": 0.0, "ev_level2_evse_num": 2.0 }, "geometry": { "type": "Point", "coordinates": [ -118.2546498, 33.8672351 ] } },
{ "type": "Feature", "properties": { "country": "US", "state": "CA", "city": "El Segundo", "zip": "90245", "GID_1": "USA.5_1", "GID_2": "USA.5.19_1", "NAME_1": "California", "NAME_2": "Los Angeles", "id": 21497, "ev_dc_fast_num": 0.0, "ev_level1_evse_num": 0.0, "ev_level2_evse_num": 3.0 }, "geometry": { "type": "Point", "coordinates": [ -118.400744, 33.930574 ] } },
{ "type": "Feature", "properties": { "country": "US", "state": "CA", "city": "Glendora", "zip": "91741", "GID_1": "USA.5_1", "GID_2": "USA.5.19_1", "NAME_1": "California", "NAME_2": "Los Angeles", "id": 21498, "ev_dc_fast_num": 0.0, "ev_level1_evse_num": 0.0, "ev_level2_evse_num": 2.0 }, "geometry": { "type": "Point", "coordinates": [ -117.864, 34.13556 ] } },
{ "type": "Feature", "properties": { "country": "US", "state": "CA", "city": "Pasadena", "zip": "91106", "GID_1": "USA.5_1", "GID_2": "USA.5.19_1", "NAME_1": "California", "NAME_2": "Los Angeles", "id": 21516, "ev_dc_fast_num": 0.0, "ev_level1_evse_num": 0.0, "ev_level2_evse_num": 1.0 }, "geometry": { "type": "Point", "coordinates": [ -118.1226044, 34.1394768 ] } },
{ "type": "Feature", "properties": { "country": "US", "state": "CA", "city": "Culver City", "zip": "90230", "GID_1": "USA.5_1", "GID_2": "USA.5.19_1", "NAME_1": "California", "NAME_2": "Los Angeles", "id": 21524, "ev_dc_fast_num": 0.0, "ev_level1_evse_num": 0.0, "ev_level2_evse_num": 2.0 }, "geometry": { "type": "Point", "coordinates": [ -118.3966, 33.9826 ] } },
{ "type": "Feature", "properties": { "country": "US", "state": "CA", "city": "San Dimas", "zip": "91773", "GID_1": "USA.5_1", "GID_2": "USA.5.19_1", "NAME_1": "California", "NAME_2": "Los Angeles", "id": 21569, "ev_dc_fast_num": 0.0, "ev_level1_evse_num": 0.0, "ev_level2_evse_num": 2.0 }, "geometry": { "type": "Point", "coordinates": [ -117.807471, 34.105203 ] } },
{ "type": "Feature", "properties": { "country": "US", "state": "CA", "city": "Santa Monica", "zip": "90401", "GID_1": "USA.5_1", "GID_2": "USA.5.19_1", "NAME_1": "California", "NAME_2": "Los Angeles", "id": 21575, "ev_dc_fast_num": 0.0, "ev_level1_evse_num": 0.0, "ev_level2_evse_num": 2.0 }, "geometry": { "type": "Point", "coordinates": [ -118.4928, 34.00907 ] } },
{ "type": "Feature", "properties": { "country": "US", "state": "CA", "city": "Torrance", "zip": "90505", "GID_1": "USA.5_1", "GID_2": "USA.5.19_1", "NAME_1": "California", "NAME_2": "Los Angeles", "id": 21579, "ev_dc_fast_num": 0.0, "ev_level1_evse_num": 0.0, "ev_level2_evse_num": 2.0 }, "geometry": { "type": "Point", "coordinates": [ -118.334384, 33.805145 ] } },
{ "type": "Feature", "properties": { "country": "US", "state": "CA", "city": "West Covina", "zip": "91790", "GID_1": "USA.5_1", "GID_2": "USA.5.19_1", "NAME_1": "California", "NAME_2": "Los Angeles", "id": 21586, "ev_dc_fast_num": 0.0, "ev_level1_evse_num": 0.0, "ev_level2_evse_num": 1.0 }, "geometry": { "type": "Point", "coordinates": [ -117.934368, 34.0686969 ] } },
{ "type": "Feature", "properties": { "country": "US", "state": "CA", "city": "West Covina", "zip": "91790", "GID_1": "USA.5_1", "GID_2": "USA.5.19_1", "NAME_1": "California", "NAME_2": "Los Angeles", "id": 21587, "ev_dc_fast_num": 0.0, "ev_level1_evse_num": 0.0, "ev_level2_evse_num": 2.0 }, "geometry": { "type": "Point", "coordinates": [ -117.9387946, 34.0715522 ] } },
{ "type": "Feature", "properties": { "country": "US", "state": "CA", "city": "Pasadena", "zip": "91101", "GID_1": "USA.5_1", "GID_2": "USA.5.19_1", "NAME_1": "California", "NAME_2": "Los Angeles", "id": 21594, "ev_dc_fast_num": 0.0, "ev_level1_evse_num": 0.0, "ev_level2_evse_num": 2.0 }, "geometry": { "type": "Point", "coordinates": [ -118.1368866, 34.1474556 ] } },
{ "type": "Feature", "properties": { "country": "US", "state": "CA", "city": "Baldwin Park", "zip": "91706", "GID_1": "USA.5_1", "GID_2": "USA.5.19_1", "NAME_1": "California", "NAME_2": "Los Angeles", "id": 21792, "ev_dc_fast_num": 0.0, "ev_level1_evse_num": 0.0, "ev_level2_evse_num": 0.0 }, "geometry": { "type": "Point", "coordinates": [ -117.9586829, 34.0848329 ] } },
{ "type": "Feature", "properties": { "country": "US", "state": "CA", "city": "Los Angeles", "zip": "90045", "GID_1": "USA.5_1", "GID_2": "USA.5.19_1", "NAME_1": "California", "NAME_2": "Los Angeles", "id": 28007, "ev_dc_fast_num": 0.0, "ev_level1_evse_num": 0.0, "ev_level2_evse_num": 13.0 }, "geometry": { "type": "Point", "coordinates": [ -118.4, 33.94474 ] } },
{ "type": "Feature", "properties": { "country": "US", "state": "CA", "city": "Pasadena", "zip": "91106", "GID_1": "USA.5_1", "GID_2": "USA.5.19_1", "NAME_1": "California", "NAME_2": "Los Angeles", "id": 28008, "ev_dc_fast_num": 0.0, "ev_level1_evse_num": 0.0, "ev_level2_evse_num": 2.0 }, "geometry": { "type": "Point", "coordinates": [ -118.1282761, 34.1384874 ] } },
{ "type": "Feature", "properties": { "country": "US", "state": "CA", "city": "West Hollywood", "zip": "90069", "GID_1": "USA.5_1", "GID_2": "USA.5.19_1", "NAME_1": "California", "NAME_2": "Los Angeles", "id": 33547, "ev_dc_fast_num": 0.0, "ev_level1_evse_num": 0.0, "ev_level2_evse_num": 2.0 }, "geometry": { "type": "Point", "coordinates": [ -118.351258, 34.092549 ] } },
{ "type": "Feature", "properties": { "country": "US", "state": "CA", "city": "Lakewood", "zip": "90712", "GID_1": "USA.5_1", "GID_2": "USA.5.19_1", "NAME_1": "California", "NAME_2": "Los Angeles", "id": 33564, "ev_dc_fast_num": 0.0, "ev_level1_evse_num": 0.0, "ev_level2_evse_num": 2.0 }, "geometry": { "type": "Point", "coordinates": [ -118.13889, 33.84788 ] } },
{ "type": "Feature", "properties": { "country": "US", "state": "CA", "city": "Santa Monica", "zip": "90404", "GID_1": "USA.5_1", "GID_2": "USA.5.19_1", "NAME_1": "California", "NAME_2": "Los Angeles", "id": 33679, "ev_dc_fast_num": 0.0, "ev_level1_evse_num": 0.0, "ev_level2_evse_num": 2.0 }, "geometry": { "type": "Point", "coordinates": [ -118.4687695, 34.0220292 ] } },
{ "type": "Feature", "properties": { "country": "US", "state": "CA", "city": "Sylmar", "zip": "91342", "GID_1": "USA.5_1", "GID_2": "USA.5.19_1", "NAME_1": "California", "NAME_2": "Los Angeles", "id": 33683, "ev_dc_fast_num": 0.0, "ev_level1_evse_num": 0.0, "ev_level2_evse_num": 0.0 }, "geometry": { "type": "Point", "coordinates": [ -118.394014, 34.272812 ] } },
{ "type": "Feature", "properties": { "country": "US", "state": "CA", "city": "Santa Monica", "zip": "90403", "GID_1": "USA.5_1", "GID_2": "USA.5.19_1", "NAME_1": "California", "NAME_2": "Los Angeles", "id": 33706, "ev_dc_fast_num": 0.0, "ev_level1_evse_num": 0.0, "ev_level2_evse_num": 1.0 }, "geometry": { "type": "Point", "coordinates": [ -118.498017, 34.030347 ] } },
{ "type": "Feature", "properties": { "country": "US", "state": "CA", "city": "Santa Monica", "zip": "90401", "GID_1": "USA.5_1", "GID_2": "USA.5.19_1", "NAME_1": "California", "NAME_2": "Los Angeles", "id": 38515, "ev_dc_fast_num": 0.0, "ev_level1_evse_num": 0.0, "ev_level2_evse_num": 3.0 }, "geometry": { "type": "Point", "coordinates": [ -118.4896573, 34.0089789 ] } },
{ "type": "Feature", "properties": { "country": "US", "state": "CA", "city": "Santa Monica", "zip": "90401", "GID_1": "USA.5_1", "GID_2": "USA.5.19_1", "NAME_1": "California", "NAME_2": "Los Angeles", "id": 38521, "ev_dc_fast_num": 0.0, "ev_level1_evse_num": 0.0, "ev_level2_evse_num": 7.0 }, "geometry": { "type": "Point", "coordinates": [ -118.4898, 34.010528 ] } },
{ "type": "Feature", "properties": { "country": "US", "state": "CA", "city": "Los Angeles", "zip": "90067", "GID_1": "USA.5_1", "GID_2": "USA.5.19_1", "NAME_1": "California", "NAME_2": "Los Angeles", "id": 38909, "ev_dc_fast_num": 0.0, "ev_level1_evse_num": 1.0, "ev_level2_evse_num": 4.0 }, "geometry": { "type": "Point", "coordinates": [ -118.4147379, 34.0609111 ] } },
{ "type": "Feature", "properties": { "country": "US", "state": "CA", "city": "Los Angeles", "zip": "90032", "GID_1": "USA.5_1", "GID_2": "USA.5.19_1", "NAME_1": "California", "NAME_2": "Los Angeles", "id": 38910, "ev_dc_fast_num": 0.0, "ev_level1_evse_num": 0.0, "ev_level2_evse_num": 30.0 }, "geometry": { "type": "Point", "coordinates": [ -118.1736142, 34.0621924 ] } },
{ "type": "Feature", "properties": { "country": "US", "state": "CA", "city": "Pasadena", "zip": "91106", "GID_1": "USA.5_1", "GID_2": "USA.5.19_1", "NAME_1": "California", "NAME_2": "Los Angeles", "id": 38920, "ev_dc_fast_num": 0.0, "ev_level1_evse_num": 1.0, "ev_level2_evse_num": 1.0 }, "geometry": { "type": "Point", "coordinates": [ -118.1210632, 34.1451874 ] } },
{ "type": "Feature", "properties": { "country": "US", "state": "CA", "city": "Pasadena", "zip": "91106", "GID_1": "USA.5_1", "GID_2": "USA.5.19_1", "NAME_1": "California", "NAME_2": "Los Angeles", "id": 38921, "ev_dc_fast_num": 0.0, "ev_level1_evse_num": 1.0, "ev_level2_evse_num": 1.0 }, "geometry": { "type": "Point", "coordinates": [ -118.1210632, 34.14518738 ] } },
{ "type": "Feature", "properties": { "country": "US", "state": "CA", "city": "Pasadena", "zip": "91106", "GID_1": "USA.5_1", "GID_2": "USA.5.19_1", "NAME_1": "California", "NAME_2": "Los Angeles", "id": 38922, "ev_dc_fast_num": 0.0, "ev_level1_evse_num": 2.0, "ev_level2_evse_num": 2.0 }, "geometry": { "type": "Point", "coordinates": [ -118.1203441, 34.1431331 ] } },
{ "type": "Feature", "properties": { "country": "US", "state": "CA", "city": "Pasadena", "zip": "91106", "GID_1": "USA.5_1", "GID_2": "USA.5.19_1", "NAME_1": "California", "NAME_2": "Los Angeles", "id": 38923, "ev_dc_fast_num": 0.0, "ev_level1_evse_num": 1.0, "ev_level2_evse_num": 1.0 }, "geometry": { "type": "Point", "coordinates": [ -118.1166458, 34.14369583 ] } },
{ "type": "Feature", "properties": { "country": "US", "state": "CA", "city": "Santa Monica", "zip": "90401", "GID_1": "USA.5_1", "GID_2": "USA.5.19_1", "NAME_1": "California", "NAME_2": "Los Angeles", "id": 38935, "ev_dc_fast_num": 0.0, "ev_level1_evse_num": 2.0, "ev_level2_evse_num": 2.0 }, "geometry": { "type": "Point", "coordinates": [ -118.4953392, 34.0160161 ] } },
{ "type": "Feature", "properties": { "country": "US", "state": "CA", "city": "Alhambra", "zip": "91801", "GID_1": "USA.5_1", "GID_2": "USA.5.19_1", "NAME_1": "California", "NAME_2": "Los Angeles", "id": 39869, "ev_dc_fast_num": 0.0, "ev_level1_evse_num": 0.0, "ev_level2_evse_num": 1.0 }, "geometry": { "type": "Point", "coordinates": [ -118.11915, 34.098325 ] } },
{ "type": "Feature", "properties": { "country": "US", "state": "CA", "city": "Carson", "zip": "90745", "GID_1": "USA.5_1", "GID_2": "USA.5.19_1", "NAME_1": "California", "NAME_2": "Los Angeles", "id": 39873, "ev_dc_fast_num": 1.0, "ev_level1_evse_num": 0.0, "ev_level2_evse_num": 1.0 }, "geometry": { "type": "Point", "coordinates": [ -118.245666, 33.8249799 ] } },
{ "type": "Feature", "properties": { "country": "US", "state": "CA", "city": "Cerritos", "zip": "90703", "GID_1": "USA.5_1", "GID_2": "USA.5.19_1", "NAME_1": "California", "NAME_2": "Los Angeles", "id": 39875, "ev_dc_fast_num": 0.0, "ev_level1_evse_num": 0.0, "ev_level2_evse_num": 1.0 }, "geometry": { "type": "Point", "coordinates": [ -118.100502, 33.861398 ] } },
{ "type": "Feature", "properties": { "country": "US", "state": "CA", "city": "City of Industry", "zip": "91748", "GID_1": "USA.5_1", "GID_2": "USA.5.19_1", "NAME_1": "California", "NAME_2": "Los Angeles", "id": 39877, "ev_dc_fast_num": 0.0, "ev_level1_evse_num": 0.0, "ev_level2_evse_num": 1.0 }, "geometry": { "type": "Point", "coordinates": [ -117.927915, 33.997526 ] } },
{ "type": "Feature", "properties": { "country": "US", "state": "CA", "city": "Downey", "zip": "90241", "GID_1": "USA.5_1", "GID_2": "USA.5.19_1", "NAME_1": "California", "NAME_2": "Los Angeles", "id": 39884, "ev_dc_fast_num": 0.0, "ev_level1_evse_num": 0.0, "ev_level2_evse_num": 1.0 }, "geometry": { "type": "Point", "coordinates": [ -118.145718, 33.946204 ] } },
{ "type": "Feature", "properties": { "country": "US", "state": "CA", "city": "Duarte", "zip": "91010", "GID_1": "USA.5_1", "GID_2": "USA.5.19_1", "NAME_1": "California", "NAME_2": "Los Angeles", "id": 39885, "ev_dc_fast_num": 0.0, "ev_level1_evse_num": 0.0, "ev_level2_evse_num": 1.0 }, "geometry": { "type": "Point", "coordinates": [ -117.9775409, 34.1367157 ] } },
{ "type": "Feature", "properties": { "country": "US", "state": "CA", "city": "El Monte", "zip": "91731", "GID_1": "USA.5_1", "GID_2": "USA.5.19_1", "NAME_1": "California", "NAME_2": "Los Angeles", "id": 39887, "ev_dc_fast_num": 1.0, "ev_level1_evse_num": 0.0, "ev_level2_evse_num": 1.0 }, "geometry": { "type": "Point", "coordinates": [ -118.0269577, 34.0695016 ] } },
{ "type": "Feature", "properties": { "country": "US", "state": "CA", "city": "Gardena", "zip": "90247", "GID_1": "USA.5_1", "GID_2": "USA.5.19_1", "NAME_1": "California", "NAME_2": "Los Angeles", "id": 39896, "ev_dc_fast_num": 0.0, "ev_level1_evse_num": 0.0, "ev_level2_evse_num": 1.0 }, "geometry": { "type": "Point", "coordinates": [ -118.3068059, 33.8890744 ] } },
{ "type": "Feature", "properties": { "country": "US", "state": "CA", "city": "Glendale", "zip": "91204", "GID_1": "USA.5_1", "GID_2": "USA.5.19_1", "NAME_1": "California", "NAME_2": "Los Angeles", "id": 39898, "ev_dc_fast_num": 0.0, "ev_level1_evse_num": 0.0, "ev_level2_evse_num": 1.0 }, "geometry": { "type": "Point", "coordinates": [ -118.2551585, 34.1370361 ] } },
{ "type": "Feature", "properties": { "country": "US", "state": "CA", "city": "Hawthorne", "zip": "90250", "GID_1": "USA.5_1", "GID_2": "USA.5.19_1", "NAME_1": "California", "NAME_2": "Los Angeles", "id": 39900, "ev_dc_fast_num": 0.0, "ev_level1_evse_num": 0.0, "ev_level2_evse_num": 1.0 }, "geometry": { "type": "Point", "coordinates": [ -118.371545, 33.898998 ] } },
{ "type": "Feature", "properties": { "country": "US", "state": "CA", "city": "Los Angeles", "zip": "90015", "GID_1": "USA.5_1", "GID_2": "USA.5.19_1", "NAME_1": "California", "NAME_2": "Los Angeles", "id": 39906, "ev_dc_fast_num": 0.0, "ev_level1_evse_num": 0.0, "ev_level2_evse_num": 1.0 }, "geometry": { "type": "Point", "coordinates": [ -118.2723323, 34.0345547 ] } },
{ "type": "Feature", "properties": { "country": "US", "state": "CA", "city": "Los Angeles", "zip": "90068", "GID_1": "USA.5_1", "GID_2": "USA.5.19_1", "NAME_1": "California", "NAME_2": "Los Angeles", "id": 39907, "ev_dc_fast_num": 1.0, "ev_level1_evse_num": 0.0, "ev_level2_evse_num": 1.0 }, "geometry": { "type": "Point", "coordinates": [ -118.3574505, 34.1338909 ] } },
{ "type": "Feature", "properties": { "country": "US", "state": "CA", "city": "Mission Hills", "zip": "91345", "GID_1": "USA.5_1", "GID_2": "USA.5.19_1", "NAME_1": "California", "NAME_2": "Los Angeles", "id": 39910, "ev_dc_fast_num": 0.0, "ev_level1_evse_num": 0.0, "ev_level2_evse_num": 1.0 }, "geometry": { "type": "Point", "coordinates": [ -118.4671724, 34.2705668 ] } },
{ "type": "Feature", "properties": { "country": "US", "state": "CA", "city": "Palmdale", "zip": "93551", "GID_1": "USA.5_1", "GID_2": "USA.5.19_1", "NAME_1": "California", "NAME_2": "Los Angeles", "id": 39919, "ev_dc_fast_num": 0.0, "ev_level1_evse_num": 0.0, "ev_level2_evse_num": 2.0 }, "geometry": { "type": "Point", "coordinates": [ -118.1382715, 34.5911968 ] } },
{ "type": "Feature", "properties": { "country": "US", "state": "CA", "city": "Van Nuys", "zip": "91401", "GID_1": "USA.5_1", "GID_2": "USA.5.19_1", "NAME_1": "California", "NAME_2": "Los Angeles", "id": 39945, "ev_dc_fast_num": 1.0, "ev_level1_evse_num": 0.0, "ev_level2_evse_num": 1.0 }, "geometry": { "type": "Point", "coordinates": [ -118.44924, 34.169219 ] } },
{ "type": "Feature", "properties": { "country": "US", "state": "CA", "city": "Valencia", "zip": "91355", "GID_1": "USA.5_1", "GID_2": "USA.5.19_1", "NAME_1": "California", "NAME_2": "Los Angeles", "id": 39954, "ev_dc_fast_num": 0.0, "ev_level1_evse_num": 0.0, "ev_level2_evse_num": 1.0 }, "geometry": { "type": "Point", "coordinates": [ -118.557603, 34.420859 ] } },
{ "type": "Feature", "properties": { "country": "US", "state": "CA", "city": "West Covina", "zip": "91791", "GID_1": "USA.5_1", "GID_2": "USA.5.19_1", "NAME_1": "California", "NAME_2": "Los Angeles", "id": 39959, "ev_dc_fast_num": 0.0, "ev_level1_evse_num": 0.0, "ev_level2_evse_num": 1.0 }, "geometry": { "type": "Point", "coordinates": [ -117.8902984, 34.0740776 ] } },
{ "type": "Feature", "properties": { "country": "US", "state": "CA", "city": "Los Angeles", "zip": "90071", "GID_1": "USA.5_1", "GID_2": "USA.5.19_1", "NAME_1": "California", "NAME_2": "Los Angeles", "id": 40396, "ev_dc_fast_num": 0.0, "ev_level1_evse_num": 0.0, "ev_level2_evse_num": 10.0 }, "geometry": { "type": "Point", "coordinates": [ -118.2532569, 34.0535161 ] } },
{ "type": "Feature", "properties": { "country": "US", "state": "CA", "city": "Los Angeles", "zip": "90067", "GID_1": "USA.5_1", "GID_2": "USA.5.19_1", "NAME_1": "California", "NAME_2": "Los Angeles", "id": 40397, "ev_dc_fast_num": 0.0, "ev_level1_evse_num": 1.0, "ev_level2_evse_num": 5.0 }, "geometry": { "type": "Point", "coordinates": [ -118.4139679, 34.059422 ] } },
{ "type": "Feature", "properties": { "country": "US", "state": "CA", "city": "Los Angeles", "zip": "90067", "GID_1": "USA.5_1", "GID_2": "USA.5.19_1", "NAME_1": "California", "NAME_2": "Los Angeles", "id": 40398, "ev_dc_fast_num": 0.0, "ev_level1_evse_num": 1.0, "ev_level2_evse_num": 5.0 }, "geometry": { "type": "Point", "coordinates": [ -118.4132941, 34.0587929 ] } },
{ "type": "Feature", "properties": { "country": "US", "state": "CA", "city": "Los Angeles", "zip": "90067", "GID_1": "USA.5_1", "GID_2": "USA.5.19_1", "NAME_1": "California", "NAME_2": "Los Angeles", "id": 40399, "ev_dc_fast_num": 0.0, "ev_level1_evse_num": 1.0, "ev_level2_evse_num": 4.0 }, "geometry": { "type": "Point", "coordinates": [ -118.4148123, 34.0582009 ] } },
{ "type": "Feature", "properties": { "country": "US", "state": "CA", "city": "Diamond Bar", "zip": "91765", "GID_1": "USA.5_1", "GID_2": "USA.5.19_1", "NAME_1": "California", "NAME_2": "Los Angeles", "id": 41315, "ev_dc_fast_num": 0.0, "ev_level1_evse_num": 2.0, "ev_level2_evse_num": 8.0 }, "geometry": { "type": "Point", "coordinates": [ -117.8290451, 34.002107 ] } },
{ "type": "Feature", "properties": { "country": "US", "state": "CA", "city": "Los Angeles", "zip": "90067", "GID_1": "USA.5_1", "GID_2": "USA.5.19_1", "NAME_1": "California", "NAME_2": "Los Angeles", "id": 41642, "ev_dc_fast_num": 0.0, "ev_level1_evse_num": 0.0, "ev_level2_evse_num": 6.0 }, "geometry": { "type": "Point", "coordinates": [ -118.417422, 34.057121 ] } },
{ "type": "Feature", "properties": { "country": "US", "state": "CA", "city": "Claremont", "zip": "91711", "GID_1": "USA.5_1", "GID_2": "USA.5.19_1", "NAME_1": "California", "NAME_2": "Los Angeles", "id": 41786, "ev_dc_fast_num": 0.0, "ev_level1_evse_num": 3.0, "ev_level2_evse_num": 3.0 }, "geometry": { "type": "Point", "coordinates": [ -117.7109222, 34.0948181 ] } },
{ "type": "Feature", "properties": { "country": "US", "state": "CA", "city": "Culver City", "zip": "90232", "GID_1": "USA.5_1", "GID_2": "USA.5.19_1", "NAME_1": "California", "NAME_2": "Los Angeles", "id": 41787, "ev_dc_fast_num": 0.0, "ev_level1_evse_num": 0.0, "ev_level2_evse_num": 1.0 }, "geometry": { "type": "Point", "coordinates": [ -118.3807907, 34.0255547 ] } },
{ "type": "Feature", "properties": { "country": "US", "state": "CA", "city": "Los Angeles", "zip": "90017", "GID_1": "USA.5_1", "GID_2": "USA.5.19_1", "NAME_1": "California", "NAME_2": "Los Angeles", "id": 41791, "ev_dc_fast_num": 0.0, "ev_level1_evse_num": 0.0, "ev_level2_evse_num": 8.0 }, "geometry": { "type": "Point", "coordinates": [ -118.262986, 34.0490432 ] } },
{ "type": "Feature", "properties": { "country": "US", "state": "CA", "city": "Los Angeles", "zip": "90095", "GID_1": "USA.5_1", "GID_2": "USA.5.19_1", "NAME_1": "California", "NAME_2": "Los Angeles", "id": 41792, "ev_dc_fast_num": 0.0, "ev_level1_evse_num": 2.0, "ev_level2_evse_num": 2.0 }, "geometry": { "type": "Point", "coordinates": [ -118.4450555, 34.0681187 ] } },
{ "type": "Feature", "properties": { "country": "US", "state": "CA", "city": "Los Angeles", "zip": "90095", "GID_1": "USA.5_1", "GID_2": "USA.5.19_1", "NAME_1": "California", "NAME_2": "Los Angeles", "id": 41793, "ev_dc_fast_num": 0.0, "ev_level1_evse_num": 1.0, "ev_level2_evse_num": 1.0 }, "geometry": { "type": "Point", "coordinates": [ -118.4476776, 34.0599785 ] } },
{ "type": "Feature", "properties": { "country": "US", "state": "CA", "city": "Los Angeles", "zip": "90017", "GID_1": "USA.5_1", "GID_2": "USA.5.19_1", "NAME_1": "California", "NAME_2": "Los Angeles", "id": 42256, "ev_dc_fast_num": 0.0, "ev_level1_evse_num": 0.0, "ev_level2_evse_num": 4.0 }, "geometry": { "type": "Point", "coordinates": [ -118.2594615, 34.0507015 ] } },
{ "type": "Feature", "properties": { "country": "US", "state": "CA", "city": "Los Angeles", "zip": "90071", "GID_1": "USA.5_1", "GID_2": "USA.5.19_1", "NAME_1": "California", "NAME_2": "Los Angeles", "id": 42257, "ev_dc_fast_num": 0.0, "ev_level1_evse_num": 0.0, "ev_level2_evse_num": 3.0 }, "geometry": { "type": "Point", "coordinates": [ -118.2547377, 34.0521687 ] } },
{ "type": "Feature", "properties": { "country": "US", "state": "CA", "city": "Los Angeles", "zip": "90071", "GID_1": "USA.5_1", "GID_2": "USA.5.19_1", "NAME_1": "California", "NAME_2": "Los Angeles", "id": 42258, "ev_dc_fast_num": 0.0, "ev_level1_evse_num": 0.0, "ev_level2_evse_num": 5.0 }, "geometry": { "type": "Point", "coordinates": [ -118.2566062, 34.0514473 ] } },
{ "type": "Feature", "properties": { "country": "US", "state": "CA", "city": "Los Angeles", "zip": "90017", "GID_1": "USA.5_1", "GID_2": "USA.5.19_1", "NAME_1": "California", "NAME_2": "Los Angeles", "id": 42259, "ev_dc_fast_num": 0.0, "ev_level1_evse_num": 1.0, "ev_level2_evse_num": 1.0 }, "geometry": { "type": "Point", "coordinates": [ -118.257024, 34.049261 ] } },
{ "type": "Feature", "properties": { "country": "US", "state": "CA", "city": "Santa Clarita", "zip": "91321", "GID_1": "USA.5_1", "GID_2": "USA.5.19_1", "NAME_1": "California", "NAME_2": "Los Angeles", "id": 42277, "ev_dc_fast_num": 0.0, "ev_level1_evse_num": 1.0, "ev_level2_evse_num": 1.0 }, "geometry": { "type": "Point", "coordinates": [ -118.4688187, 34.39217 ] } },
{ "type": "Feature", "properties": { "country": "US", "state": "CA", "city": "Burbank", "zip": "91502", "GID_1": "USA.5_1", "GID_2": "USA.5.19_1", "NAME_1": "California", "NAME_2": "Los Angeles", "id": 42317, "ev_dc_fast_num": 0.0, "ev_level1_evse_num": 2.0, "ev_level2_evse_num": 2.0 }, "geometry": { "type": "Point", "coordinates": [ -118.3174653, 34.1777772 ] } },
{ "type": "Feature", "properties": { "country": "US", "state": "CA", "city": "Burbank", "zip": "91502", "GID_1": "USA.5_1", "GID_2": "USA.5.19_1", "NAME_1": "California", "NAME_2": "Los Angeles", "id": 42318, "ev_dc_fast_num": 0.0, "ev_level1_evse_num": 1.0, "ev_level2_evse_num": 1.0 }, "geometry": { "type": "Point", "coordinates": [ -118.307663, 34.182621 ] } },
{ "type": "Feature", "properties": { "country": "US", "state": "CA", "city": "Burbank", "zip": "91502", "GID_1": "USA.5_1", "GID_2": "USA.5.19_1", "NAME_1": "California", "NAME_2": "Los Angeles", "id": 42319, "ev_dc_fast_num": 0.0, "ev_level1_evse_num": 2.0, "ev_level2_evse_num": 2.0 }, "geometry": { "type": "Point", "coordinates": [ -118.3092377, 34.1820949 ] } },
{ "type": "Feature", "properties": { "country": "US", "state": "CA", "city": "Burbank", "zip": "91502", "GID_1": "USA.5_1", "GID_2": "USA.5.19_1", "NAME_1": "California", "NAME_2": "Los Angeles", "id": 42320, "ev_dc_fast_num": 0.0, "ev_level1_evse_num": 2.0, "ev_level2_evse_num": 2.0 }, "geometry": { "type": "Point", "coordinates": [ -118.3103357, 34.1813042 ] } },
{ "type": "Feature", "properties": { "country": "US", "state": "CA", "city": "Burbank", "zip": "91502", "GID_1": "USA.5_1", "GID_2": "USA.5.19_1", "NAME_1": "California", "NAME_2": "Los Angeles", "id": 42321, "ev_dc_fast_num": 0.0, "ev_level1_evse_num": 2.0, "ev_level2_evse_num": 2.0 }, "geometry": { "type": "Point", "coordinates": [ -118.3107268, 34.180717 ] } },
{ "type": "Feature", "properties": { "country": "US", "state": "CA", "city": "Burbank", "zip": "91505", "GID_1": "USA.5_1", "GID_2": "USA.5.19_1", "NAME_1": "California", "NAME_2": "Los Angeles", "id": 42322, "ev_dc_fast_num": 0.0, "ev_level1_evse_num": 2.0, "ev_level2_evse_num": 2.0 }, "geometry": { "type": "Point", "coordinates": [ -118.3455571, 34.1551859 ] } },
{ "type": "Feature", "properties": { "country": "US", "state": "CA", "city": "Long Beach", "zip": "90802", "GID_1": "USA.5_1", "GID_2": "USA.5.19_1", "NAME_1": "California", "NAME_2": "Los Angeles", "id": 42676, "ev_dc_fast_num": 0.0, "ev_level1_evse_num": 0.0, "ev_level2_evse_num": 4.0 }, "geometry": { "type": "Point", "coordinates": [ -118.193101, 33.767661 ] } },
{ "type": "Feature", "properties": { "country": "US", "state": "CA", "city": "Malibu", "zip": "90265", "GID_1": "USA.5_1", "GID_2": "USA.5.19_1", "NAME_1": "California", "NAME_2": "Los Angeles", "id": 43478, "ev_dc_fast_num": 0.0, "ev_level1_evse_num": 0.0, "ev_level2_evse_num": 1.0 }, "geometry": { "type": "Point", "coordinates": [ -118.686361, 34.035767 ] } },
{ "type": "Feature", "properties": { "country": "US", "state": "CA", "city": "Redondo Beach", "zip": "90278", "GID_1": "USA.5_1", "GID_2": "USA.5.19_1", "NAME_1": "California", "NAME_2": "Los Angeles", "id": 43484, "ev_dc_fast_num": 0.0, "ev_level1_evse_num": 0.0, "ev_level2_evse_num": 1.0 }, "geometry": { "type": "Point", "coordinates": [ -118.3546982, 33.871418 ] } },
{ "type": "Feature", "properties": { "country": "US", "state": "CA", "city": "El Segundo", "zip": "90245", "GID_1": "USA.5_1", "GID_2": "USA.5.19_1", "NAME_1": "California", "NAME_2": "Los Angeles", "id": 43815, "ev_dc_fast_num": 0.0, "ev_level1_evse_num": 0.0, "ev_level2_evse_num": 1.0 }, "geometry": { "type": "Point", "coordinates": [ -118.3967438, 33.9204788 ] } },
{ "type": "Feature", "properties": { "country": "US", "state": "CA", "city": "Gardena", "zip": "90247", "GID_1": "USA.5_1", "GID_2": "USA.5.19_1", "NAME_1": "California", "NAME_2": "Los Angeles", "id": 43817, "ev_dc_fast_num": 0.0, "ev_level1_evse_num": 0.0, "ev_level2_evse_num": 1.0 }, "geometry": { "type": "Point", "coordinates": [ -118.2995605, 33.891098 ] } },
{ "type": "Feature", "properties": { "country": "US", "state": "CA", "city": "Manhattan Beach", "zip": "90266", "GID_1": "USA.5_1", "GID_2": "USA.5.19_1", "NAME_1": "California", "NAME_2": "Los Angeles", "id": 43818, "ev_dc_fast_num": 0.0, "ev_level1_evse_num": 0.0, "ev_level2_evse_num": 1.0 }, "geometry": { "type": "Point", "coordinates": [ -118.3953552, 33.8938408 ] } },
{ "type": "Feature", "properties": { "country": "US", "state": "CA", "city": "Redondo Beach", "zip": "90277", "GID_1": "USA.5_1", "GID_2": "USA.5.19_1", "NAME_1": "California", "NAME_2": "Los Angeles", "id": 43821, "ev_dc_fast_num": 0.0, "ev_level1_evse_num": 0.0, "ev_level2_evse_num": 1.0 }, "geometry": { "type": "Point", "coordinates": [ -118.3853073, 33.8332901 ] } },
{ "type": "Feature", "properties": { "country": "US", "state": "CA", "city": "Torrance", "zip": "90505", "GID_1": "USA.5_1", "GID_2": "USA.5.19_1", "NAME_1": "California", "NAME_2": "Los Angeles", "id": 43829, "ev_dc_fast_num": 0.0, "ev_level1_evse_num": 0.0, "ev_level2_evse_num": 1.0 }, "geometry": { "type": "Point", "coordinates": [ -118.3329086, 33.7918739 ] } },
{ "type": "Feature", "properties": { "country": "US", "state": "CA", "city": "Torrance", "zip": "90505", "GID_1": "USA.5_1", "GID_2": "USA.5.19_1", "NAME_1": "California", "NAME_2": "Los Angeles", "id": 43830, "ev_dc_fast_num": 0.0, "ev_level1_evse_num": 0.0, "ev_level2_evse_num": 1.0 }, "geometry": { "type": "Point", "coordinates": [ -118.3395462, 33.823761 ] } },
{ "type": "Feature", "properties": { "country": "US", "state": "CA", "city": "Torrance", "zip": "90501", "GID_1": "USA.5_1", "GID_2": "USA.5.19_1", "NAME_1": "California", "NAME_2": "Los Angeles", "id": 43831, "ev_dc_fast_num": 0.0, "ev_level1_evse_num": 0.0, "ev_level2_evse_num": 1.0 }, "geometry": { "type": "Point", "coordinates": [ -118.3085098, 33.8172264 ] } },
{ "type": "Feature", "properties": { "country": "US", "state": "CA", "city": "Torrance", "zip": "90505", "GID_1": "USA.5_1", "GID_2": "USA.5.19_1", "NAME_1": "California", "NAME_2": "Los Angeles", "id": 44423, "ev_dc_fast_num": 0.0, "ev_level1_evse_num": 0.0, "ev_level2_evse_num": 1.0 }, "geometry": { "type": "Point", "coordinates": [ -118.3568878, 33.8072395 ] } },
{ "type": "Feature", "properties": { "country": "US", "state": "CA", "city": "Topanga", "zip": "90290", "GID_1": "USA.5_1", "GID_2": "USA.5.19_1", "NAME_1": "California", "NAME_2": "Los Angeles", "id": 44985, "ev_dc_fast_num": 0.0, "ev_level1_evse_num": 0.0, "ev_level2_evse_num": 2.0 }, "geometry": { "type": "Point", "coordinates": [ -118.590543, 34.106335 ] } },
{ "type": "Feature", "properties": { "country": "US", "state": "CA", "city": "Venice", "zip": "90291", "GID_1": "USA.5_1", "GID_2": "USA.5.19_1", "NAME_1": "California", "NAME_2": "Los Angeles", "id": 44986, "ev_dc_fast_num": 0.0, "ev_level1_evse_num": 0.0, "ev_level2_evse_num": 5.0 }, "geometry": { "type": "Point", "coordinates": [ -118.465027, 33.991185 ] } },
{ "type": "Feature", "properties": { "country": "US", "state": "CA", "city": "Lakewood", "zip": "90712", "GID_1": "USA.5_1", "GID_2": "USA.5.19_1", "NAME_1": "California", "NAME_2": "Los Angeles", "id": 45237, "ev_dc_fast_num": 0.0, "ev_level1_evse_num": 0.0, "ev_level2_evse_num": 2.0 }, "geometry": { "type": "Point", "coordinates": [ -118.158662, 33.830886 ] } },
{ "type": "Feature", "properties": { "country": "US", "state": "CA", "city": "Los Angeles", "zip": "90017", "GID_1": "USA.5_1", "GID_2": "USA.5.19_1", "NAME_1": "California", "NAME_2": "Los Angeles", "id": 45238, "ev_dc_fast_num": 0.0, "ev_level1_evse_num": 0.0, "ev_level2_evse_num": 2.0 }, "geometry": { "type": "Point", "coordinates": [ -118.259518, 34.04889 ] } },
{ "type": "Feature", "properties": { "country": "US", "state": "CA", "city": "Los Angeles", "zip": "90045", "GID_1": "USA.5_1", "GID_2": "USA.5.19_1", "NAME_1": "California", "NAME_2": "Los Angeles", "id": 45245, "ev_dc_fast_num": 0.0, "ev_level1_evse_num": 0.0, "ev_level2_evse_num": 8.0 }, "geometry": { "type": "Point", "coordinates": [ -118.418414, 33.966092 ] } },
{ "type": "Feature", "properties": { "country": "US", "state": "CA", "city": "Redondo Beach", "zip": "90277", "GID_1": "USA.5_1", "GID_2": "USA.5.19_1", "NAME_1": "California", "NAME_2": "Los Angeles", "id": 45259, "ev_dc_fast_num": 0.0, "ev_level1_evse_num": 0.0, "ev_level2_evse_num": 1.0 }, "geometry": { "type": "Point", "coordinates": [ -118.394024, 33.846416 ] } },
{ "type": "Feature", "properties": { "country": "US", "state": "CA", "city": "Beverly Hills", "zip": "90210", "GID_1": "USA.5_1", "GID_2": "USA.5.19_1", "NAME_1": "California", "NAME_2": "Los Angeles", "id": 45292, "ev_dc_fast_num": 0.0, "ev_level1_evse_num": 0.0, "ev_level2_evse_num": 4.0 }, "geometry": { "type": "Point", "coordinates": [ -118.4004881, 34.0680997 ] } },
{ "type": "Feature", "properties": { "country": "US", "state": "CA", "city": "Beverly Hills", "zip": "90210", "GID_1": "USA.5_1", "GID_2": "USA.5.19_1", "NAME_1": "California", "NAME_2": "Los Angeles", "id": 45293, "ev_dc_fast_num": 0.0, "ev_level1_evse_num": 2.0, "ev_level2_evse_num": 2.0 }, "geometry": { "type": "Point", "coordinates": [ -118.3970945, 34.0736526 ] } },
{ "type": "Feature", "properties": { "country": "US", "state": "CA", "city": "Beverly Hills", "zip": "90210", "GID_1": "USA.5_1", "GID_2": "USA.5.19_1", "NAME_1": "California", "NAME_2": "Los Angeles", "id": 45294, "ev_dc_fast_num": 0.0, "ev_level1_evse_num": 2.0, "ev_level2_evse_num": 2.0 }, "geometry": { "type": "Point", "coordinates": [ -118.4062365, 34.0688237 ] } },
{ "type": "Feature", "properties": { "country": "US", "state": "CA", "city": "Beverly Hills", "zip": "90210", "GID_1": "USA.5_1", "GID_2": "USA.5.19_1", "NAME_1": "California", "NAME_2": "Los Angeles", "id": 45295, "ev_dc_fast_num": 0.0, "ev_level1_evse_num": 4.0, "ev_level2_evse_num": 4.0 }, "geometry": { "type": "Point", "coordinates": [ -118.40168, 34.069175 ] } },
{ "type": "Feature", "properties": { "country": "US", "state": "CA", "city": "Beverly Hills", "zip": "90212", "GID_1": "USA.5_1", "GID_2": "USA.5.19_1", "NAME_1": "California", "NAME_2": "Los Angeles", "id": 45296, "ev_dc_fast_num": 0.0, "ev_level1_evse_num": 0.0, "ev_level2_evse_num": 2.0 }, "geometry": { "type": "Point", "coordinates": [ -118.398833, 34.0642756 ] } },
{ "type": "Feature", "properties": { "country": "US", "state": "CA", "city": "Beverly Hills", "zip": "90210", "GID_1": "USA.5_1", "GID_2": "USA.5.19_1", "NAME_1": "California", "NAME_2": "Los Angeles", "id": 45297, "ev_dc_fast_num": 0.0, "ev_level1_evse_num": 2.0, "ev_level2_evse_num": 2.0 }, "geometry": { "type": "Point", "coordinates": [ -118.4032241, 34.0688965 ] } },
{ "type": "Feature", "properties": { "country": "US", "state": "CA", "city": "Beverly Hills", "zip": "90210", "GID_1": "USA.5_1", "GID_2": "USA.5.19_1", "NAME_1": "California", "NAME_2": "Los Angeles", "id": 45298, "ev_dc_fast_num": 0.0, "ev_level1_evse_num": 2.0, "ev_level2_evse_num": 2.0 }, "geometry": { "type": "Point", "coordinates": [ -118.4044671, 34.0694251 ] } },
{ "type": "Feature", "properties": { "country": "US", "state": "CA", "city": "Beverly Hills", "zip": "90210", "GID_1": "USA.5_1", "GID_2": "USA.5.19_1", "NAME_1": "California", "NAME_2": "Los Angeles", "id": 45299, "ev_dc_fast_num": 0.0, "ev_level1_evse_num": 0.0, "ev_level2_evse_num": 2.0 }, "geometry": { "type": "Point", "coordinates": [ -118.397785, 34.0689058 ] } },
{ "type": "Feature", "properties": { "country": "US", "state": "CA", "city": "Beverly Hills", "zip": "90210", "GID_1": "USA.5_1", "GID_2": "USA.5.19_1", "NAME_1": "California", "NAME_2": "Los Angeles", "id": 45300, "ev_dc_fast_num": 0.0, "ev_level1_evse_num": 2.0, "ev_level2_evse_num": 2.0 }, "geometry": { "type": "Point", "coordinates": [ -118.3997896, 34.0729455 ] } },
{ "type": "Feature", "properties": { "country": "US", "state": "CA", "city": "Beverly Hills", "zip": "90035", "GID_1": "USA.5_1", "GID_2": "USA.5.19_1", "NAME_1": "California", "NAME_2": "Los Angeles", "id": 45301, "ev_dc_fast_num": 0.0, "ev_level1_evse_num": 2.0, "ev_level2_evse_num": 2.0 }, "geometry": { "type": "Point", "coordinates": [ -118.3762491, 34.0611718 ] } },
{ "type": "Feature", "properties": { "country": "US", "state": "CA", "city": "Beverly Hills", "zip": "90210", "GID_1": "USA.5_1", "GID_2": "USA.5.19_1", "NAME_1": "California", "NAME_2": "Los Angeles", "id": 45302, "ev_dc_fast_num": 0.0, "ev_level1_evse_num": 1.0, "ev_level2_evse_num": 1.0 }, "geometry": { "type": "Point", "coordinates": [ -118.3988571, 34.0682983 ] } },
{ "type": "Feature", "properties": { "country": "US", "state": "CA", "city": "Carson", "zip": "90746", "GID_1": "USA.5_1", "GID_2": "USA.5.19_1", "NAME_1": "California", "NAME_2": "Los Angeles", "id": 45307, "ev_dc_fast_num": 0.0, "ev_level1_evse_num": 0.0, "ev_level2_evse_num": 4.0 }, "geometry": { "type": "Point", "coordinates": [ -118.259723, 33.841533 ] } },
{ "type": "Feature", "properties": { "country": "US", "state": "CA", "city": "Covina", "zip": "91723", "GID_1": "USA.5_1", "GID_2": "USA.5.19_1", "NAME_1": "California", "NAME_2": "Los Angeles", "id": 45309, "ev_dc_fast_num": 0.0, "ev_level1_evse_num": 0.0, "ev_level2_evse_num": 4.0 }, "geometry": { "type": "Point", "coordinates": [ -117.880137, 34.0744187 ] } },
{ "type": "Feature", "properties": { "country": "US", "state": "CA", "city": "Glendale", "zip": "91206", "GID_1": "USA.5_1", "GID_2": "USA.5.19_1", "NAME_1": "California", "NAME_2": "Los Angeles", "id": 45319, "ev_dc_fast_num": 0.0, "ev_level1_evse_num": 0.0, "ev_level2_evse_num": 1.0 }, "geometry": { "type": "Point", "coordinates": [ -118.247601, 34.147888 ] } },
{ "type": "Feature", "properties": { "country": "US", "state": "CA", "city": "Santa Monica", "zip": "90404", "GID_1": "USA.5_1", "GID_2": "USA.5.19_1", "NAME_1": "California", "NAME_2": "Los Angeles", "id": 46508, "ev_dc_fast_num": 0.0, "ev_level1_evse_num": 0.0, "ev_level2_evse_num": 8.0 }, "geometry": { "type": "Point", "coordinates": [ -118.4706952, 34.0294391 ] } },
{ "type": "Feature", "properties": { "country": "US", "state": "CA", "city": "Santa Monica", "zip": "90404", "GID_1": "USA.5_1", "GID_2": "USA.5.19_1", "NAME_1": "California", "NAME_2": "Los Angeles", "id": 46509, "ev_dc_fast_num": 0.0, "ev_level1_evse_num": 0.0, "ev_level2_evse_num": 4.0 }, "geometry": { "type": "Point", "coordinates": [ -118.4719, 34.02848816 ] } },
{ "type": "Feature", "properties": { "country": "US", "state": "CA", "city": "Signal Hill", "zip": "90755", "GID_1": "USA.5_1", "GID_2": "USA.5.19_1", "NAME_1": "California", "NAME_2": "Los Angeles", "id": 46510, "ev_dc_fast_num": 1.0, "ev_level1_evse_num": 0.0, "ev_level2_evse_num": 1.0 }, "geometry": { "type": "Point", "coordinates": [ -118.1695601, 33.8116166 ] } },
{ "type": "Feature", "properties": { "country": "US", "state": "CA", "city": "Torrance", "zip": "90505", "GID_1": "USA.5_1", "GID_2": "USA.5.19_1", "NAME_1": "California", "NAME_2": "Los Angeles", "id": 46514, "ev_dc_fast_num": 0.0, "ev_level1_evse_num": 0.0, "ev_level2_evse_num": 5.0 }, "geometry": { "type": "Point", "coordinates": [ -118.3432401, 33.8110984 ] } },
{ "type": "Feature", "properties": { "country": "US", "state": "CA", "city": "Diamond Bar", "zip": "91765", "GID_1": "USA.5_1", "GID_2": "USA.5.19_1", "NAME_1": "California", "NAME_2": "Los Angeles", "id": 46720, "ev_dc_fast_num": 0.0, "ev_level1_evse_num": 0.0, "ev_level2_evse_num": 10.0 }, "geometry": { "type": "Point", "coordinates": [ -117.829044, 34.002108 ] } },
{ "type": "Feature", "properties": { "country": "US", "state": "CA", "city": "Hermosa Beach", "zip": "90254", "GID_1": "USA.5_1", "GID_2": "USA.5.19_1", "NAME_1": "California", "NAME_2": "Los Angeles", "id": 46727, "ev_dc_fast_num": 0.0, "ev_level1_evse_num": 0.0, "ev_level2_evse_num": 2.0 }, "geometry": { "type": "Point", "coordinates": [ -118.3982291, 33.8640668 ] } },
{ "type": "Feature", "properties": { "country": "US", "state": "CA", "city": "Hermosa Beach", "zip": "90254", "GID_1": "USA.5_1", "GID_2": "USA.5.19_1", "NAME_1": "California", "NAME_2": "Los Angeles", "id": 46728, "ev_dc_fast_num": 0.0, "ev_level1_evse_num": 0.0, "ev_level2_evse_num": 2.0 }, "geometry": { "type": "Point", "coordinates": [ -118.395789, 33.8637293 ] } },
{ "type": "Feature", "properties": { "country": "US", "state": "CA", "city": "Los Angeles", "zip": "90036", "GID_1": "USA.5_1", "GID_2": "USA.5.19_1", "NAME_1": "California", "NAME_2": "Los Angeles", "id": 46733, "ev_dc_fast_num": 0.0, "ev_level1_evse_num": 0.0, "ev_level2_evse_num": 3.0 }, "geometry": { "type": "Point", "coordinates": [ -118.3577319, 34.0628398 ] } },
{ "type": "Feature", "properties": { "country": "US", "state": "CA", "city": "Inglewood", "zip": "90302", "GID_1": "USA.5_1", "GID_2": "USA.5.19_1", "NAME_1": "California", "NAME_2": "Los Angeles", "id": 47613, "ev_dc_fast_num": 0.0, "ev_level1_evse_num": 0.0, "ev_level2_evse_num": 1.0 }, "geometry": { "type": "Point", "coordinates": [ -118.368235, 33.964849 ] } },
{ "type": "Feature", "properties": { "country": "US", "state": "CA", "city": "Los Angeles", "zip": "90035", "GID_1": "USA.5_1", "GID_2": "USA.5.19_1", "NAME_1": "California", "NAME_2": "Los Angeles", "id": 47615, "ev_dc_fast_num": 0.0, "ev_level1_evse_num": 0.0, "ev_level2_evse_num": 1.0 }, "geometry": { "type": "Point", "coordinates": [ -118.412734, 34.049833 ] } },
{ "type": "Feature", "properties": { "country": "US", "state": "CA", "city": "Los Angeles", "zip": "90015", "GID_1": "USA.5_1", "GID_2": "USA.5.19_1", "NAME_1": "California", "NAME_2": "Los Angeles", "id": 47617, "ev_dc_fast_num": 0.0, "ev_level1_evse_num": 0.0, "ev_level2_evse_num": 2.0 }, "geometry": { "type": "Point", "coordinates": [ -118.266599, 34.045335 ] } },
{ "type": "Feature", "properties": { "country": "US", "state": "CA", "city": "Los Angeles", "zip": "90015", "GID_1": "USA.5_1", "GID_2": "USA.5.19_1", "NAME_1": "California", "NAME_2": "Los Angeles", "id": 47618, "ev_dc_fast_num": 0.0, "ev_level1_evse_num": 0.0, "ev_level2_evse_num": 4.0 }, "geometry": { "type": "Point", "coordinates": [ -118.265633, 34.04503 ] } },
{ "type": "Feature", "properties": { "country": "US", "state": "CA", "city": "Los Angeles", "zip": "90071", "GID_1": "USA.5_1", "GID_2": "USA.5.19_1", "NAME_1": "California", "NAME_2": "Los Angeles", "id": 47622, "ev_dc_fast_num": 0.0, "ev_level1_evse_num": 0.0, "ev_level2_evse_num": 6.0 }, "geometry": { "type": "Point", "coordinates": [ -118.257136, 34.052659 ] } },
{ "type": "Feature", "properties": { "country": "US", "state": "CA", "city": "Santa Monica", "zip": "90403", "GID_1": "USA.5_1", "GID_2": "USA.5.19_1", "NAME_1": "California", "NAME_2": "Los Angeles", "id": 47643, "ev_dc_fast_num": 0.0, "ev_level1_evse_num": 0.0, "ev_level2_evse_num": 2.0 }, "geometry": { "type": "Point", "coordinates": [ -118.48125, 34.0332 ] } },
{ "type": "Feature", "properties": { "country": "US", "state": "CA", "city": "Sylmar", "zip": "91342", "GID_1": "USA.5_1", "GID_2": "USA.5.19_1", "NAME_1": "California", "NAME_2": "Los Angeles", "id": 47644, "ev_dc_fast_num": 0.0, "ev_level1_evse_num": 0.0, "ev_level2_evse_num": 6.0 }, "geometry": { "type": "Point", "coordinates": [ -118.460222, 34.302 ] } },
{ "type": "Feature", "properties": { "country": "US", "state": "CA", "city": "Whittier", "zip": "90601", "GID_1": "USA.5_1", "GID_2": "USA.5.19_1", "NAME_1": "California", "NAME_2": "Los Angeles", "id": 48152, "ev_dc_fast_num": 0.0, "ev_level1_evse_num": 0.0, "ev_level2_evse_num": 4.0 }, "geometry": { "type": "Point", "coordinates": [ -118.033517, 34.018956 ] } },
{ "type": "Feature", "properties": { "country": "US", "state": "CA", "city": "Glendale", "zip": "91210", "GID_1": "USA.5_1", "GID_2": "USA.5.19_1", "NAME_1": "California", "NAME_2": "Los Angeles", "id": 48354, "ev_dc_fast_num": 0.0, "ev_level1_evse_num": 0.0, "ev_level2_evse_num": 6.0 }, "geometry": { "type": "Point", "coordinates": [ -118.257731, 34.144097 ] } },
{ "type": "Feature", "properties": { "country": "US", "state": "CA", "city": "Los Angeles", "zip": "90007", "GID_1": "USA.5_1", "GID_2": "USA.5.19_1", "NAME_1": "California", "NAME_2": "Los Angeles", "id": 48358, "ev_dc_fast_num": 0.0, "ev_level1_evse_num": 0.0, "ev_level2_evse_num": 2.0 }, "geometry": { "type": "Point", "coordinates": [ -118.2778, 34.02828 ] } },
{ "type": "Feature", "properties": { "country": "US", "state": "CA", "city": "Los Angeles", "zip": "90035", "GID_1": "USA.5_1", "GID_2": "USA.5.19_1", "NAME_1": "California", "NAME_2": "Los Angeles", "id": 48359, "ev_dc_fast_num": 0.0, "ev_level1_evse_num": 0.0, "ev_level2_evse_num": 1.0 }, "geometry": { "type": "Point", "coordinates": [ -118.412694, 34.049144 ] } },
{ "type": "Feature", "properties": { "country": "US", "state": "CA", "city": "Los Angeles", "zip": "90045", "GID_1": "USA.5_1", "GID_2": "USA.5.19_1", "NAME_1": "California", "NAME_2": "Los Angeles", "id": 48362, "ev_dc_fast_num": 0.0, "ev_level1_evse_num": 0.0, "ev_level2_evse_num": 2.0 }, "geometry": { "type": "Point", "coordinates": [ -118.385, 33.9492 ] } },
{ "type": "Feature", "properties": { "country": "US", "state": "CA", "city": "Rosemead", "zip": "91770", "GID_1": "USA.5_1", "GID_2": "USA.5.19_1", "NAME_1": "California", "NAME_2": "Los Angeles", "id": 48610, "ev_dc_fast_num": 0.0, "ev_level1_evse_num": 0.0, "ev_level2_evse_num": 0.0 }, "geometry": { "type": "Point", "coordinates": [ -118.0817627, 34.0532105 ] } },
{ "type": "Feature", "properties": { "country": "US", "state": "CA", "city": "Rosemead", "zip": "91770", "GID_1": "USA.5_1", "GID_2": "USA.5.19_1", "NAME_1": "California", "NAME_2": "Los Angeles", "id": 48611, "ev_dc_fast_num": 0.0, "ev_level1_evse_num": 0.0, "ev_level2_evse_num": 0.0 }, "geometry": { "type": "Point", "coordinates": [ -118.0818714, 34.0461678 ] } },
{ "type": "Feature", "properties": { "country": "US", "state": "CA", "city": "Irwindale", "zip": "91702", "GID_1": "USA.5_1", "GID_2": "USA.5.19_1", "NAME_1": "California", "NAME_2": "Los Angeles", "id": 48721, "ev_dc_fast_num": 0.0, "ev_level1_evse_num": 7.0, "ev_level2_evse_num": 7.0 }, "geometry": { "type": "Point", "coordinates": [ -117.9321756, 34.1247189 ] } },
{ "type": "Feature", "properties": { "country": "US", "state": "CA", "city": "North Hills", "zip": "91343", "GID_1": "USA.5_1", "GID_2": "USA.5.19_1", "NAME_1": "California", "NAME_2": "Los Angeles", "id": 48729, "ev_dc_fast_num": 0.0, "ev_level1_evse_num": 0.0, "ev_level2_evse_num": 1.0 }, "geometry": { "type": "Point", "coordinates": [ -118.4661789, 34.2352333 ] } },
{ "type": "Feature", "properties": { "country": "US", "state": "CA", "city": "Northridge", "zip": "91325", "GID_1": "USA.5_1", "GID_2": "USA.5.19_1", "NAME_1": "California", "NAME_2": "Los Angeles", "id": 48730, "ev_dc_fast_num": 0.0, "ev_level1_evse_num": 0.0, "ev_level2_evse_num": 2.0 }, "geometry": { "type": "Point", "coordinates": [ -118.5244446, 34.2376022 ] } },
{ "type": "Feature", "properties": { "country": "US", "state": "CA", "city": "Los Angeles", "zip": "90035", "GID_1": "USA.5_1", "GID_2": "USA.5.19_1", "NAME_1": "California", "NAME_2": "Los Angeles", "id": 48829, "ev_dc_fast_num": 0.0, "ev_level1_evse_num": 0.0, "ev_level2_evse_num": 1.0 }, "geometry": { "type": "Point", "coordinates": [ -118.412734, 34.049833 ] } },
{ "type": "Feature", "properties": { "country": "US", "state": "CA", "city": "West Hollywood", "zip": "90069", "GID_1": "USA.5_1", "GID_2": "USA.5.19_1", "NAME_1": "California", "NAME_2": "Los Angeles", "id": 48843, "ev_dc_fast_num": 0.0, "ev_level1_evse_num": 0.0, "ev_level2_evse_num": 8.0 }, "geometry": { "type": "Point", "coordinates": [ -118.378373, 34.088515 ] } },
{ "type": "Feature", "properties": { "country": "US", "state": "CA", "city": "Beverly Hills", "zip": "90210", "GID_1": "USA.5_1", "GID_2": "USA.5.19_1", "NAME_1": "California", "NAME_2": "Los Angeles", "id": 48960, "ev_dc_fast_num": 0.0, "ev_level1_evse_num": 0.0, "ev_level2_evse_num": 4.0 }, "geometry": { "type": "Point", "coordinates": [ -118.399327, 34.0704128 ] } },
{ "type": "Feature", "properties": { "country": "US", "state": "CA", "city": "Beverly Hills", "zip": "90210", "GID_1": "USA.5_1", "GID_2": "USA.5.19_1", "NAME_1": "California", "NAME_2": "Los Angeles", "id": 48961, "ev_dc_fast_num": 0.0, "ev_level1_evse_num": 2.0, "ev_level2_evse_num": 2.0 }, "geometry": { "type": "Point", "coordinates": [ -118.402363, 34.07088 ] } },
{ "type": "Feature", "properties": { "country": "US", "state": "CA", "city": "Los Angeles", "zip": "90014", "GID_1": "USA.5_1", "GID_2": "USA.5.19_1", "NAME_1": "California", "NAME_2": "Los Angeles", "id": 48964, "ev_dc_fast_num": 0.0, "ev_level1_evse_num": 0.0, "ev_level2_evse_num": 2.0 }, "geometry": { "type": "Point", "coordinates": [ -118.2546851, 34.0487069 ] } },
{ "type": "Feature", "properties": { "country": "US", "state": "CA", "city": "Culver City", "zip": "90232", "GID_1": "USA.5_1", "GID_2": "USA.5.19_1", "NAME_1": "California", "NAME_2": "Los Angeles", "id": 49111, "ev_dc_fast_num": 0.0, "ev_level1_evse_num": 0.0, "ev_level2_evse_num": 2.0 }, "geometry": { "type": "Point", "coordinates": [ -118.380824, 34.02551 ] } },
{ "type": "Feature", "properties": { "country": "US", "state": "CA", "city": "Culver City", "zip": "90232", "GID_1": "USA.5_1", "GID_2": "USA.5.19_1", "NAME_1": "California", "NAME_2": "Los Angeles", "id": 49112, "ev_dc_fast_num": 0.0, "ev_level1_evse_num": 0.0, "ev_level2_evse_num": 2.0 }, "geometry": { "type": "Point", "coordinates": [ -118.382334, 34.024221 ] } },
{ "type": "Feature", "properties": { "country": "US", "state": "CA", "city": "Culver City", "zip": "90232", "GID_1": "USA.5_1", "GID_2": "USA.5.19_1", "NAME_1": "California", "NAME_2": "Los Angeles", "id": 49113, "ev_dc_fast_num": 0.0, "ev_level1_evse_num": 0.0, "ev_level2_evse_num": 1.0 }, "geometry": { "type": "Point", "coordinates": [ -118.3817858, 34.0237323 ] } },
{ "type": "Feature", "properties": { "country": "US", "state": "CA", "city": "Culver City", "zip": "90232", "GID_1": "USA.5_1", "GID_2": "USA.5.19_1", "NAME_1": "California", "NAME_2": "Los Angeles", "id": 49114, "ev_dc_fast_num": 0.0, "ev_level1_evse_num": 0.0, "ev_level2_evse_num": 2.0 }, "geometry": { "type": "Point", "coordinates": [ -118.380804, 34.025548 ] } },
{ "type": "Feature", "properties": { "country": "US", "state": "CA", "city": "Downey", "zip": "90241", "GID_1": "USA.5_1", "GID_2": "USA.5.19_1", "NAME_1": "California", "NAME_2": "Los Angeles", "id": 49116, "ev_dc_fast_num": 0.0, "ev_level1_evse_num": 0.0, "ev_level2_evse_num": 1.0 }, "geometry": { "type": "Point", "coordinates": [ -118.1293, 33.940941 ] } },
{ "type": "Feature", "properties": { "country": "US", "state": "CA", "city": "El Monte", "zip": "91731", "GID_1": "USA.5_1", "GID_2": "USA.5.19_1", "NAME_1": "California", "NAME_2": "Los Angeles", "id": 49117, "ev_dc_fast_num": 0.0, "ev_level1_evse_num": 0.0, "ev_level2_evse_num": 2.0 }, "geometry": { "type": "Point", "coordinates": [ -118.0345, 34.07614 ] } },
{ "type": "Feature", "properties": { "country": "US", "state": "CA", "city": "Long Beach", "zip": "90840", "GID_1": "USA.5_1", "GID_2": "USA.5.19_1", "NAME_1": "California", "NAME_2": "Los Angeles", "id": 49123, "ev_dc_fast_num": 0.0, "ev_level1_evse_num": 0.0, "ev_level2_evse_num": 2.0 }, "geometry": { "type": "Point", "coordinates": [ -118.1205362, 33.781664 ] } },
{ "type": "Feature", "properties": { "country": "US", "state": "CA", "city": "Los Angeles", "zip": "90035", "GID_1": "USA.5_1", "GID_2": "USA.5.19_1", "NAME_1": "California", "NAME_2": "Los Angeles", "id": 49124, "ev_dc_fast_num": 0.0, "ev_level1_evse_num": 0.0, "ev_level2_evse_num": 1.0 }, "geometry": { "type": "Point", "coordinates": [ -118.412734, 34.049833 ] } },
{ "type": "Feature", "properties": { "country": "US", "state": "CA", "city": "Los Angeles", "zip": "90024", "GID_1": "USA.5_1", "GID_2": "USA.5.19_1", "NAME_1": "California", "NAME_2": "Los Angeles", "id": 49125, "ev_dc_fast_num": 0.0, "ev_level1_evse_num": 0.0, "ev_level2_evse_num": 3.0 }, "geometry": { "type": "Point", "coordinates": [ -118.437473, 34.059702 ] } },
{ "type": "Feature", "properties": { "country": "US", "state": "CA", "city": "Monrovia", "zip": "91016", "GID_1": "USA.5_1", "GID_2": "USA.5.19_1", "NAME_1": "California", "NAME_2": "Los Angeles", "id": 49127, "ev_dc_fast_num": 0.0, "ev_level1_evse_num": 0.0, "ev_level2_evse_num": 3.0 }, "geometry": { "type": "Point", "coordinates": [ -117.9869, 34.13867 ] } },
{ "type": "Feature", "properties": { "country": "US", "state": "CA", "city": "Pomona", "zip": "91768", "GID_1": "USA.5_1", "GID_2": "USA.5.19_1", "NAME_1": "California", "NAME_2": "Los Angeles", "id": 49133, "ev_dc_fast_num": 0.0, "ev_level1_evse_num": 0.0, "ev_level2_evse_num": 2.0 }, "geometry": { "type": "Point", "coordinates": [ -117.825, 34.421597 ] } },
{ "type": "Feature", "properties": { "country": "US", "state": "CA", "city": "Lancaster", "zip": "93536", "GID_1": "USA.5_1", "GID_2": "USA.5.19_1", "NAME_1": "California", "NAME_2": "Los Angeles", "id": 49332, "ev_dc_fast_num": 0.0, "ev_level1_evse_num": 4.0, "ev_level2_evse_num": 4.0 }, "geometry": { "type": "Point", "coordinates": [ -118.1875749, 34.678921 ] } },
{ "type": "Feature", "properties": { "country": "US", "state": "CA", "city": "Malibu", "zip": "90265", "GID_1": "USA.5_1", "GID_2": "USA.5.19_1", "NAME_1": "California", "NAME_2": "Los Angeles", "id": 49333, "ev_dc_fast_num": 0.0, "ev_level1_evse_num": 0.0, "ev_level2_evse_num": 2.0 }, "geometry": { "type": "Point", "coordinates": [ -118.689072, 34.0368387 ] } },
{ "type": "Feature", "properties": { "country": "US", "state": "CA", "city": "Cerritos", "zip": "90703", "GID_1": "USA.5_1", "GID_2": "USA.5.19_1", "NAME_1": "California", "NAME_2": "Los Angeles", "id": 49505, "ev_dc_fast_num": 0.0, "ev_level1_evse_num": 0.0, "ev_level2_evse_num": 2.0 }, "geometry": { "type": "Point", "coordinates": [ -118.06382, 33.866732 ] } },
{ "type": "Feature", "properties": { "country": "US", "state": "CA", "city": "La Verne", "zip": "91750", "GID_1": "USA.5_1", "GID_2": "USA.5.19_1", "NAME_1": "California", "NAME_2": "Los Angeles", "id": 49979, "ev_dc_fast_num": 0.0, "ev_level1_evse_num": 0.0, "ev_level2_evse_num": 2.0 }, "geometry": { "type": "Point", "coordinates": [ -117.7624664, 34.1133652 ] } },
{ "type": "Feature", "properties": { "country": "US", "state": "CA", "city": "Lakewood", "zip": "90713", "GID_1": "USA.5_1", "GID_2": "USA.5.19_1", "NAME_1": "California", "NAME_2": "Los Angeles", "id": 49980, "ev_dc_fast_num": 0.0, "ev_level1_evse_num": 0.0, "ev_level2_evse_num": 1.0 }, "geometry": { "type": "Point", "coordinates": [ -118.1159821, 33.8326149 ] } },
{ "type": "Feature", "properties": { "country": "US", "state": "CA", "city": "Los Angeles", "zip": "90017", "GID_1": "USA.5_1", "GID_2": "USA.5.19_1", "NAME_1": "California", "NAME_2": "Los Angeles", "id": 49982, "ev_dc_fast_num": 0.0, "ev_level1_evse_num": 0.0, "ev_level2_evse_num": 3.0 }, "geometry": { "type": "Point", "coordinates": [ -118.272838, 34.05449 ] } },
{ "type": "Feature", "properties": { "country": "US", "state": "CA", "city": "Woodland Hills", "zip": "91367", "GID_1": "USA.5_1", "GID_2": "USA.5.19_1", "NAME_1": "California", "NAME_2": "Los Angeles", "id": 50002, "ev_dc_fast_num": 0.0, "ev_level1_evse_num": 0.0, "ev_level2_evse_num": 1.0 }, "geometry": { "type": "Point", "coordinates": [ -118.609202, 34.169354 ] } },
{ "type": "Feature", "properties": { "country": "US", "state": "CA", "city": "Carson", "zip": "90746", "GID_1": "USA.5_1", "GID_2": "USA.5.19_1", "NAME_1": "California", "NAME_2": "Los Angeles", "id": 50147, "ev_dc_fast_num": 0.0, "ev_level1_evse_num": 0.0, "ev_level2_evse_num": 3.0 }, "geometry": { "type": "Point", "coordinates": [ -118.265704, 33.872352 ] } },
{ "type": "Feature", "properties": { "country": "US", "state": "CA", "city": "Pasadena", "zip": "91101", "GID_1": "USA.5_1", "GID_2": "USA.5.19_1", "NAME_1": "California", "NAME_2": "Los Angeles", "id": 50153, "ev_dc_fast_num": 0.0, "ev_level1_evse_num": 0.0, "ev_level2_evse_num": 5.0 }, "geometry": { "type": "Point", "coordinates": [ -118.1422359, 34.1445446 ] } },
{ "type": "Feature", "properties": { "country": "US", "state": "CA", "city": "Pasadena", "zip": "91101", "GID_1": "USA.5_1", "GID_2": "USA.5.19_1", "NAME_1": "California", "NAME_2": "Los Angeles", "id": 50154, "ev_dc_fast_num": 0.0, "ev_level1_evse_num": 0.0, "ev_level2_evse_num": 2.0 }, "geometry": { "type": "Point", "coordinates": [ -118.1416959, 34.1481024 ] } },
{ "type": "Feature", "properties": { "country": "US", "state": "CA", "city": "Beverly Hills", "zip": "90210", "GID_1": "USA.5_1", "GID_2": "USA.5.19_1", "NAME_1": "California", "NAME_2": "Los Angeles", "id": 50729, "ev_dc_fast_num": 0.0, "ev_level1_evse_num": 0.0, "ev_level2_evse_num": 1.0 }, "geometry": { "type": "Point", "coordinates": [ -118.4004986, 34.0719752 ] } },
{ "type": "Feature", "properties": { "country": "US", "state": "CA", "city": "Glendora", "zip": "91740", "GID_1": "USA.5_1", "GID_2": "USA.5.19_1", "NAME_1": "California", "NAME_2": "Los Angeles", "id": 50731, "ev_dc_fast_num": 0.0, "ev_level1_evse_num": 2.0, "ev_level2_evse_num": 2.0 }, "geometry": { "type": "Point", "coordinates": [ -117.822534, 34.117891 ] } },
{ "type": "Feature", "properties": { "country": "US", "state": "CA", "city": "Pomona", "zip": "91767", "GID_1": "USA.5_1", "GID_2": "USA.5.19_1", "NAME_1": "California", "NAME_2": "Los Angeles", "id": 50737, "ev_dc_fast_num": 0.0, "ev_level1_evse_num": 0.0, "ev_level2_evse_num": 1.0 }, "geometry": { "type": "Point", "coordinates": [ -117.742433, 34.0626916 ] } },
{ "type": "Feature", "properties": { "country": "US", "state": "CA", "city": "Sherman Oaks", "zip": "91403", "GID_1": "USA.5_1", "GID_2": "USA.5.19_1", "NAME_1": "California", "NAME_2": "Los Angeles", "id": 50795, "ev_dc_fast_num": 0.0, "ev_level1_evse_num": 0.0, "ev_level2_evse_num": 3.0 }, "geometry": { "type": "Point", "coordinates": [ -118.466496, 34.151589 ] } },
{ "type": "Feature", "properties": { "country": "US", "state": "CA", "city": "West Hollywood", "zip": "90069", "GID_1": "USA.5_1", "GID_2": "USA.5.19_1", "NAME_1": "California", "NAME_2": "Los Angeles", "id": 50803, "ev_dc_fast_num": 0.0, "ev_level1_evse_num": 0.0, "ev_level2_evse_num": 4.0 }, "geometry": { "type": "Point", "coordinates": [ -118.372454, 34.090746 ] } },
{ "type": "Feature", "properties": { "country": "US", "state": "CA", "city": "West Hollywood", "zip": "90069", "GID_1": "USA.5_1", "GID_2": "USA.5.19_1", "NAME_1": "California", "NAME_2": "Los Angeles", "id": 50804, "ev_dc_fast_num": 0.0, "ev_level1_evse_num": 0.0, "ev_level2_evse_num": 1.0 }, "geometry": { "type": "Point", "coordinates": [ -118.383873, 34.082197 ] } },
{ "type": "Feature", "properties": { "country": "US", "state": "CA", "city": "Downey", "zip": "90242", "GID_1": "USA.5_1", "GID_2": "USA.5.19_1", "NAME_1": "California", "NAME_2": "Los Angeles", "id": 50935, "ev_dc_fast_num": 0.0, "ev_level1_evse_num": 0.0, "ev_level2_evse_num": 4.0 }, "geometry": { "type": "Point", "coordinates": [ -118.12625, 33.917212 ] } },
{ "type": "Feature", "properties": { "country": "US", "state": "CA", "city": "Gardena", "zip": "90248", "GID_1": "USA.5_1", "GID_2": "USA.5.19_1", "NAME_1": "California", "NAME_2": "Los Angeles", "id": 50937, "ev_dc_fast_num": 0.0, "ev_level1_evse_num": 0.0, "ev_level2_evse_num": 1.0 }, "geometry": { "type": "Point", "coordinates": [ -118.306387, 33.860801 ] } },
{ "type": "Feature", "properties": { "country": "US", "state": "CA", "city": "Los Angeles", "zip": "90035", "GID_1": "USA.5_1", "GID_2": "USA.5.19_1", "NAME_1": "California", "NAME_2": "Los Angeles", "id": 50940, "ev_dc_fast_num": 0.0, "ev_level1_evse_num": 0.0, "ev_level2_evse_num": 1.0 }, "geometry": { "type": "Point", "coordinates": [ -118.412887, 34.0532 ] } },
{ "type": "Feature", "properties": { "country": "US", "state": "CA", "city": "Los Angeles", "zip": "90035", "GID_1": "USA.5_1", "GID_2": "USA.5.19_1", "NAME_1": "California", "NAME_2": "Los Angeles", "id": 50941, "ev_dc_fast_num": 0.0, "ev_level1_evse_num": 0.0, "ev_level2_evse_num": 1.0 }, "geometry": { "type": "Point", "coordinates": [ -118.412887, 34.0532 ] } },
{ "type": "Feature", "properties": { "country": "US", "state": "CA", "city": "Los Angeles", "zip": "90048", "GID_1": "USA.5_1", "GID_2": "USA.5.19_1", "NAME_1": "California", "NAME_2": "Los Angeles", "id": 50942, "ev_dc_fast_num": 0.0, "ev_level1_evse_num": 0.0, "ev_level2_evse_num": 4.0 }, "geometry": { "type": "Point", "coordinates": [ -118.377094, 34.071196 ] } },
{ "type": "Feature", "properties": { "country": "US", "state": "CA", "city": "Marina Del Rey", "zip": "90292", "GID_1": "USA.5_1", "GID_2": "USA.5.19_1", "NAME_1": "California", "NAME_2": "Los Angeles", "id": 50943, "ev_dc_fast_num": 0.0, "ev_level1_evse_num": 0.0, "ev_level2_evse_num": 2.0 }, "geometry": { "type": "Point", "coordinates": [ -118.445151, 33.987569 ] } },
{ "type": "Feature", "properties": { "country": "US", "state": "CA", "city": "Montebello", "zip": "90640", "GID_1": "USA.5_1", "GID_2": "USA.5.19_1", "NAME_1": "California", "NAME_2": "Los Angeles", "id": 50945, "ev_dc_fast_num": 0.0, "ev_level1_evse_num": 0.0, "ev_level2_evse_num": 3.0 }, "geometry": { "type": "Point", "coordinates": [ -118.118267, 33.994733 ] } },
{ "type": "Feature", "properties": { "country": "US", "state": "CA", "city": "Panorama City", "zip": "91402", "GID_1": "USA.5_1", "GID_2": "USA.5.19_1", "NAME_1": "California", "NAME_2": "Los Angeles", "id": 50950, "ev_dc_fast_num": 0.0, "ev_level1_evse_num": 0.0, "ev_level2_evse_num": 2.0 }, "geometry": { "type": "Point", "coordinates": [ -118.4292, 34.21803 ] } },
{ "type": "Feature", "properties": { "country": "US", "state": "CA", "city": "Los Angeles", "zip": "90056", "GID_1": "USA.5_1", "GID_2": "USA.5.19_1", "NAME_1": "California", "NAME_2": "Los Angeles", "id": 51216, "ev_dc_fast_num": 0.0, "ev_level1_evse_num": 0.0, "ev_level2_evse_num": 5.0 }, "geometry": { "type": "Point", "coordinates": [ -118.363664, 33.988971 ] } },
{ "type": "Feature", "properties": { "country": "US", "state": "CA", "city": "Torrance", "zip": "90502", "GID_1": "USA.5_1", "GID_2": "USA.5.19_1", "NAME_1": "California", "NAME_2": "Los Angeles", "id": 51251, "ev_dc_fast_num": 0.0, "ev_level1_evse_num": 0.0, "ev_level2_evse_num": 2.0 }, "geometry": { "type": "Point", "coordinates": [ -118.295897, 33.828282 ] } },
{ "type": "Feature", "properties": { "country": "US", "state": "CA", "city": "Azusa", "zip": "91702", "GID_1": "USA.5_1", "GID_2": "USA.5.19_1", "NAME_1": "California", "NAME_2": "Los Angeles", "id": 51502, "ev_dc_fast_num": 2.0, "ev_level1_evse_num": 0.0, "ev_level2_evse_num": 0.0 }, "geometry": { "type": "Point", "coordinates": [ -117.90881, 34.131652 ] } },
{ "type": "Feature", "properties": { "country": "US", "state": "CA", "city": "Downey", "zip": "90241", "GID_1": "USA.5_1", "GID_2": "USA.5.19_1", "NAME_1": "California", "NAME_2": "Los Angeles", "id": 51505, "ev_dc_fast_num": 0.0, "ev_level1_evse_num": 0.0, "ev_level2_evse_num": 2.0 }, "geometry": { "type": "Point", "coordinates": [ -118.12389, 33.93519 ] } },
{ "type": "Feature", "properties": { "country": "US", "state": "CA", "city": "El Segundo", "zip": "90245", "GID_1": "USA.5_1", "GID_2": "USA.5.19_1", "NAME_1": "California", "NAME_2": "Los Angeles", "id": 51506, "ev_dc_fast_num": 0.0, "ev_level1_evse_num": 0.0, "ev_level2_evse_num": 3.0 }, "geometry": { "type": "Point", "coordinates": [ -118.396618, 33.924881 ] } },
{ "type": "Feature", "properties": { "country": "US", "state": "CA", "city": "Pasadena", "zip": "91106", "GID_1": "USA.5_1", "GID_2": "USA.5.19_1", "NAME_1": "California", "NAME_2": "Los Angeles", "id": 51517, "ev_dc_fast_num": 0.0, "ev_level1_evse_num": 0.0, "ev_level2_evse_num": 2.0 }, "geometry": { "type": "Point", "coordinates": [ -118.124703, 34.145175 ] } },
{ "type": "Feature", "properties": { "country": "US", "state": "CA", "city": "Arcadia", "zip": "91006", "GID_1": "USA.5_1", "GID_2": "USA.5.19_1", "NAME_1": "California", "NAME_2": "Los Angeles", "id": 51648, "ev_dc_fast_num": 0.0, "ev_level1_evse_num": 0.0, "ev_level2_evse_num": 1.0 }, "geometry": { "type": "Point", "coordinates": [ -118.0255103, 34.1076231 ] } },
{ "type": "Feature", "properties": { "country": "US", "state": "CA", "city": "Arcadia", "zip": "91006", "GID_1": "USA.5_1", "GID_2": "USA.5.19_1", "NAME_1": "California", "NAME_2": "Los Angeles", "id": 51649, "ev_dc_fast_num": 0.0, "ev_level1_evse_num": 0.0, "ev_level2_evse_num": 1.0 }, "geometry": { "type": "Point", "coordinates": [ -118.0232671, 34.1514053 ] } },
{ "type": "Feature", "properties": { "country": "US", "state": "CA", "city": "Los Angeles", "zip": "90017", "GID_1": "USA.5_1", "GID_2": "USA.5.19_1", "NAME_1": "California", "NAME_2": "Los Angeles", "id": 51657, "ev_dc_fast_num": 0.0, "ev_level1_evse_num": 1.0, "ev_level2_evse_num": 1.0 }, "geometry": { "type": "Point", "coordinates": [ -118.257024, 34.049261 ] } },
{ "type": "Feature", "properties": { "country": "US", "state": "CA", "city": "Los Angeles", "zip": "90047", "GID_1": "USA.5_1", "GID_2": "USA.5.19_1", "NAME_1": "California", "NAME_2": "Los Angeles", "id": 51658, "ev_dc_fast_num": 0.0, "ev_level1_evse_num": 6.0, "ev_level2_evse_num": 6.0 }, "geometry": { "type": "Point", "coordinates": [ -118.303441, 33.9293985 ] } },
{ "type": "Feature", "properties": { "country": "US", "state": "CA", "city": "Los Angeles", "zip": "91303", "GID_1": "USA.5_1", "GID_2": "USA.5.19_1", "NAME_1": "California", "NAME_2": "Los Angeles", "id": 51659, "ev_dc_fast_num": 0.0, "ev_level1_evse_num": 0.0, "ev_level2_evse_num": 2.0 }, "geometry": { "type": "Point", "coordinates": [ -118.6015579, 34.1886708 ] } },
{ "type": "Feature", "properties": { "country": "US", "state": "CA", "city": "Rolling Hills Estates", "zip": "90274", "GID_1": "USA.5_1", "GID_2": "USA.5.19_1", "NAME_1": "California", "NAME_2": "Los Angeles", "id": 51720, "ev_dc_fast_num": 0.0, "ev_level1_evse_num": 0.0, "ev_level2_evse_num": 2.0 }, "geometry": { "type": "Point", "coordinates": [ -118.3668021, 33.7704541 ] } },
{ "type": "Feature", "properties": { "country": "US", "state": "CA", "city": "Claremont", "zip": "91711", "GID_1": "USA.5_1", "GID_2": "USA.5.19_1", "NAME_1": "California", "NAME_2": "Los Angeles", "id": 51774, "ev_dc_fast_num": 0.0, "ev_level1_evse_num": 0.0, "ev_level2_evse_num": 4.0 }, "geometry": { "type": "Point", "coordinates": [ -117.705969, 34.10218 ] } },
{ "type": "Feature", "properties": { "country": "US", "state": "CA", "city": "Los Angeles", "zip": "90067", "GID_1": "USA.5_1", "GID_2": "USA.5.19_1", "NAME_1": "California", "NAME_2": "Los Angeles", "id": 51924, "ev_dc_fast_num": 0.0, "ev_level1_evse_num": 0.0, "ev_level2_evse_num": 6.0 }, "geometry": { "type": "Point", "coordinates": [ -118.4132642, 34.0552232 ] } },
{ "type": "Feature", "properties": { "country": "US", "state": "CA", "city": "Los Angeles", "zip": "90024", "GID_1": "USA.5_1", "GID_2": "USA.5.19_1", "NAME_1": "California", "NAME_2": "Los Angeles", "id": 51925, "ev_dc_fast_num": 0.0, "ev_level1_evse_num": 0.0, "ev_level2_evse_num": 6.0 }, "geometry": { "type": "Point", "coordinates": [ -118.4478744, 34.0649969 ] } },
{ "type": "Feature", "properties": { "country": "US", "state": "CA", "city": "Manhattan Beach", "zip": "90266", "GID_1": "USA.5_1", "GID_2": "USA.5.19_1", "NAME_1": "California", "NAME_2": "Los Angeles", "id": 51926, "ev_dc_fast_num": 0.0, "ev_level1_evse_num": 0.0, "ev_level2_evse_num": 4.0 }, "geometry": { "type": "Point", "coordinates": [ -118.4107196, 33.8870094 ] } },
{ "type": "Feature", "properties": { "country": "US", "state": "CA", "city": "Rancho Palos Verdes", "zip": "90275", "GID_1": "USA.5_1", "GID_2": "USA.5.19_1", "NAME_1": "California", "NAME_2": "Los Angeles", "id": 51937, "ev_dc_fast_num": 0.0, "ev_level1_evse_num": 0.0, "ev_level2_evse_num": 2.0 }, "geometry": { "type": "Point", "coordinates": [ -118.3255706, 33.7641434 ] } },
{ "type": "Feature", "properties": { "country": "US", "state": "CA", "city": "San Dimas", "zip": "91773", "GID_1": "USA.5_1", "GID_2": "USA.5.19_1", "NAME_1": "California", "NAME_2": "Los Angeles", "id": 51947, "ev_dc_fast_num": 0.0, "ev_level1_evse_num": 0.0, "ev_level2_evse_num": 1.0 }, "geometry": { "type": "Point", "coordinates": [ -117.8154469, 34.0774759 ] } },
{ "type": "Feature", "properties": { "country": "US", "state": "CA", "city": "Harbor City", "zip": "90710", "GID_1": "USA.5_1", "GID_2": "USA.5.19_1", "NAME_1": "California", "NAME_2": "Los Angeles", "id": 51951, "ev_dc_fast_num": 0.0, "ev_level1_evse_num": 0.0, "ev_level2_evse_num": 1.0 }, "geometry": { "type": "Point", "coordinates": [ -118.3048934, 33.7780414 ] } },
{ "type": "Feature", "properties": { "country": "US", "state": "CA", "city": "Santa Monica", "zip": "90404", "GID_1": "USA.5_1", "GID_2": "USA.5.19_1", "NAME_1": "California", "NAME_2": "Los Angeles", "id": 51958, "ev_dc_fast_num": 0.0, "ev_level1_evse_num": 0.0, "ev_level2_evse_num": 2.0 }, "geometry": { "type": "Point", "coordinates": [ -118.4582761, 34.0300543 ] } },
{ "type": "Feature", "properties": { "country": "US", "state": "CA", "city": "South Gate", "zip": "90280", "GID_1": "USA.5_1", "GID_2": "USA.5.19_1", "NAME_1": "California", "NAME_2": "Los Angeles", "id": 51961, "ev_dc_fast_num": 0.0, "ev_level1_evse_num": 0.0, "ev_level2_evse_num": 1.0 }, "geometry": { "type": "Point", "coordinates": [ -118.2058725, 33.9554294 ] } },
{ "type": "Feature", "properties": { "country": "US", "state": "CA", "city": "Torrance", "zip": "90501", "GID_1": "USA.5_1", "GID_2": "USA.5.19_1", "NAME_1": "California", "NAME_2": "Los Angeles", "id": 52099, "ev_dc_fast_num": 0.0, "ev_level1_evse_num": 0.0, "ev_level2_evse_num": 3.0 }, "geometry": { "type": "Point", "coordinates": [ -118.302131, 33.857926 ] } },
{ "type": "Feature", "properties": { "country": "US", "state": "CA", "city": "Van Nuys", "zip": "91406", "GID_1": "USA.5_1", "GID_2": "USA.5.19_1", "NAME_1": "California", "NAME_2": "Los Angeles", "id": 52100, "ev_dc_fast_num": 0.0, "ev_level1_evse_num": 0.0, "ev_level2_evse_num": 8.0 }, "geometry": { "type": "Point", "coordinates": [ -118.483661, 34.2087342 ] } },
{ "type": "Feature", "properties": { "country": "US", "state": "CA", "city": "Lancaster", "zip": "93534", "GID_1": "USA.5_1", "GID_2": "USA.5.19_1", "NAME_1": "California", "NAME_2": "Los Angeles", "id": 52293, "ev_dc_fast_num": 0.0, "ev_level1_evse_num": 0.0, "ev_level2_evse_num": 2.0 }, "geometry": { "type": "Point", "coordinates": [ -118.146652, 34.6707279 ] } },
{ "type": "Feature", "properties": { "country": "US", "state": "CA", "city": "Los Angeles", "zip": "90041", "GID_1": "USA.5_1", "GID_2": "USA.5.19_1", "NAME_1": "California", "NAME_2": "Los Angeles", "id": 52294, "ev_dc_fast_num": 0.0, "ev_level1_evse_num": 0.0, "ev_level2_evse_num": 3.0 }, "geometry": { "type": "Point", "coordinates": [ -118.208626, 34.127236 ] } },
{ "type": "Feature", "properties": { "country": "US", "state": "CA", "city": "Los Angeles", "zip": "90025", "GID_1": "USA.5_1", "GID_2": "USA.5.19_1", "NAME_1": "California", "NAME_2": "Los Angeles", "id": 52295, "ev_dc_fast_num": 0.0, "ev_level1_evse_num": 0.0, "ev_level2_evse_num": 7.0 }, "geometry": { "type": "Point", "coordinates": [ -118.4442262, 34.0464846 ] } },
{ "type": "Feature", "properties": { "country": "US", "state": "CA", "city": "Glendale", "zip": "91204", "GID_1": "USA.5_1", "GID_2": "USA.5.19_1", "NAME_1": "California", "NAME_2": "Los Angeles", "id": 52520, "ev_dc_fast_num": 0.0, "ev_level1_evse_num": 0.0, "ev_level2_evse_num": 2.0 }, "geometry": { "type": "Point", "coordinates": [ -118.2661369, 34.1422525 ] } },
{ "type": "Feature", "properties": { "country": "US", "state": "CA", "city": "Harbor City", "zip": "90710", "GID_1": "USA.5_1", "GID_2": "USA.5.19_1", "NAME_1": "California", "NAME_2": "Los Angeles", "id": 52521, "ev_dc_fast_num": 0.0, "ev_level1_evse_num": 0.0, "ev_level2_evse_num": 1.0 }, "geometry": { "type": "Point", "coordinates": [ -118.3068563, 33.7981121 ] } },
{ "type": "Feature", "properties": { "country": "US", "state": "CA", "city": "Lancaster", "zip": "93536", "GID_1": "USA.5_1", "GID_2": "USA.5.19_1", "NAME_1": "California", "NAME_2": "Los Angeles", "id": 52522, "ev_dc_fast_num": 0.0, "ev_level1_evse_num": 0.0, "ev_level2_evse_num": 2.0 }, "geometry": { "type": "Point", "coordinates": [ -118.1769049, 34.7196232 ] } },
{ "type": "Feature", "properties": { "country": "US", "state": "CA", "city": "Hawthorne", "zip": "90250", "GID_1": "USA.5_1", "GID_2": "USA.5.19_1", "NAME_1": "California", "NAME_2": "Los Angeles", "id": 52638, "ev_dc_fast_num": 4.0, "ev_level1_evse_num": 0.0, "ev_level2_evse_num": 0.0 }, "geometry": { "type": "Point", "coordinates": [ -118.329996, 33.921425 ] } },
{ "type": "Feature", "properties": { "country": "US", "state": "CA", "city": "Calabasas", "zip": "91302", "GID_1": "USA.5_1", "GID_2": "USA.5.19_1", "NAME_1": "California", "NAME_2": "Los Angeles", "id": 52722, "ev_dc_fast_num": 0.0, "ev_level1_evse_num": 2.0, "ev_level2_evse_num": 2.0 }, "geometry": { "type": "Point", "coordinates": [ -118.716235, 34.0968951 ] } },
{ "type": "Feature", "properties": { "country": "US", "state": "CA", "city": "Carson", "zip": "90745", "GID_1": "USA.5_1", "GID_2": "USA.5.19_1", "NAME_1": "California", "NAME_2": "Los Angeles", "id": 52725, "ev_dc_fast_num": 0.0, "ev_level1_evse_num": 0.0, "ev_level2_evse_num": 2.0 }, "geometry": { "type": "Point", "coordinates": [ -118.263296, 33.8305204 ] } },
{ "type": "Feature", "properties": { "country": "US", "state": "CA", "city": "Long Beach", "zip": "90802", "GID_1": "USA.5_1", "GID_2": "USA.5.19_1", "NAME_1": "California", "NAME_2": "Los Angeles", "id": 52728, "ev_dc_fast_num": 0.0, "ev_level1_evse_num": 0.0, "ev_level2_evse_num": 3.0 }, "geometry": { "type": "Point", "coordinates": [ -118.191434, 33.7686909 ] } },
{ "type": "Feature", "properties": { "country": "US", "state": "CA", "city": "Long Beach", "zip": "90810", "GID_1": "USA.5_1", "GID_2": "USA.5.19_1", "NAME_1": "California", "NAME_2": "Los Angeles", "id": 52729, "ev_dc_fast_num": 0.0, "ev_level1_evse_num": 0.0, "ev_level2_evse_num": 2.0 }, "geometry": { "type": "Point", "coordinates": [ -118.2155739, 33.795752 ] } },
{ "type": "Feature", "properties": { "country": "US", "state": "CA", "city": "Long Beach", "zip": "90808", "GID_1": "USA.5_1", "GID_2": "USA.5.19_1", "NAME_1": "California", "NAME_2": "Los Angeles", "id": 52730, "ev_dc_fast_num": 0.0, "ev_level1_evse_num": 0.0, "ev_level2_evse_num": 5.0 }, "geometry": { "type": "Point", "coordinates": [ -118.144669, 33.818333 ] } },
{ "type": "Feature", "properties": { "country": "US", "state": "CA", "city": "Malibu", "zip": "90265", "GID_1": "USA.5_1", "GID_2": "USA.5.19_1", "NAME_1": "California", "NAME_2": "Los Angeles", "id": 52731, "ev_dc_fast_num": 0.0, "ev_level1_evse_num": 2.0, "ev_level2_evse_num": 2.0 }, "geometry": { "type": "Point", "coordinates": [ -118.9346677, 34.044081 ] } },
{ "type": "Feature", "properties": { "country": "US", "state": "CA", "city": "Los Angeles", "zip": "90045", "GID_1": "USA.5_1", "GID_2": "USA.5.19_1", "NAME_1": "California", "NAME_2": "Los Angeles", "id": 52898, "ev_dc_fast_num": 0.0, "ev_level1_evse_num": 0.0, "ev_level2_evse_num": 15.0 }, "geometry": { "type": "Point", "coordinates": [ -118.3982273, 33.9446599 ] } },
{ "type": "Feature", "properties": { "country": "US", "state": "CA", "city": "Beverly Hills", "zip": "90210", "GID_1": "USA.5_1", "GID_2": "USA.5.19_1", "NAME_1": "California", "NAME_2": "Los Angeles", "id": 53062, "ev_dc_fast_num": 0.0, "ev_level1_evse_num": 0.0, "ev_level2_evse_num": 2.0 }, "geometry": { "type": "Point", "coordinates": [ -118.3937498, 34.0750351 ] } },
{ "type": "Feature", "properties": { "country": "US", "state": "CA", "city": "Los Angeles", "zip": "90045", "GID_1": "USA.5_1", "GID_2": "USA.5.19_1", "NAME_1": "California", "NAME_2": "Los Angeles", "id": 53217, "ev_dc_fast_num": 0.0, "ev_level1_evse_num": 0.0, "ev_level2_evse_num": 5.0 }, "geometry": { "type": "Point", "coordinates": [ -118.421686, 33.967664 ] } },
{ "type": "Feature", "properties": { "country": "US", "state": "CA", "city": "Marina del Rey", "zip": "90292", "GID_1": "USA.5_1", "GID_2": "USA.5.19_1", "NAME_1": "California", "NAME_2": "Los Angeles", "id": 53378, "ev_dc_fast_num": 0.0, "ev_level1_evse_num": 0.0, "ev_level2_evse_num": 2.0 }, "geometry": { "type": "Point", "coordinates": [ -118.4597181, 33.9824424 ] } },
{ "type": "Feature", "properties": { "country": "US", "state": "CA", "city": "Glendale", "zip": "91206", "GID_1": "USA.5_1", "GID_2": "USA.5.19_1", "NAME_1": "California", "NAME_2": "Los Angeles", "id": 53386, "ev_dc_fast_num": 0.0, "ev_level1_evse_num": 0.0, "ev_level2_evse_num": 2.0 }, "geometry": { "type": "Point", "coordinates": [ -118.2482295, 34.1335974 ] } },
{ "type": "Feature", "properties": { "country": "US", "state": "CA", "city": "Los Angeles", "zip": "90012", "GID_1": "USA.5_1", "GID_2": "USA.5.19_1", "NAME_1": "California", "NAME_2": "Los Angeles", "id": 53387, "ev_dc_fast_num": 0.0, "ev_level1_evse_num": 0.0, "ev_level2_evse_num": 2.0 }, "geometry": { "type": "Point", "coordinates": [ -118.2514034, 34.0534353 ] } },
{ "type": "Feature", "properties": { "country": "US", "state": "CA", "city": "Los Angeles", "zip": "90012", "GID_1": "USA.5_1", "GID_2": "USA.5.19_1", "NAME_1": "California", "NAME_2": "Los Angeles", "id": 53388, "ev_dc_fast_num": 0.0, "ev_level1_evse_num": 0.0, "ev_level2_evse_num": 2.0 }, "geometry": { "type": "Point", "coordinates": [ -118.2498267, 34.05322 ] } },
{ "type": "Feature", "properties": { "country": "US", "state": "CA", "city": "Los Angeles", "zip": "90012", "GID_1": "USA.5_1", "GID_2": "USA.5.19_1", "NAME_1": "California", "NAME_2": "Los Angeles", "id": 53389, "ev_dc_fast_num": 0.0, "ev_level1_evse_num": 0.0, "ev_level2_evse_num": 2.0 }, "geometry": { "type": "Point", "coordinates": [ -118.252842, 34.0572914 ] } },
{ "type": "Feature", "properties": { "country": "US", "state": "CA", "city": "Los Angeles", "zip": "90071", "GID_1": "USA.5_1", "GID_2": "USA.5.19_1", "NAME_1": "California", "NAME_2": "Los Angeles", "id": 53390, "ev_dc_fast_num": 0.0, "ev_level1_evse_num": 0.0, "ev_level2_evse_num": 4.0 }, "geometry": { "type": "Point", "coordinates": [ -118.254551, 34.0506183 ] } },
{ "type": "Feature", "properties": { "country": "US", "state": "CA", "city": "Torrance", "zip": "90503", "GID_1": "USA.5_1", "GID_2": "USA.5.19_1", "NAME_1": "California", "NAME_2": "Los Angeles", "id": 53408, "ev_dc_fast_num": 0.0, "ev_level1_evse_num": 0.0, "ev_level2_evse_num": 2.0 }, "geometry": { "type": "Point", "coordinates": [ -118.349995, 33.835802 ] } },
{ "type": "Feature", "properties": { "country": "US", "state": "CA", "city": "Los Angeles", "zip": "90049", "GID_1": "USA.5_1", "GID_2": "USA.5.19_1", "NAME_1": "California", "NAME_2": "Los Angeles", "id": 53525, "ev_dc_fast_num": 0.0, "ev_level1_evse_num": 0.0, "ev_level2_evse_num": 1.0 }, "geometry": { "type": "Point", "coordinates": [ -118.472812, 34.052656 ] } },
{ "type": "Feature", "properties": { "country": "US", "state": "CA", "city": "Pacific Palisades", "zip": "90272", "GID_1": "USA.5_1", "GID_2": "USA.5.19_1", "NAME_1": "California", "NAME_2": "Los Angeles", "id": 53529, "ev_dc_fast_num": 0.0, "ev_level1_evse_num": 0.0, "ev_level2_evse_num": 4.0 }, "geometry": { "type": "Point", "coordinates": [ -118.5013378, 34.0497944 ] } },
{ "type": "Feature", "properties": { "country": "US", "state": "CA", "city": "Los Angeles", "zip": "90071", "GID_1": "USA.5_1", "GID_2": "USA.5.19_1", "NAME_1": "California", "NAME_2": "Los Angeles", "id": 53672, "ev_dc_fast_num": 0.0, "ev_level1_evse_num": 0.0, "ev_level2_evse_num": 2.0 }, "geometry": { "type": "Point", "coordinates": [ -118.254436, 34.051038 ] } },
{ "type": "Feature", "properties": { "country": "US", "state": "CA", "city": "Marina Del Rey", "zip": "90291", "GID_1": "USA.5_1", "GID_2": "USA.5.19_1", "NAME_1": "California", "NAME_2": "Los Angeles", "id": 53673, "ev_dc_fast_num": 0.0, "ev_level1_evse_num": 0.0, "ev_level2_evse_num": 2.0 }, "geometry": { "type": "Point", "coordinates": [ -118.4599971, 33.9824113 ] } },
{ "type": "Feature", "properties": { "country": "US", "state": "CA", "city": "Pasadena", "zip": "91103", "GID_1": "USA.5_1", "GID_2": "USA.5.19_1", "NAME_1": "California", "NAME_2": "Los Angeles", "id": 53677, "ev_dc_fast_num": 0.0, "ev_level1_evse_num": 0.0, "ev_level2_evse_num": 3.0 }, "geometry": { "type": "Point", "coordinates": [ -118.1490474, 34.148826 ] } },
{ "type": "Feature", "properties": { "country": "US", "state": "CA", "city": "La Crescenta", "zip": "91214", "GID_1": "USA.5_1", "GID_2": "USA.5.19_1", "NAME_1": "California", "NAME_2": "Los Angeles", "id": 53908, "ev_dc_fast_num": 0.0, "ev_level1_evse_num": 0.0, "ev_level2_evse_num": 2.0 }, "geometry": { "type": "Point", "coordinates": [ -118.2516289, 34.2316828 ] } },
{ "type": "Feature", "properties": { "country": "US", "state": "CA", "city": "Pomona", "zip": "91768", "GID_1": "USA.5_1", "GID_2": "USA.5.19_1", "NAME_1": "California", "NAME_2": "Los Angeles", "id": 53910, "ev_dc_fast_num": 0.0, "ev_level1_evse_num": 0.0, "ev_level2_evse_num": 12.0 }, "geometry": { "type": "Point", "coordinates": [ -117.8195142, 34.0597917 ] } },
{ "type": "Feature", "properties": { "country": "US", "state": "CA", "city": "Torrance", "zip": "90505", "GID_1": "USA.5_1", "GID_2": "USA.5.19_1", "NAME_1": "California", "NAME_2": "Los Angeles", "id": 53924, "ev_dc_fast_num": 0.0, "ev_level1_evse_num": 0.0, "ev_level2_evse_num": 2.0 }, "geometry": { "type": "Point", "coordinates": [ -118.339431, 33.806906 ] } },
{ "type": "Feature", "properties": { "country": "US", "state": "CA", "city": "Northridge", "zip": "91330", "GID_1": "USA.5_1", "GID_2": "USA.5.19_1", "NAME_1": "California", "NAME_2": "Los Angeles", "id": 54076, "ev_dc_fast_num": 2.0, "ev_level1_evse_num": 0.0, "ev_level2_evse_num": 0.0 }, "geometry": { "type": "Point", "coordinates": [ -118.5296, 34.243172 ] } },
{ "type": "Feature", "properties": { "country": "US", "state": "CA", "city": "Los Angeles", "zip": "90056", "GID_1": "USA.5_1", "GID_2": "USA.5.19_1", "NAME_1": "California", "NAME_2": "Los Angeles", "id": 54225, "ev_dc_fast_num": 0.0, "ev_level1_evse_num": 0.0, "ev_level2_evse_num": 2.0 }, "geometry": { "type": "Point", "coordinates": [ -118.367444, 33.988136 ] } },
{ "type": "Feature", "properties": { "country": "US", "state": "CA", "city": "Los Angeles", "zip": "90056", "GID_1": "USA.5_1", "GID_2": "USA.5.19_1", "NAME_1": "California", "NAME_2": "Los Angeles", "id": 54597, "ev_dc_fast_num": 0.0, "ev_level1_evse_num": 0.0, "ev_level2_evse_num": 2.0 }, "geometry": { "type": "Point", "coordinates": [ -118.367455, 33.98863 ] } },
{ "type": "Feature", "properties": { "country": "US", "state": "CA", "city": "Los Angeles", "zip": "90056", "GID_1": "USA.5_1", "GID_2": "USA.5.19_1", "NAME_1": "California", "NAME_2": "Los Angeles", "id": 54598, "ev_dc_fast_num": 0.0, "ev_level1_evse_num": 0.0, "ev_level2_evse_num": 2.0 }, "geometry": { "type": "Point", "coordinates": [ -118.363664, 33.988971 ] } },
{ "type": "Feature", "properties": { "country": "US", "state": "CA", "city": "Los Angeles", "zip": "90048", "GID_1": "USA.5_1", "GID_2": "USA.5.19_1", "NAME_1": "California", "NAME_2": "Los Angeles", "id": 54807, "ev_dc_fast_num": 0.0, "ev_level1_evse_num": 0.0, "ev_level2_evse_num": 1.0 }, "geometry": { "type": "Point", "coordinates": [ -118.377094, 34.071196 ] } },
{ "type": "Feature", "properties": { "country": "US", "state": "CA", "city": "Los Angeles", "zip": "90064", "GID_1": "USA.5_1", "GID_2": "USA.5.19_1", "NAME_1": "California", "NAME_2": "Los Angeles", "id": 55419, "ev_dc_fast_num": 0.0, "ev_level1_evse_num": 0.0, "ev_level2_evse_num": 3.0 }, "geometry": { "type": "Point", "coordinates": [ -118.40964, 34.051266 ] } },
{ "type": "Feature", "properties": { "country": "US", "state": "CA", "city": "Los Angeles", "zip": "90064", "GID_1": "USA.5_1", "GID_2": "USA.5.19_1", "NAME_1": "California", "NAME_2": "Los Angeles", "id": 55464, "ev_dc_fast_num": 0.0, "ev_level1_evse_num": 0.0, "ev_level2_evse_num": 1.0 }, "geometry": { "type": "Point", "coordinates": [ -118.412734, 34.049833 ] } },
{ "type": "Feature", "properties": { "country": "US", "state": "CA", "city": "Los Angeles", "zip": "90064", "GID_1": "USA.5_1", "GID_2": "USA.5.19_1", "NAME_1": "California", "NAME_2": "Los Angeles", "id": 55465, "ev_dc_fast_num": 0.0, "ev_level1_evse_num": 0.0, "ev_level2_evse_num": 2.0 }, "geometry": { "type": "Point", "coordinates": [ -118.412887, 34.0532 ] } },
{ "type": "Feature", "properties": { "country": "US", "state": "CA", "city": "Los Angeles", "zip": "90035", "GID_1": "USA.5_1", "GID_2": "USA.5.19_1", "NAME_1": "California", "NAME_2": "Los Angeles", "id": 55583, "ev_dc_fast_num": 0.0, "ev_level1_evse_num": 0.0, "ev_level2_evse_num": 2.0 }, "geometry": { "type": "Point", "coordinates": [ -118.411032, 34.051491 ] } },
{ "type": "Feature", "properties": { "country": "US", "state": "CA", "city": "Mission Hills", "zip": "91345", "GID_1": "USA.5_1", "GID_2": "USA.5.19_1", "NAME_1": "California", "NAME_2": "Los Angeles", "id": 55586, "ev_dc_fast_num": 0.0, "ev_level1_evse_num": 0.0, "ev_level2_evse_num": 6.0 }, "geometry": { "type": "Point", "coordinates": [ -118.461519, 34.280194 ] } },
{ "type": "Feature", "properties": { "country": "US", "state": "CA", "city": "Mission Hills", "zip": "91345", "GID_1": "USA.5_1", "GID_2": "USA.5.19_1", "NAME_1": "California", "NAME_2": "Los Angeles", "id": 55589, "ev_dc_fast_num": 0.0, "ev_level1_evse_num": 0.0, "ev_level2_evse_num": 10.0 }, "geometry": { "type": "Point", "coordinates": [ -118.460219, 34.279253 ] } },
{ "type": "Feature", "properties": { "country": "US", "state": "CA", "city": "Glendale", "zip": "91203", "GID_1": "USA.5_1", "GID_2": "USA.5.19_1", "NAME_1": "California", "NAME_2": "Los Angeles", "id": 55814, "ev_dc_fast_num": 0.0, "ev_level1_evse_num": 0.0, "ev_level2_evse_num": 2.0 }, "geometry": { "type": "Point", "coordinates": [ -118.2588566, 34.1556051 ] } },
{ "type": "Feature", "properties": { "country": "US", "state": "CA", "city": "Lakewood", "zip": "90712", "GID_1": "USA.5_1", "GID_2": "USA.5.19_1", "NAME_1": "California", "NAME_2": "Los Angeles", "id": 55878, "ev_dc_fast_num": 0.0, "ev_level1_evse_num": 0.0, "ev_level2_evse_num": 1.0 }, "geometry": { "type": "Point", "coordinates": [ -118.1429602, 33.8612006 ] } },
{ "type": "Feature", "properties": { "country": "US", "state": "CA", "city": "Glendale", "zip": "91204", "GID_1": "USA.5_1", "GID_2": "USA.5.19_1", "NAME_1": "California", "NAME_2": "Los Angeles", "id": 55917, "ev_dc_fast_num": 0.0, "ev_level1_evse_num": 0.0, "ev_level2_evse_num": 2.0 }, "geometry": { "type": "Point", "coordinates": [ -118.2659974, 34.1422636 ] } },
{ "type": "Feature", "properties": { "country": "US", "state": "CA", "city": "Los Angeles", "zip": "90067", "GID_1": "USA.5_1", "GID_2": "USA.5.19_1", "NAME_1": "California", "NAME_2": "Los Angeles", "id": 56587, "ev_dc_fast_num": 0.0, "ev_level1_evse_num": 0.0, "ev_level2_evse_num": 1.0 }, "geometry": { "type": "Point", "coordinates": [ -118.4143677, 34.0584869 ] } },
{ "type": "Feature", "properties": { "country": "US", "state": "CA", "city": "Santa Monica", "zip": "90401", "GID_1": "USA.5_1", "GID_2": "USA.5.19_1", "NAME_1": "California", "NAME_2": "Los Angeles", "id": 56785, "ev_dc_fast_num": 0.0, "ev_level1_evse_num": 2.0, "ev_level2_evse_num": 2.0 }, "geometry": { "type": "Point", "coordinates": [ -118.4943572, 34.014004 ] } },
{ "type": "Feature", "properties": { "country": "US", "state": "CA", "city": "Beverly Hills", "zip": "90210", "GID_1": "USA.5_1", "GID_2": "USA.5.19_1", "NAME_1": "California", "NAME_2": "Los Angeles", "id": 56935, "ev_dc_fast_num": 0.0, "ev_level1_evse_num": 0.0, "ev_level2_evse_num": 1.0 }, "geometry": { "type": "Point", "coordinates": [ -118.4005147, 34.0719663 ] } },
{ "type": "Feature", "properties": { "country": "US", "state": "CA", "city": "Beverly Hills", "zip": "90212", "GID_1": "USA.5_1", "GID_2": "USA.5.19_1", "NAME_1": "California", "NAME_2": "Los Angeles", "id": 57513, "ev_dc_fast_num": 0.0, "ev_level1_evse_num": 1.0, "ev_level2_evse_num": 1.0 }, "geometry": { "type": "Point", "coordinates": [ -118.3989029, 34.068409 ] } },
{ "type": "Feature", "properties": { "country": "US", "state": "CA", "city": "Long Beach", "zip": "90802", "GID_1": "USA.5_1", "GID_2": "USA.5.19_1", "NAME_1": "California", "NAME_2": "Los Angeles", "id": 58330, "ev_dc_fast_num": 0.0, "ev_level1_evse_num": 0.0, "ev_level2_evse_num": 6.0 }, "geometry": { "type": "Point", "coordinates": [ -118.191434, 33.7686909 ] } },
{ "type": "Feature", "properties": { "country": "US", "state": "CA", "city": "Marina del Rey", "zip": "90292", "GID_1": "USA.5_1", "GID_2": "USA.5.19_1", "NAME_1": "California", "NAME_2": "Los Angeles", "id": 58707, "ev_dc_fast_num": 0.0, "ev_level1_evse_num": 0.0, "ev_level2_evse_num": 6.0 }, "geometry": { "type": "Point", "coordinates": [ -118.4595994, 33.9784671 ] } },
{ "type": "Feature", "properties": { "country": "US", "state": "CA", "city": "Hollywood", "zip": "90029", "GID_1": "USA.5_1", "GID_2": "USA.5.19_1", "NAME_1": "California", "NAME_2": "Los Angeles", "id": 60059, "ev_dc_fast_num": 0.0, "ev_level1_evse_num": 0.0, "ev_level2_evse_num": 3.0 }, "geometry": { "type": "Point", "coordinates": [ -118.291554, 34.092846 ] } },
{ "type": "Feature", "properties": { "country": "US", "state": "CA", "city": "Los Angeles", "zip": "90077", "GID_1": "USA.5_1", "GID_2": "USA.5.19_1", "NAME_1": "California", "NAME_2": "Los Angeles", "id": 60125, "ev_dc_fast_num": 1.0, "ev_level1_evse_num": 0.0, "ev_level2_evse_num": 0.0 }, "geometry": { "type": "Point", "coordinates": [ -118.444831, 34.0726079 ] } },
{ "type": "Feature", "properties": { "country": "US", "state": "CA", "city": "Los Angeles", "zip": "91401", "GID_1": "USA.5_1", "GID_2": "USA.5.19_1", "NAME_1": "California", "NAME_2": "Los Angeles", "id": 60172, "ev_dc_fast_num": 0.0, "ev_level1_evse_num": 0.0, "ev_level2_evse_num": 3.0 }, "geometry": { "type": "Point", "coordinates": [ -118.449075, 34.165103 ] } },
{ "type": "Feature", "properties": { "country": "US", "state": "CA", "city": "Hawthorne", "zip": "90250", "GID_1": "USA.5_1", "GID_2": "USA.5.19_1", "NAME_1": "California", "NAME_2": "Los Angeles", "id": 60185, "ev_dc_fast_num": 0.0, "ev_level1_evse_num": 2.0, "ev_level2_evse_num": 2.0 }, "geometry": { "type": "Point", "coordinates": [ -118.3685055, 33.9008327 ] } },
{ "type": "Feature", "properties": { "country": "US", "state": "CA", "city": "Los Angeles", "zip": "90067", "GID_1": "USA.5_1", "GID_2": "USA.5.19_1", "NAME_1": "California", "NAME_2": "Los Angeles", "id": 60245, "ev_dc_fast_num": 0.0, "ev_level1_evse_num": 0.0, "ev_level2_evse_num": 12.0 }, "geometry": { "type": "Point", "coordinates": [ -118.4123267, 34.050756 ] } },
{ "type": "Feature", "properties": { "country": "US", "state": "CA", "city": "Los Angeles", "zip": "90067", "GID_1": "USA.5_1", "GID_2": "USA.5.19_1", "NAME_1": "California", "NAME_2": "Los Angeles", "id": 60247, "ev_dc_fast_num": 0.0, "ev_level1_evse_num": 0.0, "ev_level2_evse_num": 2.0 }, "geometry": { "type": "Point", "coordinates": [ -118.4110267, 34.0518167 ] } },
{ "type": "Feature", "properties": { "country": "US", "state": "CA", "city": "Los Angeles", "zip": "90064", "GID_1": "USA.5_1", "GID_2": "USA.5.19_1", "NAME_1": "California", "NAME_2": "Los Angeles", "id": 60248, "ev_dc_fast_num": 0.0, "ev_level1_evse_num": 0.0, "ev_level2_evse_num": 2.0 }, "geometry": { "type": "Point", "coordinates": [ -118.4112627, 34.05213 ] } },
{ "type": "Feature", "properties": { "country": "US", "state": "CA", "city": "Claremont", "zip": "91711", "GID_1": "USA.5_1", "GID_2": "USA.5.19_1", "NAME_1": "California", "NAME_2": "Los Angeles", "id": 60334, "ev_dc_fast_num": 0.0, "ev_level1_evse_num": 0.0, "ev_level2_evse_num": 2.0 }, "geometry": { "type": "Point", "coordinates": [ -117.7166765, 34.096114 ] } },
{ "type": "Feature", "properties": { "country": "US", "state": "CA", "city": "Claremont", "zip": "91711", "GID_1": "USA.5_1", "GID_2": "USA.5.19_1", "NAME_1": "California", "NAME_2": "Los Angeles", "id": 60335, "ev_dc_fast_num": 0.0, "ev_level1_evse_num": 0.0, "ev_level2_evse_num": 2.0 }, "geometry": { "type": "Point", "coordinates": [ -117.7199318, 34.0943513 ] } },
{ "type": "Feature", "properties": { "country": "US", "state": "CA", "city": "Tarzana", "zip": "91356", "GID_1": "USA.5_1", "GID_2": "USA.5.19_1", "NAME_1": "California", "NAME_2": "Los Angeles", "id": 60372, "ev_dc_fast_num": 1.0, "ev_level1_evse_num": 1.0, "ev_level2_evse_num": 1.0 }, "geometry": { "type": "Point", "coordinates": [ -118.537956, 34.168948 ] } },
{ "type": "Feature", "properties": { "country": "US", "state": "CA", "city": "Downey", "zip": "90241", "GID_1": "USA.5_1", "GID_2": "USA.5.19_1", "NAME_1": "California", "NAME_2": "Los Angeles", "id": 60393, "ev_dc_fast_num": 1.0, "ev_level1_evse_num": 1.0, "ev_level2_evse_num": 1.0 }, "geometry": { "type": "Point", "coordinates": [ -118.120886, 33.935348 ] } },
{ "type": "Feature", "properties": { "country": "US", "state": "CA", "city": "Los Angeles", "zip": "91602", "GID_1": "USA.5_1", "GID_2": "USA.5.19_1", "NAME_1": "California", "NAME_2": "Los Angeles", "id": 60449, "ev_dc_fast_num": 0.0, "ev_level1_evse_num": 0.0, "ev_level2_evse_num": 1.0 }, "geometry": { "type": "Point", "coordinates": [ -118.349922, 34.1520036 ] } },
{ "type": "Feature", "properties": { "country": "US", "state": "CA", "city": "El Segundo", "zip": "90245", "GID_1": "USA.5_1", "GID_2": "USA.5.19_1", "NAME_1": "California", "NAME_2": "Los Angeles", "id": 60467, "ev_dc_fast_num": 0.0, "ev_level1_evse_num": 0.0, "ev_level2_evse_num": 2.0 }, "geometry": { "type": "Point", "coordinates": [ -118.393833, 33.9289685 ] } },
{ "type": "Feature", "properties": { "country": "US", "state": "CA", "city": "El Segundo", "zip": "90245", "GID_1": "USA.5_1", "GID_2": "USA.5.19_1", "NAME_1": "California", "NAME_2": "Los Angeles", "id": 60468, "ev_dc_fast_num": 0.0, "ev_level1_evse_num": 0.0, "ev_level2_evse_num": 2.0 }, "geometry": { "type": "Point", "coordinates": [ -118.3937749, 33.9289736 ] } },
{ "type": "Feature", "properties": { "country": "US", "state": "CA", "city": "El Segundo", "zip": "90245", "GID_1": "USA.5_1", "GID_2": "USA.5.19_1", "NAME_1": "California", "NAME_2": "Los Angeles", "id": 60469, "ev_dc_fast_num": 0.0, "ev_level1_evse_num": 0.0, "ev_level2_evse_num": 4.0 }, "geometry": { "type": "Point", "coordinates": [ -118.395362, 33.925045 ] } },
{ "type": "Feature", "properties": { "country": "US", "state": "CA", "city": "El Segundo", "zip": "90245", "GID_1": "USA.5_1", "GID_2": "USA.5.19_1", "NAME_1": "California", "NAME_2": "Los Angeles", "id": 60470, "ev_dc_fast_num": 0.0, "ev_level1_evse_num": 0.0, "ev_level2_evse_num": 2.0 }, "geometry": { "type": "Point", "coordinates": [ -118.3896499, 33.9283012 ] } },
{ "type": "Feature", "properties": { "country": "US", "state": "CA", "city": "Los Angeles", "zip": "91607", "GID_1": "USA.5_1", "GID_2": "USA.5.19_1", "NAME_1": "California", "NAME_2": "Los Angeles", "id": 60532, "ev_dc_fast_num": 0.0, "ev_level1_evse_num": 0.0, "ev_level2_evse_num": 2.0 }, "geometry": { "type": "Point", "coordinates": [ -118.3936399, 34.1706349 ] } },
{ "type": "Feature", "properties": { "country": "US", "state": "CA", "city": "Long Beach", "zip": "90802", "GID_1": "USA.5_1", "GID_2": "USA.5.19_1", "NAME_1": "California", "NAME_2": "Los Angeles", "id": 60626, "ev_dc_fast_num": 0.0, "ev_level1_evse_num": 0.0, "ev_level2_evse_num": 4.0 }, "geometry": { "type": "Point", "coordinates": [ -118.166816, 33.763172 ] } },
{ "type": "Feature", "properties": { "country": "US", "state": "CA", "city": "Long Beach", "zip": "90802", "GID_1": "USA.5_1", "GID_2": "USA.5.19_1", "NAME_1": "California", "NAME_2": "Los Angeles", "id": 60627, "ev_dc_fast_num": 0.0, "ev_level1_evse_num": 0.0, "ev_level2_evse_num": 4.0 }, "geometry": { "type": "Point", "coordinates": [ -118.195081, 33.764985 ] } },
{ "type": "Feature", "properties": { "country": "US", "state": "CA", "city": "Santa Monica", "zip": "90401", "GID_1": "USA.5_1", "GID_2": "USA.5.19_1", "NAME_1": "California", "NAME_2": "Los Angeles", "id": 60638, "ev_dc_fast_num": 0.0, "ev_level1_evse_num": 0.0, "ev_level2_evse_num": 1.0 }, "geometry": { "type": "Point", "coordinates": [ -118.493846, 34.022055 ] } },
{ "type": "Feature", "properties": { "country": "US", "state": "CA", "city": "North Hollywood", "zip": "91605", "GID_1": "USA.5_1", "GID_2": "USA.5.19_1", "NAME_1": "California", "NAME_2": "Los Angeles", "id": 60805, "ev_dc_fast_num": 0.0, "ev_level1_evse_num": 0.0, "ev_level2_evse_num": 1.0 }, "geometry": { "type": "Point", "coordinates": [ -118.3833404, 34.2011817 ] } },
{ "type": "Feature", "properties": { "country": "US", "state": "CA", "city": "Los Angeles", "zip": "90015", "GID_1": "USA.5_1", "GID_2": "USA.5.19_1", "NAME_1": "California", "NAME_2": "Los Angeles", "id": 61027, "ev_dc_fast_num": 1.0, "ev_level1_evse_num": 0.0, "ev_level2_evse_num": 0.0 }, "geometry": { "type": "Point", "coordinates": [ -118.2722304, 34.0352904 ] } },
{ "type": "Feature", "properties": { "country": "US", "state": "CA", "city": "Glendale", "zip": "91203", "GID_1": "USA.5_1", "GID_2": "USA.5.19_1", "NAME_1": "California", "NAME_2": "Los Angeles", "id": 61061, "ev_dc_fast_num": 0.0, "ev_level1_evse_num": 0.0, "ev_level2_evse_num": 2.0 }, "geometry": { "type": "Point", "coordinates": [ -118.2544909, 34.1541217 ] } },
{ "type": "Feature", "properties": { "country": "US", "state": "CA", "city": "Norwalk", "zip": "90650", "GID_1": "USA.5_1", "GID_2": "USA.5.19_1", "NAME_1": "California", "NAME_2": "Los Angeles", "id": 61071, "ev_dc_fast_num": 0.0, "ev_level1_evse_num": 0.0, "ev_level2_evse_num": 8.0 }, "geometry": { "type": "Point", "coordinates": [ -118.0951275, 33.8874733 ] } },
{ "type": "Feature", "properties": { "country": "US", "state": "CA", "city": "Cerritos", "zip": "90703", "GID_1": "USA.5_1", "GID_2": "USA.5.19_1", "NAME_1": "California", "NAME_2": "Los Angeles", "id": 61079, "ev_dc_fast_num": 0.0, "ev_level1_evse_num": 0.0, "ev_level2_evse_num": 4.0 }, "geometry": { "type": "Point", "coordinates": [ -118.0961417, 33.8861447 ] } },
{ "type": "Feature", "properties": { "country": "US", "state": "CA", "city": "Carson", "zip": "90745", "GID_1": "USA.5_1", "GID_2": "USA.5.19_1", "NAME_1": "California", "NAME_2": "Los Angeles", "id": 61211, "ev_dc_fast_num": 1.0, "ev_level1_evse_num": 0.0, "ev_level2_evse_num": 0.0 }, "geometry": { "type": "Point", "coordinates": [ -118.245666, 33.8249799 ] } },
{ "type": "Feature", "properties": { "country": "US", "state": "CA", "city": "Los Angeles", "zip": "90094", "GID_1": "USA.5_1", "GID_2": "USA.5.19_1", "NAME_1": "California", "NAME_2": "Los Angeles", "id": 61212, "ev_dc_fast_num": 0.0, "ev_level1_evse_num": 0.0, "ev_level2_evse_num": 2.0 }, "geometry": { "type": "Point", "coordinates": [ -118.4301763, 33.9745191 ] } },
{ "type": "Feature", "properties": { "country": "US", "state": "CA", "city": "City of Industry", "zip": "91748", "GID_1": "USA.5_1", "GID_2": "USA.5.19_1", "NAME_1": "California", "NAME_2": "Los Angeles", "id": 61282, "ev_dc_fast_num": 1.0, "ev_level1_evse_num": 0.0, "ev_level2_evse_num": 0.0 }, "geometry": { "type": "Point", "coordinates": [ -117.928079, 33.997695 ] } },
{ "type": "Feature", "properties": { "country": "US", "state": "CA", "city": "Burbank", "zip": "91505", "GID_1": "USA.5_1", "GID_2": "USA.5.19_1", "NAME_1": "California", "NAME_2": "Los Angeles", "id": 61302, "ev_dc_fast_num": 0.0, "ev_level1_evse_num": 0.0, "ev_level2_evse_num": 2.0 }, "geometry": { "type": "Point", "coordinates": [ -118.3303658, 34.1520778 ] } },
{ "type": "Feature", "properties": { "country": "US", "state": "CA", "city": "Calabasas", "zip": "91302", "GID_1": "USA.5_1", "GID_2": "USA.5.19_1", "NAME_1": "California", "NAME_2": "Los Angeles", "id": 61384, "ev_dc_fast_num": 0.0, "ev_level1_evse_num": 0.0, "ev_level2_evse_num": 2.0 }, "geometry": { "type": "Point", "coordinates": [ -118.6614904, 34.1498003 ] } },
{ "type": "Feature", "properties": { "country": "US", "state": "CA", "city": "Universal City", "zip": "91608", "GID_1": "USA.5_1", "GID_2": "USA.5.19_1", "NAME_1": "California", "NAME_2": "Los Angeles", "id": 61385, "ev_dc_fast_num": 0.0, "ev_level1_evse_num": 0.0, "ev_level2_evse_num": 2.0 }, "geometry": { "type": "Point", "coordinates": [ -118.358402, 34.137037 ] } },
{ "type": "Feature", "properties": { "country": "US", "state": "CA", "city": "Westlake Village", "zip": "91361", "GID_1": "USA.5_1", "GID_2": "USA.5.19_1", "NAME_1": "California", "NAME_2": "Los Angeles", "id": 61532, "ev_dc_fast_num": 0.0, "ev_level1_evse_num": 0.0, "ev_level2_evse_num": 1.0 }, "geometry": { "type": "Point", "coordinates": [ -118.8179447, 34.1480316 ] } },
{ "type": "Feature", "properties": { "country": "US", "state": "CA", "city": "West Hills", "zip": "91307", "GID_1": "USA.5_1", "GID_2": "USA.5.19_1", "NAME_1": "California", "NAME_2": "Los Angeles", "id": 61606, "ev_dc_fast_num": 0.0, "ev_level1_evse_num": 0.0, "ev_level2_evse_num": 1.0 }, "geometry": { "type": "Point", "coordinates": [ -118.6236876, 34.1882304 ] } },
{ "type": "Feature", "properties": { "country": "US", "state": "CA", "city": "Los Angeles", "zip": "90036", "GID_1": "USA.5_1", "GID_2": "USA.5.19_1", "NAME_1": "California", "NAME_2": "Los Angeles", "id": 61629, "ev_dc_fast_num": 0.0, "ev_level1_evse_num": 0.0, "ev_level2_evse_num": 4.0 }, "geometry": { "type": "Point", "coordinates": [ -118.340011, 34.061404 ] } },
{ "type": "Feature", "properties": { "country": "US", "state": "CA", "city": "Los Angeles", "zip": "91606", "GID_1": "USA.5_1", "GID_2": "USA.5.19_1", "NAME_1": "California", "NAME_2": "Los Angeles", "id": 61636, "ev_dc_fast_num": 0.0, "ev_level1_evse_num": 0.0, "ev_level2_evse_num": 8.0 }, "geometry": { "type": "Point", "coordinates": [ -118.3880926, 34.1906008 ] } },
{ "type": "Feature", "properties": { "country": "US", "state": "CA", "city": "Woodland Hills", "zip": "91367", "GID_1": "USA.5_1", "GID_2": "USA.5.19_1", "NAME_1": "California", "NAME_2": "Los Angeles", "id": 61696, "ev_dc_fast_num": 3.0, "ev_level1_evse_num": 0.0, "ev_level2_evse_num": 1.0 }, "geometry": { "type": "Point", "coordinates": [ -118.597015, 34.174296 ] } },
{ "type": "Feature", "properties": { "country": "US", "state": "CA", "city": "West Covina", "zip": "91791", "GID_1": "USA.5_1", "GID_2": "USA.5.19_1", "NAME_1": "California", "NAME_2": "Los Angeles", "id": 61741, "ev_dc_fast_num": 1.0, "ev_level1_evse_num": 0.0, "ev_level2_evse_num": 0.0 }, "geometry": { "type": "Point", "coordinates": [ -117.891253, 34.074364 ] } },
{ "type": "Feature", "properties": { "country": "US", "state": "CA", "city": "Palmdale", "zip": "93551", "GID_1": "USA.5_1", "GID_2": "USA.5.19_1", "NAME_1": "California", "NAME_2": "Los Angeles", "id": 61743, "ev_dc_fast_num": 1.0, "ev_level1_evse_num": 0.0, "ev_level2_evse_num": 0.0 }, "geometry": { "type": "Point", "coordinates": [ -118.138181, 34.591166 ] } },
{ "type": "Feature", "properties": { "country": "US", "state": "CA", "city": "Cerritos", "zip": "90703", "GID_1": "USA.5_1", "GID_2": "USA.5.19_1", "NAME_1": "California", "NAME_2": "Los Angeles", "id": 61745, "ev_dc_fast_num": 1.0, "ev_level1_evse_num": 0.0, "ev_level2_evse_num": 0.0 }, "geometry": { "type": "Point", "coordinates": [ -118.10044, 33.86164 ] } },
{ "type": "Feature", "properties": { "country": "US", "state": "CA", "city": "Long Beach", "zip": "90802", "GID_1": "USA.5_1", "GID_2": "USA.5.19_1", "NAME_1": "California", "NAME_2": "Los Angeles", "id": 61768, "ev_dc_fast_num": 0.0, "ev_level1_evse_num": 0.0, "ev_level2_evse_num": 7.0 }, "geometry": { "type": "Point", "coordinates": [ -118.193469, 33.751945 ] } },
{ "type": "Feature", "properties": { "country": "US", "state": "CA", "city": "Glendale", "zip": "91204", "GID_1": "USA.5_1", "GID_2": "USA.5.19_1", "NAME_1": "California", "NAME_2": "Los Angeles", "id": 61775, "ev_dc_fast_num": 0.0, "ev_level1_evse_num": 0.0, "ev_level2_evse_num": 2.0 }, "geometry": { "type": "Point", "coordinates": [ -118.2647117, 34.1331569 ] } },
{ "type": "Feature", "properties": { "country": "US", "state": "CA", "city": "Los Angeles", "zip": "90023", "GID_1": "USA.5_1", "GID_2": "USA.5.19_1", "NAME_1": "California", "NAME_2": "Los Angeles", "id": 61803, "ev_dc_fast_num": 0.0, "ev_level1_evse_num": 0.0, "ev_level2_evse_num": 2.0 }, "geometry": { "type": "Point", "coordinates": [ -118.220129, 34.017707 ] } },
{ "type": "Feature", "properties": { "country": "US", "state": "CA", "city": "Los Angeles", "zip": "90043", "GID_1": "USA.5_1", "GID_2": "USA.5.19_1", "NAME_1": "California", "NAME_2": "Los Angeles", "id": 61804, "ev_dc_fast_num": 0.0, "ev_level1_evse_num": 0.0, "ev_level2_evse_num": 3.0 }, "geometry": { "type": "Point", "coordinates": [ -118.212564, 34.040452 ] } },
{ "type": "Feature", "properties": { "country": "US", "state": "CA", "city": "City of Commerce", "zip": "90040", "GID_1": "USA.5_1", "GID_2": "USA.5.19_1", "NAME_1": "California", "NAME_2": "Los Angeles", "id": 61805, "ev_dc_fast_num": 0.0, "ev_level1_evse_num": 0.0, "ev_level2_evse_num": 4.0 }, "geometry": { "type": "Point", "coordinates": [ -118.156295, 34.007955 ] } },
{ "type": "Feature", "properties": { "country": "US", "state": "CA", "city": "Encino", "zip": "91436", "GID_1": "USA.5_1", "GID_2": "USA.5.19_1", "NAME_1": "California", "NAME_2": "Los Angeles", "id": 61808, "ev_dc_fast_num": 0.0, "ev_level1_evse_num": 0.0, "ev_level2_evse_num": 1.0 }, "geometry": { "type": "Point", "coordinates": [ -118.4722366, 34.1558228 ] } },
{ "type": "Feature", "properties": { "country": "US", "state": "CA", "city": "Long Beach", "zip": "90806", "GID_1": "USA.5_1", "GID_2": "USA.5.19_1", "NAME_1": "California", "NAME_2": "Los Angeles", "id": 61824, "ev_dc_fast_num": 0.0, "ev_level1_evse_num": 0.0, "ev_level2_evse_num": 1.0 }, "geometry": { "type": "Point", "coordinates": [ -118.1456187, 33.8089387 ] } },
{ "type": "Feature", "properties": { "country": "US", "state": "CA", "city": "Los Angeles", "zip": "90041", "GID_1": "USA.5_1", "GID_2": "USA.5.19_1", "NAME_1": "California", "NAME_2": "Los Angeles", "id": 61825, "ev_dc_fast_num": 0.0, "ev_level1_evse_num": 0.0, "ev_level2_evse_num": 2.0 }, "geometry": { "type": "Point", "coordinates": [ -118.2168957, 34.1393691 ] } },
{ "type": "Feature", "properties": { "country": "US", "state": "CA", "city": "Los Angeles", "zip": "90731", "GID_1": "USA.5_1", "GID_2": "USA.5.19_1", "NAME_1": "California", "NAME_2": "Los Angeles", "id": 61935, "ev_dc_fast_num": 0.0, "ev_level1_evse_num": 0.0, "ev_level2_evse_num": 2.0 }, "geometry": { "type": "Point", "coordinates": [ -118.2826259, 33.7391494 ] } },
{ "type": "Feature", "properties": { "country": "US", "state": "CA", "city": "Hermosa Beach", "zip": "90254", "GID_1": "USA.5_1", "GID_2": "USA.5.19_1", "NAME_1": "California", "NAME_2": "Los Angeles", "id": 62041, "ev_dc_fast_num": 2.0, "ev_level1_evse_num": 0.0, "ev_level2_evse_num": 1.0 }, "geometry": { "type": "Point", "coordinates": [ -118.401579, 33.863072 ] } },
{ "type": "Feature", "properties": { "country": "US", "state": "CA", "city": "Downey", "zip": "90241", "GID_1": "USA.5_1", "GID_2": "USA.5.19_1", "NAME_1": "California", "NAME_2": "Los Angeles", "id": 62043, "ev_dc_fast_num": 1.0, "ev_level1_evse_num": 0.0, "ev_level2_evse_num": 0.0 }, "geometry": { "type": "Point", "coordinates": [ -118.145713, 33.94658 ] } },
{ "type": "Feature", "properties": { "country": "US", "state": "CA", "city": "Rancho Palos Verdes", "zip": "90275", "GID_1": "USA.5_1", "GID_2": "USA.5.19_1", "NAME_1": "California", "NAME_2": "Los Angeles", "id": 62101, "ev_dc_fast_num": 0.0, "ev_level1_evse_num": 0.0, "ev_level2_evse_num": 4.0 }, "geometry": { "type": "Point", "coordinates": [ -118.3959923, 33.7414741 ] } },
{ "type": "Feature", "properties": { "country": "US", "state": "CA", "city": "Long Beach", "zip": "90802", "GID_1": "USA.5_1", "GID_2": "USA.5.19_1", "NAME_1": "California", "NAME_2": "Los Angeles", "id": 62122, "ev_dc_fast_num": 0.0, "ev_level1_evse_num": 0.0, "ev_level2_evse_num": 6.0 }, "geometry": { "type": "Point", "coordinates": [ -118.193257, 33.762884 ] } },
{ "type": "Feature", "properties": { "country": "US", "state": "CA", "city": "Los Angeles", "zip": "91602", "GID_1": "USA.5_1", "GID_2": "USA.5.19_1", "NAME_1": "California", "NAME_2": "Los Angeles", "id": 62163, "ev_dc_fast_num": 0.0, "ev_level1_evse_num": 0.0, "ev_level2_evse_num": 2.0 }, "geometry": { "type": "Point", "coordinates": [ -118.3642199, 34.1471195 ] } },
{ "type": "Feature", "properties": { "country": "US", "state": "CA", "city": "Norwalk", "zip": "90650", "GID_1": "USA.5_1", "GID_2": "USA.5.19_1", "NAME_1": "California", "NAME_2": "Los Angeles", "id": 62215, "ev_dc_fast_num": 0.0, "ev_level1_evse_num": 0.0, "ev_level2_evse_num": 2.0 }, "geometry": { "type": "Point", "coordinates": [ -118.1022318, 33.9234968 ] } },
{ "type": "Feature", "properties": { "country": "US", "state": "CA", "city": "Glendale", "zip": "91204", "GID_1": "USA.5_1", "GID_2": "USA.5.19_1", "NAME_1": "California", "NAME_2": "Los Angeles", "id": 62224, "ev_dc_fast_num": 1.0, "ev_level1_evse_num": 0.0, "ev_level2_evse_num": 0.0 }, "geometry": { "type": "Point", "coordinates": [ -118.2555471, 34.1369637 ] } },
{ "type": "Feature", "properties": { "country": "US", "state": "CA", "city": "Claremont", "zip": "91711", "GID_1": "USA.5_1", "GID_2": "USA.5.19_1", "NAME_1": "California", "NAME_2": "Los Angeles", "id": 62255, "ev_dc_fast_num": 0.0, "ev_level1_evse_num": 0.0, "ev_level2_evse_num": 12.0 }, "geometry": { "type": "Point", "coordinates": [ -117.7114406, 34.0946555 ] } },
{ "type": "Feature", "properties": { "country": "US", "state": "CA", "city": "Cerritos", "zip": "90703", "GID_1": "USA.5_1", "GID_2": "USA.5.19_1", "NAME_1": "California", "NAME_2": "Los Angeles", "id": 62289, "ev_dc_fast_num": 1.0, "ev_level1_evse_num": 0.0, "ev_level2_evse_num": 1.0 }, "geometry": { "type": "Point", "coordinates": [ -118.096175, 33.863088 ] } },
{ "type": "Feature", "properties": { "country": "US", "state": "CA", "city": "Los Angeles", "zip": "90007", "GID_1": "USA.5_1", "GID_2": "USA.5.19_1", "NAME_1": "California", "NAME_2": "Los Angeles", "id": 62334, "ev_dc_fast_num": 0.0, "ev_level1_evse_num": 0.0, "ev_level2_evse_num": 8.0 }, "geometry": { "type": "Point", "coordinates": [ -118.2772, 34.019794 ] } },
{ "type": "Feature", "properties": { "country": "US", "state": "CA", "city": "Los Angeles", "zip": "90089", "GID_1": "USA.5_1", "GID_2": "USA.5.19_1", "NAME_1": "California", "NAME_2": "Los Angeles", "id": 62344, "ev_dc_fast_num": 0.0, "ev_level1_evse_num": 0.0, "ev_level2_evse_num": 2.0 }, "geometry": { "type": "Point", "coordinates": [ -118.2882767, 34.0210484 ] } },
{ "type": "Feature", "properties": { "country": "US", "state": "CA", "city": "Los Angeles", "zip": "90033", "GID_1": "USA.5_1", "GID_2": "USA.5.19_1", "NAME_1": "California", "NAME_2": "Los Angeles", "id": 62345, "ev_dc_fast_num": 0.0, "ev_level1_evse_num": 0.0, "ev_level2_evse_num": 4.0 }, "geometry": { "type": "Point", "coordinates": [ -118.2069457, 34.0609274 ] } },
{ "type": "Feature", "properties": { "country": "US", "state": "CA", "city": "Los Angeles", "zip": "90089", "GID_1": "USA.5_1", "GID_2": "USA.5.19_1", "NAME_1": "California", "NAME_2": "Los Angeles", "id": 62346, "ev_dc_fast_num": 0.0, "ev_level1_evse_num": 0.0, "ev_level2_evse_num": 2.0 }, "geometry": { "type": "Point", "coordinates": [ -118.2818672, 34.0219516 ] } },
{ "type": "Feature", "properties": { "country": "US", "state": "CA", "city": "Los Angeles", "zip": "90089", "GID_1": "USA.5_1", "GID_2": "USA.5.19_1", "NAME_1": "California", "NAME_2": "Los Angeles", "id": 62347, "ev_dc_fast_num": 0.0, "ev_level1_evse_num": 0.0, "ev_level2_evse_num": 2.0 }, "geometry": { "type": "Point", "coordinates": [ -118.2900148, 34.0209061 ] } },
{ "type": "Feature", "properties": { "country": "US", "state": "CA", "city": "Los Angeles", "zip": "90064", "GID_1": "USA.5_1", "GID_2": "USA.5.19_1", "NAME_1": "California", "NAME_2": "Los Angeles", "id": 62349, "ev_dc_fast_num": 0.0, "ev_level1_evse_num": 0.0, "ev_level2_evse_num": 2.0 }, "geometry": { "type": "Point", "coordinates": [ -118.4409407, 34.0376246 ] } },
{ "type": "Feature", "properties": { "country": "US", "state": "CA", "city": "Lancaster", "zip": "93534", "GID_1": "USA.5_1", "GID_2": "USA.5.19_1", "NAME_1": "California", "NAME_2": "Los Angeles", "id": 62397, "ev_dc_fast_num": 1.0, "ev_level1_evse_num": 0.0, "ev_level2_evse_num": 0.0 }, "geometry": { "type": "Point", "coordinates": [ -118.142062, 34.698681 ] } },
{ "type": "Feature", "properties": { "country": "US", "state": "CA", "city": "El Segundo", "zip": "90245", "GID_1": "USA.5_1", "GID_2": "USA.5.19_1", "NAME_1": "California", "NAME_2": "Los Angeles", "id": 62457, "ev_dc_fast_num": 0.0, "ev_level1_evse_num": 0.0, "ev_level2_evse_num": 2.0 }, "geometry": { "type": "Point", "coordinates": [ -118.3901073, 33.9168787 ] } },
{ "type": "Feature", "properties": { "country": "US", "state": "CA", "city": "Redondo Beach", "zip": "90278", "GID_1": "USA.5_1", "GID_2": "USA.5.19_1", "NAME_1": "California", "NAME_2": "Los Angeles", "id": 62602, "ev_dc_fast_num": 0.0, "ev_level1_evse_num": 0.0, "ev_level2_evse_num": 1.0 }, "geometry": { "type": "Point", "coordinates": [ -118.3602591, 33.8725292 ] } },
{ "type": "Feature", "properties": { "country": "US", "state": "CA", "city": "Long Beach", "zip": "90755", "GID_1": "USA.5_1", "GID_2": "USA.5.19_1", "NAME_1": "California", "NAME_2": "Los Angeles", "id": 62721, "ev_dc_fast_num": 1.0, "ev_level1_evse_num": 0.0, "ev_level2_evse_num": 0.0 }, "geometry": { "type": "Point", "coordinates": [ -118.169388, 33.811155 ] } },
{ "type": "Feature", "properties": { "country": "US", "state": "CA", "city": "Los Angeles", "zip": "90013", "GID_1": "USA.5_1", "GID_2": "USA.5.19_1", "NAME_1": "California", "NAME_2": "Los Angeles", "id": 62879, "ev_dc_fast_num": 0.0, "ev_level1_evse_num": 0.0, "ev_level2_evse_num": 1.0 }, "geometry": { "type": "Point", "coordinates": [ -118.2468473, 34.047854 ] } },
{ "type": "Feature", "properties": { "country": "US", "state": "CA", "city": "Torrance", "zip": "90505", "GID_1": "USA.5_1", "GID_2": "USA.5.19_1", "NAME_1": "California", "NAME_2": "Los Angeles", "id": 62892, "ev_dc_fast_num": 0.0, "ev_level1_evse_num": 0.0, "ev_level2_evse_num": 4.0 }, "geometry": { "type": "Point", "coordinates": [ -118.339296, 33.807208 ] } },
{ "type": "Feature", "properties": { "country": "US", "state": "CA", "city": "La Mirada", "zip": "90638", "GID_1": "USA.5_1", "GID_2": "USA.5.19_1", "NAME_1": "California", "NAME_2": "Los Angeles", "id": 63004, "ev_dc_fast_num": 0.0, "ev_level1_evse_num": 0.0, "ev_level2_evse_num": 2.0 }, "geometry": { "type": "Point", "coordinates": [ -118.0126027, 33.9079743 ] } },
{ "type": "Feature", "properties": { "country": "US", "state": "CA", "city": "La Mirada", "zip": "90638", "GID_1": "USA.5_1", "GID_2": "USA.5.19_1", "NAME_1": "California", "NAME_2": "Los Angeles", "id": 63005, "ev_dc_fast_num": 0.0, "ev_level1_evse_num": 0.0, "ev_level2_evse_num": 2.0 }, "geometry": { "type": "Point", "coordinates": [ -118.0127395, 33.9082281 ] } },
{ "type": "Feature", "properties": { "country": "US", "state": "CA", "city": "Los Angeles", "zip": "90064", "GID_1": "USA.5_1", "GID_2": "USA.5.19_1", "NAME_1": "California", "NAME_2": "Los Angeles", "id": 63008, "ev_dc_fast_num": 0.0, "ev_level1_evse_num": 0.0, "ev_level2_evse_num": 2.0 }, "geometry": { "type": "Point", "coordinates": [ -118.4567382, 34.0327483 ] } },
{ "type": "Feature", "properties": { "country": "US", "state": "CA", "city": "Agoura", "zip": "91301", "GID_1": "USA.5_1", "GID_2": "USA.5.19_1", "NAME_1": "California", "NAME_2": "Los Angeles", "id": 63040, "ev_dc_fast_num": 0.0, "ev_level1_evse_num": 0.0, "ev_level2_evse_num": 2.0 }, "geometry": { "type": "Point", "coordinates": [ -118.7146327, 34.13744 ] } },
{ "type": "Feature", "properties": { "country": "US", "state": "CA", "city": "Alhambra ", "zip": "91803", "GID_1": "USA.5_1", "GID_2": "USA.5.19_1", "NAME_1": "California", "NAME_2": "Los Angeles", "id": 63041, "ev_dc_fast_num": 0.0, "ev_level1_evse_num": 0.0, "ev_level2_evse_num": 8.0 }, "geometry": { "type": "Point", "coordinates": [ -118.1501315, 34.0850004 ] } },
{ "type": "Feature", "properties": { "country": "US", "state": "CA", "city": "Alhambra ", "zip": "91803", "GID_1": "USA.5_1", "GID_2": "USA.5.19_1", "NAME_1": "California", "NAME_2": "Los Angeles", "id": 63042, "ev_dc_fast_num": 0.0, "ev_level1_evse_num": 0.0, "ev_level2_evse_num": 3.0 }, "geometry": { "type": "Point", "coordinates": [ -118.1524729, 34.0837359 ] } },
{ "type": "Feature", "properties": { "country": "US", "state": "CA", "city": "Castaic", "zip": "91384", "GID_1": "USA.5_1", "GID_2": "USA.5.19_1", "NAME_1": "California", "NAME_2": "Los Angeles", "id": 63043, "ev_dc_fast_num": 0.0, "ev_level1_evse_num": 0.0, "ev_level2_evse_num": 4.0 }, "geometry": { "type": "Point", "coordinates": [ -118.586761, 34.465239 ] } },
{ "type": "Feature", "properties": { "country": "US", "state": "CA", "city": "Downey ", "zip": "90242", "GID_1": "USA.5_1", "GID_2": "USA.5.19_1", "NAME_1": "California", "NAME_2": "Los Angeles", "id": 63044, "ev_dc_fast_num": 0.0, "ev_level1_evse_num": 0.0, "ev_level2_evse_num": 5.0 }, "geometry": { "type": "Point", "coordinates": [ -118.1594074, 33.9300793 ] } },
{ "type": "Feature", "properties": { "country": "US", "state": "CA", "city": "Lancaster", "zip": "93536", "GID_1": "USA.5_1", "GID_2": "USA.5.19_1", "NAME_1": "California", "NAME_2": "Los Angeles", "id": 63045, "ev_dc_fast_num": 0.0, "ev_level1_evse_num": 0.0, "ev_level2_evse_num": 3.0 }, "geometry": { "type": "Point", "coordinates": [ -118.2366472, 34.7005009 ] } },
{ "type": "Feature", "properties": { "country": "US", "state": "CA", "city": "Lancaster ", "zip": "93535", "GID_1": "USA.5_1", "GID_2": "USA.5.19_1", "NAME_1": "California", "NAME_2": "Los Angeles", "id": 63046, "ev_dc_fast_num": 0.0, "ev_level1_evse_num": 0.0, "ev_level2_evse_num": 4.0 }, "geometry": { "type": "Point", "coordinates": [ -118.12419, 34.7041203 ] } },
{ "type": "Feature", "properties": { "country": "US", "state": "CA", "city": "Los Angeles", "zip": "90012", "GID_1": "USA.5_1", "GID_2": "USA.5.19_1", "NAME_1": "California", "NAME_2": "Los Angeles", "id": 63047, "ev_dc_fast_num": 0.0, "ev_level1_evse_num": 0.0, "ev_level2_evse_num": 6.0 }, "geometry": { "type": "Point", "coordinates": [ -118.2488921, 34.0555134 ] } },
{ "type": "Feature", "properties": { "country": "US", "state": "CA", "city": "Los Angeles ", "zip": "90012", "GID_1": "USA.5_1", "GID_2": "USA.5.19_1", "NAME_1": "California", "NAME_2": "Los Angeles", "id": 63049, "ev_dc_fast_num": 0.0, "ev_level1_evse_num": 0.0, "ev_level2_evse_num": 4.0 }, "geometry": { "type": "Point", "coordinates": [ -118.2481775, 34.0565004 ] } },
{ "type": "Feature", "properties": { "country": "US", "state": "CA", "city": "Los Angeles", "zip": "90012", "GID_1": "USA.5_1", "GID_2": "USA.5.19_1", "NAME_1": "California", "NAME_2": "Los Angeles", "id": 63050, "ev_dc_fast_num": 0.0, "ev_level1_evse_num": 0.0, "ev_level2_evse_num": 3.0 }, "geometry": { "type": "Point", "coordinates": [ -118.245039, 34.05506 ] } },
{ "type": "Feature", "properties": { "country": "US", "state": "CA", "city": "Los Angeles ", "zip": "90033", "GID_1": "USA.5_1", "GID_2": "USA.5.19_1", "NAME_1": "California", "NAME_2": "Los Angeles", "id": 63056, "ev_dc_fast_num": 0.0, "ev_level1_evse_num": 0.0, "ev_level2_evse_num": 4.0 }, "geometry": { "type": "Point", "coordinates": [ -118.2125167, 34.0618828 ] } },
{ "type": "Feature", "properties": { "country": "US", "state": "CA", "city": "Los Angeles ", "zip": "90063", "GID_1": "USA.5_1", "GID_2": "USA.5.19_1", "NAME_1": "California", "NAME_2": "Los Angeles", "id": 63057, "ev_dc_fast_num": 0.0, "ev_level1_evse_num": 0.0, "ev_level2_evse_num": 4.0 }, "geometry": { "type": "Point", "coordinates": [ -118.1741545, 34.0516008 ] } },
{ "type": "Feature", "properties": { "country": "US", "state": "CA", "city": "Los Angeles ", "zip": "90063", "GID_1": "USA.5_1", "GID_2": "USA.5.19_1", "NAME_1": "California", "NAME_2": "Los Angeles", "id": 63058, "ev_dc_fast_num": 0.0, "ev_level1_evse_num": 0.0, "ev_level2_evse_num": 4.0 }, "geometry": { "type": "Point", "coordinates": [ -118.1704795, 34.0484992 ] } },
{ "type": "Feature", "properties": { "country": "US", "state": "CA", "city": "Lynwood", "zip": "90059", "GID_1": "USA.5_1", "GID_2": "USA.5.19_1", "NAME_1": "California", "NAME_2": "Los Angeles", "id": 63059, "ev_dc_fast_num": 0.0, "ev_level1_evse_num": 0.0, "ev_level2_evse_num": 2.0 }, "geometry": { "type": "Point", "coordinates": [ -118.2269043, 33.9282088 ] } },
{ "type": "Feature", "properties": { "country": "US", "state": "CA", "city": "Monterey Park", "zip": "91754", "GID_1": "USA.5_1", "GID_2": "USA.5.19_1", "NAME_1": "California", "NAME_2": "Los Angeles", "id": 63060, "ev_dc_fast_num": 0.0, "ev_level1_evse_num": 0.0, "ev_level2_evse_num": 2.0 }, "geometry": { "type": "Point", "coordinates": [ -118.1683501, 34.0595603 ] } },
{ "type": "Feature", "properties": { "country": "US", "state": "CA", "city": "Norwalk ", "zip": "90650", "GID_1": "USA.5_1", "GID_2": "USA.5.19_1", "NAME_1": "California", "NAME_2": "Los Angeles", "id": 63061, "ev_dc_fast_num": 0.0, "ev_level1_evse_num": 0.0, "ev_level2_evse_num": 3.0 }, "geometry": { "type": "Point", "coordinates": [ -118.067847, 33.9159392 ] } },
{ "type": "Feature", "properties": { "country": "US", "state": "CA", "city": "San Dimas ", "zip": "91773", "GID_1": "USA.5_1", "GID_2": "USA.5.19_1", "NAME_1": "California", "NAME_2": "Los Angeles", "id": 63062, "ev_dc_fast_num": 0.0, "ev_level1_evse_num": 0.0, "ev_level2_evse_num": 2.0 }, "geometry": { "type": "Point", "coordinates": [ -117.8020749, 34.1048341 ] } },
{ "type": "Feature", "properties": { "country": "US", "state": "CA", "city": "Santa Clarita", "zip": "91355", "GID_1": "USA.5_1", "GID_2": "USA.5.19_1", "NAME_1": "California", "NAME_2": "Los Angeles", "id": 63063, "ev_dc_fast_num": 0.0, "ev_level1_evse_num": 0.0, "ev_level2_evse_num": 2.0 }, "geometry": { "type": "Point", "coordinates": [ -118.5510359, 34.4155084 ] } },
{ "type": "Feature", "properties": { "country": "US", "state": "CA", "city": "Temple City", "zip": "91780", "GID_1": "USA.5_1", "GID_2": "USA.5.19_1", "NAME_1": "California", "NAME_2": "Los Angeles", "id": 63064, "ev_dc_fast_num": 0.0, "ev_level1_evse_num": 0.0, "ev_level2_evse_num": 2.0 }, "geometry": { "type": "Point", "coordinates": [ -118.0758157, 34.1030474 ] } },
{ "type": "Feature", "properties": { "country": "US", "state": "CA", "city": "Walnut", "zip": "91789", "GID_1": "USA.5_1", "GID_2": "USA.5.19_1", "NAME_1": "California", "NAME_2": "Los Angeles", "id": 63065, "ev_dc_fast_num": 0.0, "ev_level1_evse_num": 0.0, "ev_level2_evse_num": 2.0 }, "geometry": { "type": "Point", "coordinates": [ -117.8343212, 34.0289283 ] } },
{ "type": "Feature", "properties": { "country": "US", "state": "CA", "city": "West Hollywood ", "zip": "90069", "GID_1": "USA.5_1", "GID_2": "USA.5.19_1", "NAME_1": "California", "NAME_2": "Los Angeles", "id": 63066, "ev_dc_fast_num": 0.0, "ev_level1_evse_num": 0.0, "ev_level2_evse_num": 2.0 }, "geometry": { "type": "Point", "coordinates": [ -118.3835143, 34.0844665 ] } },
{ "type": "Feature", "properties": { "country": "US", "state": "CA", "city": "Pasadena", "zip": "91101", "GID_1": "USA.5_1", "GID_2": "USA.5.19_1", "NAME_1": "California", "NAME_2": "Los Angeles", "id": 63067, "ev_dc_fast_num": 0.0, "ev_level1_evse_num": 0.0, "ev_level2_evse_num": 2.0 }, "geometry": { "type": "Point", "coordinates": [ -118.1383589, 34.1450711 ] } },
{ "type": "Feature", "properties": { "country": "US", "state": "CA", "city": "Pasadena", "zip": "91101", "GID_1": "USA.5_1", "GID_2": "USA.5.19_1", "NAME_1": "California", "NAME_2": "Los Angeles", "id": 63068, "ev_dc_fast_num": 0.0, "ev_level1_evse_num": 0.0, "ev_level2_evse_num": 3.0 }, "geometry": { "type": "Point", "coordinates": [ -118.14673, 34.144894 ] } },
{ "type": "Feature", "properties": { "country": "US", "state": "CA", "city": "Los Angeles", "zip": "90045", "GID_1": "USA.5_1", "GID_2": "USA.5.19_1", "NAME_1": "California", "NAME_2": "Los Angeles", "id": 63081, "ev_dc_fast_num": 0.0, "ev_level1_evse_num": 0.0, "ev_level2_evse_num": 4.0 }, "geometry": { "type": "Point", "coordinates": [ -118.3933143, 33.9788358 ] } },
{ "type": "Feature", "properties": { "country": "US", "state": "CA", "city": "Los Angeles", "zip": "91303", "GID_1": "USA.5_1", "GID_2": "USA.5.19_1", "NAME_1": "California", "NAME_2": "Los Angeles", "id": 63092, "ev_dc_fast_num": 0.0, "ev_level1_evse_num": 0.0, "ev_level2_evse_num": 2.0 }, "geometry": { "type": "Point", "coordinates": [ -118.594121, 34.1915607 ] } },
{ "type": "Feature", "properties": { "country": "US", "state": "CA", "city": "Los Angeles", "zip": "90045", "GID_1": "USA.5_1", "GID_2": "USA.5.19_1", "NAME_1": "California", "NAME_2": "Los Angeles", "id": 63149, "ev_dc_fast_num": 0.0, "ev_level1_evse_num": 0.0, "ev_level2_evse_num": 4.0 }, "geometry": { "type": "Point", "coordinates": [ -118.3917296, 33.9767682 ] } },
{ "type": "Feature", "properties": { "country": "US", "state": "CA", "city": "Pasadena", "zip": "91107", "GID_1": "USA.5_1", "GID_2": "USA.5.19_1", "NAME_1": "California", "NAME_2": "Los Angeles", "id": 63168, "ev_dc_fast_num": 0.0, "ev_level1_evse_num": 0.0, "ev_level2_evse_num": 4.0 }, "geometry": { "type": "Point", "coordinates": [ -118.0796455, 34.1491739 ] } },
{ "type": "Feature", "properties": { "country": "US", "state": "CA", "city": "Los Angeles", "zip": "90012", "GID_1": "USA.5_1", "GID_2": "USA.5.19_1", "NAME_1": "California", "NAME_2": "Los Angeles", "id": 63169, "ev_dc_fast_num": 0.0, "ev_level1_evse_num": 0.0, "ev_level2_evse_num": 4.0 }, "geometry": { "type": "Point", "coordinates": [ -118.2321029, 34.0559634 ] } },
{ "type": "Feature", "properties": { "country": "US", "state": "CA", "city": "Long Beach", "zip": "90806", "GID_1": "USA.5_1", "GID_2": "USA.5.19_1", "NAME_1": "California", "NAME_2": "Los Angeles", "id": 63170, "ev_dc_fast_num": 0.0, "ev_level1_evse_num": 0.0, "ev_level2_evse_num": 4.0 }, "geometry": { "type": "Point", "coordinates": [ -118.1902102, 33.807095 ] } },
{ "type": "Feature", "properties": { "country": "US", "state": "CA", "city": "Studio City", "zip": "91604", "GID_1": "USA.5_1", "GID_2": "USA.5.19_1", "NAME_1": "California", "NAME_2": "Los Angeles", "id": 63171, "ev_dc_fast_num": 0.0, "ev_level1_evse_num": 0.0, "ev_level2_evse_num": 4.0 }, "geometry": { "type": "Point", "coordinates": [ -118.3622642, 34.1389169 ] } },
{ "type": "Feature", "properties": { "country": "US", "state": "CA", "city": "El Segundo", "zip": "90245", "GID_1": "USA.5_1", "GID_2": "USA.5.19_1", "NAME_1": "California", "NAME_2": "Los Angeles", "id": 63172, "ev_dc_fast_num": 0.0, "ev_level1_evse_num": 0.0, "ev_level2_evse_num": 4.0 }, "geometry": { "type": "Point", "coordinates": [ -118.3873972, 33.9162609 ] } },
{ "type": "Feature", "properties": { "country": "US", "state": "CA", "city": "Alhambra", "zip": "91801", "GID_1": "USA.5_1", "GID_2": "USA.5.19_1", "NAME_1": "California", "NAME_2": "Los Angeles", "id": 63184, "ev_dc_fast_num": 0.0, "ev_level1_evse_num": 0.0, "ev_level2_evse_num": 2.0 }, "geometry": { "type": "Point", "coordinates": [ -118.1352219, 34.092699 ] } },
{ "type": "Feature", "properties": { "country": "US", "state": "CA", "city": "Covina", "zip": "91723", "GID_1": "USA.5_1", "GID_2": "USA.5.19_1", "NAME_1": "California", "NAME_2": "Los Angeles", "id": 63205, "ev_dc_fast_num": 0.0, "ev_level1_evse_num": 0.0, "ev_level2_evse_num": 2.0 }, "geometry": { "type": "Point", "coordinates": [ -117.889415, 34.0804102 ] } },
{ "type": "Feature", "properties": { "country": "US", "state": "CA", "city": "South Gate", "zip": "90280", "GID_1": "USA.5_1", "GID_2": "USA.5.19_1", "NAME_1": "California", "NAME_2": "Los Angeles", "id": 63217, "ev_dc_fast_num": 0.0, "ev_level1_evse_num": 0.0, "ev_level2_evse_num": 4.0 }, "geometry": { "type": "Point", "coordinates": [ -118.1879092, 33.9524131 ] } },
{ "type": "Feature", "properties": { "country": "US", "state": "CA", "city": "Los Angeles", "zip": "90038", "GID_1": "USA.5_1", "GID_2": "USA.5.19_1", "NAME_1": "California", "NAME_2": "Los Angeles", "id": 63272, "ev_dc_fast_num": 0.0, "ev_level1_evse_num": 0.0, "ev_level2_evse_num": 2.0 }, "geometry": { "type": "Point", "coordinates": [ -118.329313, 34.088295 ] } },
{ "type": "Feature", "properties": { "country": "US", "state": "CA", "city": "Claremont", "zip": "91711", "GID_1": "USA.5_1", "GID_2": "USA.5.19_1", "NAME_1": "California", "NAME_2": "Los Angeles", "id": 63273, "ev_dc_fast_num": 0.0, "ev_level1_evse_num": 0.0, "ev_level2_evse_num": 2.0 }, "geometry": { "type": "Point", "coordinates": [ -117.72435, 34.08015 ] } },
{ "type": "Feature", "properties": { "country": "US", "state": "CA", "city": "Covina", "zip": "91723", "GID_1": "USA.5_1", "GID_2": "USA.5.19_1", "NAME_1": "California", "NAME_2": "Los Angeles", "id": 63290, "ev_dc_fast_num": 0.0, "ev_level1_evse_num": 0.0, "ev_level2_evse_num": 2.0 }, "geometry": { "type": "Point", "coordinates": [ -117.8893966, 34.0871867 ] } },
{ "type": "Feature", "properties": { "country": "US", "state": "CA", "city": "Covina", "zip": "91723", "GID_1": "USA.5_1", "GID_2": "USA.5.19_1", "NAME_1": "California", "NAME_2": "Los Angeles", "id": 63291, "ev_dc_fast_num": 0.0, "ev_level1_evse_num": 0.0, "ev_level2_evse_num": 4.0 }, "geometry": { "type": "Point", "coordinates": [ -117.891656, 34.091722 ] } },
{ "type": "Feature", "properties": { "country": "US", "state": "CA", "city": "El Segundo", "zip": "90245", "GID_1": "USA.5_1", "GID_2": "USA.5.19_1", "NAME_1": "California", "NAME_2": "Los Angeles", "id": 63328, "ev_dc_fast_num": 0.0, "ev_level1_evse_num": 0.0, "ev_level2_evse_num": 2.0 }, "geometry": { "type": "Point", "coordinates": [ -118.4028295, 33.919235 ] } },
{ "type": "Feature", "properties": { "country": "US", "state": "CA", "city": "Los Angeles", "zip": "90067", "GID_1": "USA.5_1", "GID_2": "USA.5.19_1", "NAME_1": "California", "NAME_2": "Los Angeles", "id": 63358, "ev_dc_fast_num": 0.0, "ev_level1_evse_num": 0.0, "ev_level2_evse_num": 2.0 }, "geometry": { "type": "Point", "coordinates": [ -118.4139978, 34.0543954 ] } },
{ "type": "Feature", "properties": { "country": "US", "state": "CA", "city": "Los Angeles", "zip": "90015", "GID_1": "USA.5_1", "GID_2": "USA.5.19_1", "NAME_1": "California", "NAME_2": "Los Angeles", "id": 63482, "ev_dc_fast_num": 0.0, "ev_level1_evse_num": 0.0, "ev_level2_evse_num": 4.0 }, "geometry": { "type": "Point", "coordinates": [ -118.268069, 34.044435 ] } },
{ "type": "Feature", "properties": { "country": "US", "state": "CA", "city": "North Hollywood", "zip": "91602", "GID_1": "USA.5_1", "GID_2": "USA.5.19_1", "NAME_1": "California", "NAME_2": "Los Angeles", "id": 63508, "ev_dc_fast_num": 0.0, "ev_level1_evse_num": 0.0, "ev_level2_evse_num": 1.0 }, "geometry": { "type": "Point", "coordinates": [ -118.395935, 34.187004 ] } },
{ "type": "Feature", "properties": { "country": "US", "state": "CA", "city": "Arcadia", "zip": "91007", "GID_1": "USA.5_1", "GID_2": "USA.5.19_1", "NAME_1": "California", "NAME_2": "Los Angeles", "id": 63513, "ev_dc_fast_num": 0.0, "ev_level1_evse_num": 0.0, "ev_level2_evse_num": 2.0 }, "geometry": { "type": "Point", "coordinates": [ -118.0416179, 34.1371315 ] } },
{ "type": "Feature", "properties": { "country": "US", "state": "CA", "city": "Los Angeles", "zip": "91605", "GID_1": "USA.5_1", "GID_2": "USA.5.19_1", "NAME_1": "California", "NAME_2": "Los Angeles", "id": 63556, "ev_dc_fast_num": 0.0, "ev_level1_evse_num": 0.0, "ev_level2_evse_num": 2.0 }, "geometry": { "type": "Point", "coordinates": [ -118.4192664, 34.2022525 ] } },
{ "type": "Feature", "properties": { "country": "US", "state": "CA", "city": "City of Industry", "zip": "91744", "GID_1": "USA.5_1", "GID_2": "USA.5.19_1", "NAME_1": "California", "NAME_2": "Los Angeles", "id": 63568, "ev_dc_fast_num": 0.0, "ev_level1_evse_num": 0.0, "ev_level2_evse_num": 4.0 }, "geometry": { "type": "Point", "coordinates": [ -117.9271076, 34.020493 ] } },
{ "type": "Feature", "properties": { "country": "US", "state": "CA", "city": "Los Angeles", "zip": "91367", "GID_1": "USA.5_1", "GID_2": "USA.5.19_1", "NAME_1": "California", "NAME_2": "Los Angeles", "id": 63591, "ev_dc_fast_num": 0.0, "ev_level1_evse_num": 0.0, "ev_level2_evse_num": 4.0 }, "geometry": { "type": "Point", "coordinates": [ -118.6432933, 34.1703753 ] } },
{ "type": "Feature", "properties": { "country": "US", "state": "CA", "city": "South Gate", "zip": "90280", "GID_1": "USA.5_1", "GID_2": "USA.5.19_1", "NAME_1": "California", "NAME_2": "Los Angeles", "id": 63653, "ev_dc_fast_num": 0.0, "ev_level1_evse_num": 0.0, "ev_level2_evse_num": 2.0 }, "geometry": { "type": "Point", "coordinates": [ -118.1666098, 33.9501606 ] } },
{ "type": "Feature", "properties": { "country": "US", "state": "CA", "city": "Santa Monica", "zip": "90404", "GID_1": "USA.5_1", "GID_2": "USA.5.19_1", "NAME_1": "California", "NAME_2": "Los Angeles", "id": 63684, "ev_dc_fast_num": 0.0, "ev_level1_evse_num": 0.0, "ev_level2_evse_num": 2.0 }, "geometry": { "type": "Point", "coordinates": [ -118.47324, 34.027125 ] } },
{ "type": "Feature", "properties": { "country": "US", "state": "CA", "city": "Marina Del Rey", "zip": "90292", "GID_1": "USA.5_1", "GID_2": "USA.5.19_1", "NAME_1": "California", "NAME_2": "Los Angeles", "id": 63685, "ev_dc_fast_num": 0.0, "ev_level1_evse_num": 0.0, "ev_level2_evse_num": 2.0 }, "geometry": { "type": "Point", "coordinates": [ -118.443406, 33.984527 ] } },
{ "type": "Feature", "properties": { "country": "US", "state": "CA", "city": "Los Angeles", "zip": "90067", "GID_1": "USA.5_1", "GID_2": "USA.5.19_1", "NAME_1": "California", "NAME_2": "Los Angeles", "id": 63687, "ev_dc_fast_num": 0.0, "ev_level1_evse_num": 0.0, "ev_level2_evse_num": 3.0 }, "geometry": { "type": "Point", "coordinates": [ -118.415, 34.062703 ] } },
{ "type": "Feature", "properties": { "country": "US", "state": "CA", "city": "Marina Del Rey", "zip": "90292", "GID_1": "USA.5_1", "GID_2": "USA.5.19_1", "NAME_1": "California", "NAME_2": "Los Angeles", "id": 63734, "ev_dc_fast_num": 0.0, "ev_level1_evse_num": 0.0, "ev_level2_evse_num": 2.0 }, "geometry": { "type": "Point", "coordinates": [ -118.4426046, 33.9778728 ] } },
{ "type": "Feature", "properties": { "country": "US", "state": "CA", "city": "Commerce", "zip": "90022", "GID_1": "USA.5_1", "GID_2": "USA.5.19_1", "NAME_1": "California", "NAME_2": "Los Angeles", "id": 63735, "ev_dc_fast_num": 0.0, "ev_level1_evse_num": 0.0, "ev_level2_evse_num": 4.0 }, "geometry": { "type": "Point", "coordinates": [ -118.152745, 34.010577 ] } },
{ "type": "Feature", "properties": { "country": "US", "state": "CA", "city": "Torrance", "zip": "90502", "GID_1": "USA.5_1", "GID_2": "USA.5.19_1", "NAME_1": "California", "NAME_2": "Los Angeles", "id": 63736, "ev_dc_fast_num": 0.0, "ev_level1_evse_num": 0.0, "ev_level2_evse_num": 4.0 }, "geometry": { "type": "Point", "coordinates": [ -118.2921913, 33.8306842 ] } },
{ "type": "Feature", "properties": { "country": "US", "state": "CA", "city": "Los Angeles ", "zip": "90059", "GID_1": "USA.5_1", "GID_2": "USA.5.19_1", "NAME_1": "California", "NAME_2": "Los Angeles", "id": 63737, "ev_dc_fast_num": 0.0, "ev_level1_evse_num": 0.0, "ev_level2_evse_num": 2.0 }, "geometry": { "type": "Point", "coordinates": [ -118.2453866, 33.9239215 ] } },
{ "type": "Feature", "properties": { "country": "US", "state": "CA", "city": "Sylmar", "zip": "91342", "GID_1": "USA.5_1", "GID_2": "USA.5.19_1", "NAME_1": "California", "NAME_2": "Los Angeles", "id": 63738, "ev_dc_fast_num": 0.0, "ev_level1_evse_num": 0.0, "ev_level2_evse_num": 4.0 }, "geometry": { "type": "Point", "coordinates": [ -118.4457761, 34.3257084 ] } },
{ "type": "Feature", "properties": { "country": "US", "state": "CA", "city": "Downey", "zip": "90242", "GID_1": "USA.5_1", "GID_2": "USA.5.19_1", "NAME_1": "California", "NAME_2": "Los Angeles", "id": 63739, "ev_dc_fast_num": 0.0, "ev_level1_evse_num": 0.0, "ev_level2_evse_num": 2.0 }, "geometry": { "type": "Point", "coordinates": [ -118.1322274, 33.9164736 ] } },
{ "type": "Feature", "properties": { "country": "US", "state": "CA", "city": "Los Angeles", "zip": "90012", "GID_1": "USA.5_1", "GID_2": "USA.5.19_1", "NAME_1": "California", "NAME_2": "Los Angeles", "id": 64089, "ev_dc_fast_num": 0.0, "ev_level1_evse_num": 0.0, "ev_level2_evse_num": 10.0 }, "geometry": { "type": "Point", "coordinates": [ -118.2494233, 34.06586 ] } },
{ "type": "Feature", "properties": { "country": "US", "state": "CA", "city": "Palmdale", "zip": "93551", "GID_1": "USA.5_1", "GID_2": "USA.5.19_1", "NAME_1": "California", "NAME_2": "Los Angeles", "id": 64113, "ev_dc_fast_num": 0.0, "ev_level1_evse_num": 0.0, "ev_level2_evse_num": 2.0 }, "geometry": { "type": "Point", "coordinates": [ -118.1356165, 34.5923027 ] } },
{ "type": "Feature", "properties": { "country": "US", "state": "CA", "city": "Los Angeles", "zip": "90007", "GID_1": "USA.5_1", "GID_2": "USA.5.19_1", "NAME_1": "California", "NAME_2": "Los Angeles", "id": 64152, "ev_dc_fast_num": 0.0, "ev_level1_evse_num": 0.0, "ev_level2_evse_num": 2.0 }, "geometry": { "type": "Point", "coordinates": [ -118.2718876, 34.0335868 ] } },
{ "type": "Feature", "properties": { "country": "US", "state": "CA", "city": "Hawthorne", "zip": "90250", "GID_1": "USA.5_1", "GID_2": "USA.5.19_1", "NAME_1": "California", "NAME_2": "Los Angeles", "id": 64188, "ev_dc_fast_num": 0.0, "ev_level1_evse_num": 0.0, "ev_level2_evse_num": 2.0 }, "geometry": { "type": "Point", "coordinates": [ -118.3706832, 33.8967833 ] } },
{ "type": "Feature", "properties": { "country": "US", "state": "CA", "city": "Los Angeles", "zip": "91364", "GID_1": "USA.5_1", "GID_2": "USA.5.19_1", "NAME_1": "California", "NAME_2": "Los Angeles", "id": 64247, "ev_dc_fast_num": 0.0, "ev_level1_evse_num": 0.0, "ev_level2_evse_num": 2.0 }, "geometry": { "type": "Point", "coordinates": [ -118.593759, 34.1675311 ] } },
{ "type": "Feature", "properties": { "country": "US", "state": "CA", "city": "El Segundo", "zip": "90245", "GID_1": "USA.5_1", "GID_2": "USA.5.19_1", "NAME_1": "California", "NAME_2": "Los Angeles", "id": 64371, "ev_dc_fast_num": 0.0, "ev_level1_evse_num": 0.0, "ev_level2_evse_num": 3.0 }, "geometry": { "type": "Point", "coordinates": [ -118.3866986, 33.9052194 ] } },
{ "type": "Feature", "properties": { "country": "US", "state": "CA", "city": "El Segundo", "zip": "90245", "GID_1": "USA.5_1", "GID_2": "USA.5.19_1", "NAME_1": "California", "NAME_2": "Los Angeles", "id": 64372, "ev_dc_fast_num": 0.0, "ev_level1_evse_num": 0.0, "ev_level2_evse_num": 2.0 }, "geometry": { "type": "Point", "coordinates": [ -118.3866235, 33.9055032 ] } },
{ "type": "Feature", "properties": { "country": "US", "state": "CA", "city": "El Segundo", "zip": "90245", "GID_1": "USA.5_1", "GID_2": "USA.5.19_1", "NAME_1": "California", "NAME_2": "Los Angeles", "id": 64378, "ev_dc_fast_num": 0.0, "ev_level1_evse_num": 0.0, "ev_level2_evse_num": 2.0 }, "geometry": { "type": "Point", "coordinates": [ -118.386285, 33.9041918 ] } },
{ "type": "Feature", "properties": { "country": "US", "state": "CA", "city": "El Segundo", "zip": "90245", "GID_1": "USA.5_1", "GID_2": "USA.5.19_1", "NAME_1": "California", "NAME_2": "Los Angeles", "id": 64442, "ev_dc_fast_num": 0.0, "ev_level1_evse_num": 0.0, "ev_level2_evse_num": 2.0 }, "geometry": { "type": "Point", "coordinates": [ -118.3855286, 33.9042007 ] } },
{ "type": "Feature", "properties": { "country": "US", "state": "CA", "city": "Woodland Hills", "zip": "91364", "GID_1": "USA.5_1", "GID_2": "USA.5.19_1", "NAME_1": "California", "NAME_2": "Los Angeles", "id": 64487, "ev_dc_fast_num": 0.0, "ev_level1_evse_num": 0.0, "ev_level2_evse_num": 2.0 }, "geometry": { "type": "Point", "coordinates": [ -118.633389, 34.155972 ] } },
{ "type": "Feature", "properties": { "country": "US", "state": "CA", "city": "Granada Hills", "zip": "91344", "GID_1": "USA.5_1", "GID_2": "USA.5.19_1", "NAME_1": "California", "NAME_2": "Los Angeles", "id": 64491, "ev_dc_fast_num": 0.0, "ev_level1_evse_num": 0.0, "ev_level2_evse_num": 2.0 }, "geometry": { "type": "Point", "coordinates": [ -118.524472, 34.265556 ] } },
{ "type": "Feature", "properties": { "country": "US", "state": "CA", "city": "Long Beach", "zip": "90810", "GID_1": "USA.5_1", "GID_2": "USA.5.19_1", "NAME_1": "California", "NAME_2": "Los Angeles", "id": 64506, "ev_dc_fast_num": 0.0, "ev_level1_evse_num": 0.0, "ev_level2_evse_num": 4.0 }, "geometry": { "type": "Point", "coordinates": [ -118.2125903, 33.828613 ] } },
{ "type": "Feature", "properties": { "country": "US", "state": "CA", "city": "Los Angeles", "zip": "90036", "GID_1": "USA.5_1", "GID_2": "USA.5.19_1", "NAME_1": "California", "NAME_2": "Los Angeles", "id": 64530, "ev_dc_fast_num": 0.0, "ev_level1_evse_num": 0.0, "ev_level2_evse_num": 4.0 }, "geometry": { "type": "Point", "coordinates": [ -118.3539255, 34.0626789 ] } },
{ "type": "Feature", "properties": { "country": "US", "state": "CA", "city": "Los Angeles", "zip": "90068", "GID_1": "USA.5_1", "GID_2": "USA.5.19_1", "NAME_1": "California", "NAME_2": "Los Angeles", "id": 64616, "ev_dc_fast_num": 1.0, "ev_level1_evse_num": 0.0, "ev_level2_evse_num": 0.0 }, "geometry": { "type": "Point", "coordinates": [ -118.356208, 34.133192 ] } },
{ "type": "Feature", "properties": { "country": "US", "state": "CA", "city": "Hawthorne", "zip": "90250", "GID_1": "USA.5_1", "GID_2": "USA.5.19_1", "NAME_1": "California", "NAME_2": "Los Angeles", "id": 64624, "ev_dc_fast_num": 1.0, "ev_level1_evse_num": 0.0, "ev_level2_evse_num": 0.0 }, "geometry": { "type": "Point", "coordinates": [ -118.371802, 33.899317 ] } },
{ "type": "Feature", "properties": { "country": "US", "state": "CA", "city": "Glendale", "zip": "91204", "GID_1": "USA.5_1", "GID_2": "USA.5.19_1", "NAME_1": "California", "NAME_2": "Los Angeles", "id": 64627, "ev_dc_fast_num": 1.0, "ev_level1_evse_num": 0.0, "ev_level2_evse_num": 0.0 }, "geometry": { "type": "Point", "coordinates": [ -118.255344, 34.136941 ] } },
{ "type": "Feature", "properties": { "country": "US", "state": "CA", "city": "Pasadena", "zip": "91101", "GID_1": "USA.5_1", "GID_2": "USA.5.19_1", "NAME_1": "California", "NAME_2": "Los Angeles", "id": 64696, "ev_dc_fast_num": 0.0, "ev_level1_evse_num": 0.0, "ev_level2_evse_num": 2.0 }, "geometry": { "type": "Point", "coordinates": [ -118.1319739, 34.1442826 ] } },
{ "type": "Feature", "properties": { "country": "US", "state": "CA", "city": "Los Angeles", "zip": "90064", "GID_1": "USA.5_1", "GID_2": "USA.5.19_1", "NAME_1": "California", "NAME_2": "Los Angeles", "id": 64750, "ev_dc_fast_num": 0.0, "ev_level1_evse_num": 0.0, "ev_level2_evse_num": 2.0 }, "geometry": { "type": "Point", "coordinates": [ -118.4184068, 34.0325958 ] } },
{ "type": "Feature", "properties": { "country": "US", "state": "CA", "city": "Los Angeles", "zip": "90034", "GID_1": "USA.5_1", "GID_2": "USA.5.19_1", "NAME_1": "California", "NAME_2": "Los Angeles", "id": 64773, "ev_dc_fast_num": 0.0, "ev_level1_evse_num": 0.0, "ev_level2_evse_num": 1.0 }, "geometry": { "type": "Point", "coordinates": [ -118.378848, 34.033635 ] } },
{ "type": "Feature", "properties": { "country": "US", "state": "CA", "city": "Los Angeles", "zip": "90001", "GID_1": "USA.5_1", "GID_2": "USA.5.19_1", "NAME_1": "California", "NAME_2": "Los Angeles", "id": 64774, "ev_dc_fast_num": 0.0, "ev_level1_evse_num": 0.0, "ev_level2_evse_num": 1.0 }, "geometry": { "type": "Point", "coordinates": [ -118.256827, 33.985116 ] } },
{ "type": "Feature", "properties": { "country": "US", "state": "CA", "city": "Los Angeles", "zip": "90039", "GID_1": "USA.5_1", "GID_2": "USA.5.19_1", "NAME_1": "California", "NAME_2": "Los Angeles", "id": 64776, "ev_dc_fast_num": 0.0, "ev_level1_evse_num": 0.0, "ev_level2_evse_num": 1.0 }, "geometry": { "type": "Point", "coordinates": [ -118.246578, 34.110475 ] } },
{ "type": "Feature", "properties": { "country": "US", "state": "CA", "city": "Los Angeles", "zip": "90039", "GID_1": "USA.5_1", "GID_2": "USA.5.19_1", "NAME_1": "California", "NAME_2": "Los Angeles", "id": 64777, "ev_dc_fast_num": 0.0, "ev_level1_evse_num": 0.0, "ev_level2_evse_num": 1.0 }, "geometry": { "type": "Point", "coordinates": [ -118.292718, 34.095187 ] } },
{ "type": "Feature", "properties": { "country": "US", "state": "CA", "city": "Los Angeles", "zip": "90028", "GID_1": "USA.5_1", "GID_2": "USA.5.19_1", "NAME_1": "California", "NAME_2": "Los Angeles", "id": 64778, "ev_dc_fast_num": 0.0, "ev_level1_evse_num": 0.0, "ev_level2_evse_num": 1.0 }, "geometry": { "type": "Point", "coordinates": [ -118.326458, 34.1049 ] } },
{ "type": "Feature", "properties": { "country": "US", "state": "CA", "city": "Claremont", "zip": "91711", "GID_1": "USA.5_1", "GID_2": "USA.5.19_1", "NAME_1": "California", "NAME_2": "Los Angeles", "id": 64925, "ev_dc_fast_num": 0.0, "ev_level1_evse_num": 0.0, "ev_level2_evse_num": 2.0 }, "geometry": { "type": "Point", "coordinates": [ -117.714108, 34.11109 ] } },
{ "type": "Feature", "properties": { "country": "US", "state": "CA", "city": "Glendale", "zip": "91203", "GID_1": "USA.5_1", "GID_2": "USA.5.19_1", "NAME_1": "California", "NAME_2": "Los Angeles", "id": 64941, "ev_dc_fast_num": 0.0, "ev_level1_evse_num": 0.0, "ev_level2_evse_num": 2.0 }, "geometry": { "type": "Point", "coordinates": [ -118.2588571, 34.155619 ] } },
{ "type": "Feature", "properties": { "country": "US", "state": "CA", "city": "City of Industry", "zip": "91745", "GID_1": "USA.5_1", "GID_2": "USA.5.19_1", "NAME_1": "California", "NAME_2": "Los Angeles", "id": 64945, "ev_dc_fast_num": 0.0, "ev_level1_evse_num": 0.0, "ev_level2_evse_num": 2.0 }, "geometry": { "type": "Point", "coordinates": [ -117.9338889, 33.9985556 ] } }
]
}
